Workbook

Sheet Sensitivity
B1: =Class_0!B1 -> Mixed_6b.branch7x7dbl_4.conv | C1: =Class_0!C1 -> Mixed_6c.branch1x1.conv | D1: =Class_0!D1 -> Mixed_6c.branch7x7_2.conv | E1: =Class_0!E1 -> Mixed_6c.branch7x7_3.conv | F1: =Class_0!F1 -> Mixed_6c.branch7x7dbl_1.conv | G1: =Class_0!G1 -> Mixed_6c.branch7x7dbl_2.conv | H1: =Class_0!H1 -> Mixed_6c.branch_pool.conv | I1: =Class_0!I1 -> Mixed_6d.branch7x7dbl_1.conv | ... U1: =Class_0!U1 -> Mixed_7b.branch3x3dbl_2.conv
A2: Deer | B2: =Class_0!B21 -> 0.084114754 | C2: =Class_0!C21 -> 0.12925728 | D2: =Class_0!D21 -> 0.0077467542 | E2: =Class_0!E21 -> 0.029806793 | F2: =Class_0!F21 -> -0.034109829 | G2: =Class_0!G21 -> -0.089616929 | H2: =Class_0!H21 -> -0.022295306 | I2: =Class_0!I21 -> -0.011515966 | ... U2: =Class_0!U21 -> 1
A3: Horse | B3: =Class_1!B21 -> 0.062741487 | C3: =Class_1!C21 -> 0.094001108 | D3: =Class_1!D21 -> -0.0060666914 | E3: =Class_1!E21 -> 0.014133562 | F3: =Class_1!F21 -> 0.06883028 | G3: =Class_1!G21 -> 0.10933607 | H3: =Class_1!H21 -> 0.018362098 | I3: =Class_1!I21 -> 0.054648951 | ... U3: =Class_1!U21 -> 1
A4: Zebra | B4: =Class_2!B21 -> -0.060121756 | C4: =Class_2!C21 -> 0.12969595 | D4: =Class_2!D21 -> -0.0080066809 | E4: =Class_2!E21 -> -0.014731557 | F4: =Class_2!F21 -> 0.041037283 | G4: =Class_2!G21 -> 0.0012923175 | H4: =Class_2!H21 -> -0.1434358 | I4: =Class_2!I21 -> -0.091505694 | ... U4: =Class_2!U21 -> 1
A6: Overall corelation | B6: =MIN(B2:B4) -> -0.060121756 | C6: =MIN(C2:C4) -> 0.094001108 | D6: =MIN(D2:D4) -> -0.0080066809 | E6: =MIN(E2:E4) -> -0.014731557 | F6: =MIN(F2:F4) -> -0.034109829 | G6: =MIN(G2:G4) -> -0.089616929 | H6: =MIN(H2:H4) -> -0.1434358 | I6: =MIN(I2:I4) -> -0.091505694 | ... R6: =MIN(R2:R4) -> -0.022483203
A7: Affects 3 classes | B7: =IF(AND(B2>0,B3>0,B4>0),TRUE,FALSE) -> FALSE | C7: =IF(AND(C2>0,C3>0,C4>0),TRUE,FALSE) -> TRUE | D7: =IF(AND(D2>0,D3>0,D4>0),TRUE,FALSE) -> FALSE | E7: =IF(AND(E2>0,E3>0,E4>0),TRUE,FALSE) -> FALSE | F7: =IF(AND(F2>0,F3>0,F4>0),TRUE,FALSE) -> FALSE | G7: =IF(AND(G2>0,G3>0,G4>0),TRUE,FALSE) -> FALSE | H7: =IF(AND(H2>0,H3>0,H4>0),TRUE,FALSE) -> FALSE | I7: =IF(AND(I2>0,I3>0,I4>0),TRUE,FALSE) -> FALSE | ... T7: =IF(AND(T2>0,T3>0,T4>0),TRUE,FALSE) -> TRUE
A9: Affects 2 classes | B9: =IF(OR(AND(B2>0,B3>0), AND(B2>0,B4>0), AND(B3>0,B4>0)), TRUE, FALSE) -> TRUE | C9: =IF(OR(AND(C2>0,C3>0), AND(C2>0,C4>0), AND(C3>0,C4>0)), TRUE, FALSE) -> TRUE | D9: =IF(OR(AND(D2>0,D3>0), AND(D2>0,D4>0), AND(D3>0,D4>0)), TRUE, FALSE) -> FALSE | E9: =IF(OR(AND(E2>0,E3>0), AND(E2>0,E4>0), AND(E3>0,E4>0)), TRUE, FALSE) -> TRUE | F9: =IF(OR(AND(F2>0,F3>0), AND(F2>0,F4>0), AND(F3>0,F4>0)), TRUE, FALSE) -> TRUE | G9: =IF(OR(AND(G2>0,G3>0), AND(G2>0,G4>0), AND(G3>0,G4>0)), TRUE, FALSE) -> TRUE | H9: =IF(OR(AND(H2>0,H3>0), AND(H2>0,H4>0), AND(H3>0,H4>0)), TRUE, FALSE) -> FALSE | I9: =IF(OR(AND(I2>0,I3>0), AND(I2>0,I4>0), AND(I3>0,I4>0)), TRUE, FALSE) -> FALSE | ... T9: =IF(OR(AND(T2>0,T3>0), AND(T2>0,T4>0), AND(T3>0,T4>0)), TRUE, FALSE) -> TRUE

Sheet Class_0
B1: Mixed_6b.branch7x7dbl_4.conv | C1: Mixed_6c.branch1x1.conv | D1: Mixed_6c.branch7x7_2.conv | E1: Mixed_6c.branch7x7_3.conv | F1: Mixed_6c.branch7x7dbl_1.conv | G1: Mixed_6c.branch7x7dbl_2.conv | H1: Mixed_6c.branch_pool.conv | I1: Mixed_6d.branch7x7dbl_1.conv | J1: Mixed_6d.branch7x7dbl_2.conv | K1: Mixed_6d.branch7x7dbl_4.conv | L1: Mixed_6e.branch1x1.conv | M1: Mixed_6e.branch7x7_1.conv | N1: Mixed_6e.branch7x7_2.conv | O1: Mixed_6e.branch7x7dbl_2.conv | P1: Mixed_6e.branch7x7dbl_5.conv | Q1: Mixed_7a.branch3x3_2.conv | R1: Mixed_7a.branch7x7x3_1.conv | S1: Mixed_7b.branch3x3_1.conv | T1: Mixed_7b.branch3x3dbl_1.conv | U1: Mixed_7b.branch3x3dbl_2.conv
A2: Mixed_6b.branch7x7dbl_4.conv | B2: 1 | C2: 0.2356496 | D2: 0.12519472 | E2: 0.10427996 | F2: 0.16404128 | G2: 0.060854226 | H2: 0.22916109 | I2: 0.19930865 | J2: 0.15982451 | K2: 0.20930822 | L2: 0.18235474 | M2: 0.16767355 | N2: 0.19259176 | O2: 0.030423861 | P2: -0.021268173 | Q2: -0.011426524 | R2: 0.12318489 | S2: -0.015551656 | T2: 0.10345686 | U2: 0.084114754
A3: Mixed_6c.branch1x1.conv | B3: 0.2356496 | C3: 1 | D3: 0.11521345 | E3: -0.0057429479 | F3: -0.036454053 | G3: 0.023053584 | H3: 0.10063731 | I3: 0.18857598 | J3: 0.11936368 | K3: 0.15660666 | L3: 0.26344124 | M3: 0.24621107 | N3: 0.1972681 | O3: 0.12570871 | P3: 0.11016006 | Q3: 0.044736353 | R3: 0.075503851 | S3: 0.12074159 | T3: 0.13816983 | U3: 0.12925728
A4: Mixed_6c.branch7x7_2.conv | B4: 0.12519472 | C4: 0.11521345 | D4: 1 | E4: 0.4836362 | F4: 0.068659647 | G4: 0.042043513 | H4: 0.046940275 | I4: 0.22786005 | J4: 0.14946822 | K4: 0.15960293 | L4: 0.053423495 | M4: 0.13410822 | N4: 0.18882636 | O4: 0.013538894 | P4: -0.0043850988 | Q4: 0.078776032 | R4: 0.12514381 | S4: 0.021534685 | T4: -0.0060428818 | U4: 0.0077467542
A5: Mixed_6c.branch7x7_3.conv | B5: 0.10427996 | C5: -0.0057429479 | D5: 0.4836362 | E5: 1 | F5: 0.10741003 | G5: 0.097625297 | H5: 0.0035223038 | I5: 0.21829757 | J5: 0.076676234 | K5: 0.10420401 | L5: 0.021209179 | M5: 0.084888559 | N5: 0.09376937 | O5: 0.045648308 | P5: -0.024321603 | Q5: 0.083140189 | R5: 0.1224635 | S5: -0.011134259 | T5: -0.021682339 | U5: 0.029806793
A6: Mixed_6c.branch7x7dbl_1.conv | B6: 0.16404128 | C6: -0.036454053 | D6: 0.068659647 | E6: 0.10741003 | F6: 1 | G6: 0.60360826 | H6: 0.034134805 | I6: 0.13102544 | J6: 0.10284329 | K6: 0.1122266 | L6: 0.070389061 | M6: 0.052400796 | N6: -0.022154989 | O6: 0.017117464 | P6: -0.097421929 | Q6: 0.034606524 | R6: 0.067067806 | S6: -0.015145082 | T6: -0.042747115 | U6: -0.034109829
A7: Mixed_6c.branch7x7dbl_2.conv | B7: 0.060854226 | C7: 0.023053584 | D7: 0.042043513 | E7: 0.097625297 | F7: 0.60360826 | G7: 1 | H7: -0.047997467 | I7: 0.17519944 | J7: 0.12427285 | K7: 0.14622901 | L7: 0.012512901 | M7: -0.0095365942 | N7: -0.11899096 | O7: 0.046694266 | P7: 0.0015985955 | Q7: -0.0070808854 | R7: 0.025858666 | S7: -0.0015058973 | T7: -0.01544598 | U7: -0.089616929
A8: Mixed_6c.branch_pool.conv | B8: 0.22916109 | C8: 0.10063731 | D8: 0.046940275 | E8: 0.0035223038 | F8: 0.034134805 | G8: -0.047997467 | H8: 1 | I8: 0.21889501 | J8: 0.15775998 | K8: 0.091660673 | L8: 0.11624452 | M8: 0.11222529 | N8: 0.074624913 | O8: -0.027672325 | P8: 0.018684706 | Q8: 0.0080672179 | R8: 0.12416191 | S8: -0.10119611 | T8: 0.053106976 | U8: -0.022295306
A9: Mixed_6d.branch7x7dbl_1.conv | B9: 0.19930865 | C9: 0.18857598 | D9: 0.22786005 | E9: 0.21829757 | F9: 0.13102544 | G9: 0.17519944 | H9: 0.21889501 | I9: 1 | J9: 0.64000398 | K9: 0.46520303 | L9: 0.12903632 | M9: 0.16356149 | N9: 0.20254824 | O9: 0.050886119 | P9: 0.029964004 | Q9: 0.073960486 | R9: 0.19751202 | S9: 0.023831865 | T9: 0.029003437 | U9: -0.011515966
A10: Mixed_6d.branch7x7dbl_2.conv | B10: 0.15982451 | C10: 0.11936368 | D10: 0.14946822 | E10: 0.076676234 | F10: 0.10284329 | G10: 0.12427285 | H10: 0.15775998 | I10: 0.64000398 | J10: 1 | K10: 0.50910433 | L10: 0.054103153 | M10: 0.13121694 | N10: 0.19499742 | O10: -0.021040372 | P10: 0.014187442 | Q10: -0.014677921 | R10: 0.10866323 | S10: 0.026997901 | T10: 0.030789688 | U10: -0.008636263
A11: Mixed_6d.branch7x7dbl_4.conv | B11: 0.20930822 | C11: 0.15660666 | D11: 0.15960293 | E11: 0.10420401 | F11: 0.1122266 | G11: 0.14622901 | H11: 0.091660673 | I11: 0.46520303 | J11: 0.50910433 | K11: 1 | L11: 0.15034349 | M11: 0.25478294 | N11: 0.33234301 | O11: 0.12812565 | P11: 0.034835146 | Q11: 0.061728251 | R11: 0.23212127 | S11: 0.10279036 | T11: 0.11210644 | U11: 0.11502823
A12: Mixed_6e.branch1x1.conv | B12: 0.18235474 | C12: 0.26344124 | D12: 0.053423495 | E12: 0.021209179 | F12: 0.070389061 | G12: 0.012512901 | H12: 0.11624452 | I12: 0.12903632 | J12: 0.054103153 | K12: 0.15034349 | L12: 1 | M12: 0.17734951 | N12: 0.13345135 | O12: 0.14339126 | P12: 0.019295723 | Q12: 0.19927306 | R12: 0.38486041 | S12: 0.15685052 | T12: 0.13756241 | U12: 0.21228293
A13: Mixed_6e.branch7x7_1.conv | B13: 0.16767355 | C13: 0.24621107 | D13: 0.13410822 | E13: 0.084888559 | F13: 0.052400796 | G13: -0.0095365942 | H13: 0.11222529 | I13: 0.16356149 | J13: 0.13121694 | K13: 0.25478294 | L13: 0.17734951 | M13: 1 | N13: 0.50297065 | O13: 0.040600001 | P13: 0.0090766618 | Q13: 0.02677886 | R13: 0.29850162 | S13: 0.036621348 | T13: 0.11823532 | U13: 0.15168895
... A21: Mixed_7b.branch3x3dbl_2.conv | B21: 0.084114754 | C21: 0.12925728 | D21: 0.0077467542 | E21: 0.029806793 | F21: -0.034109829 | G21: -0.089616929 | H21: -0.022295306 | I21: -0.011515966 | J21: -0.008636263 | K21: 0.11502823 | L21: 0.21228293 | M21: 0.15168895 | N21: 0.20675539 | O21: 0.12827851 | P21: 0.020368678 | Q21: 0.094475795 | R21: 0.057430247 | S21: 0.11099343 | T21: 0.54170201 | U21: 1

Sheet Class_1
B1: Mixed_6b.branch7x7dbl_4.conv | C1: Mixed_6c.branch1x1.conv | D1: Mixed_6c.branch7x7_2.conv | E1: Mixed_6c.branch7x7_3.conv | F1: Mixed_6c.branch7x7dbl_1.conv | G1: Mixed_6c.branch7x7dbl_2.conv | H1: Mixed_6c.branch_pool.conv | I1: Mixed_6d.branch7x7dbl_1.conv | J1: Mixed_6d.branch7x7dbl_2.conv | K1: Mixed_6d.branch7x7dbl_4.conv | L1: Mixed_6e.branch1x1.conv | M1: Mixed_6e.branch7x7_1.conv | N1: Mixed_6e.branch7x7_2.conv | O1: Mixed_6e.branch7x7dbl_2.conv | P1: Mixed_6e.branch7x7dbl_5.conv | Q1: Mixed_7a.branch3x3_2.conv | R1: Mixed_7a.branch7x7x3_1.conv | S1: Mixed_7b.branch3x3_1.conv | T1: Mixed_7b.branch3x3dbl_1.conv | U1: Mixed_7b.branch3x3dbl_2.conv
A2: Mixed_6b.branch7x7dbl_4.conv | B2: 1 | C2: 0.25237978 | D2: 0.084801786 | E2: 0.058466242 | F2: 0.17811049 | G2: 0.14098614 | H2: 0.12867559 | I2: 0.26907238 | J2: 0.24325496 | K2: 0.23456871 | L2: 0.11155505 | M2: 0.086541198 | N2: 0.10733873 | O2: 0.11516565 | P2: 0.093767019 | Q2: 0.0077217099 | R2: 0.2023998 | S2: -0.10085885 | T2: 0.19732993 | U2: 0.062741487
A3: Mixed_6c.branch1x1.conv | B3: 0.25237978 | C3: 1 | D3: 0.1228806 | E3: 0.026733954 | F3: 0.036200748 | G3: 0.025971871 | H3: 0.1028691 | I3: 0.30751763 | J3: 0.20873712 | K3: 0.17251821 | L3: 0.17136692 | M3: 0.26913719 | N3: 0.2026323 | O3: 0.11025543 | P3: 0.16384417 | Q3: 0.06420797 | R3: 0.1937064 | S3: -0.048091734 | T3: 0.18555501 | U3: 0.094001108
A4: Mixed_6c.branch7x7_2.conv | B4: 0.084801786 | C4: 0.1228806 | D4: 1 | E4: 0.42530807 | F4: 0.11285873 | G4: 0.085127748 | H4: -0.059275936 | I4: 0.12163036 | J4: 0.092488064 | K4: 0.10454528 | L4: 0.0065884927 | M4: 0.049612109 | N4: -0.057420618 | O4: 0.094748427 | P4: -0.049283268 | Q4: 0.00039559539 | R4: 0.10635356 | S4: -0.010714785 | T4: -0.066473571 | U4: -0.0060666914
A5: Mixed_6c.branch7x7_3.conv | B5: 0.058466242 | C5: 0.026733954 | D5: 0.42530807 | E5: 1 | F5: 0.16616252 | G5: 0.12381443 | H5: -0.0076728217 | I5: 0.19323066 | J5: 0.13142688 | K5: 0.16489199 | L5: 0.11771617 | M5: 0.086202627 | N5: -0.048090324 | O5: 0.010022472 | P5: -0.077392886 | Q5: 0.0057246236 | R5: 0.15918295 | S5: -0.013007627 | T5: -0.058283391 | U5: 0.014133562
A6: Mixed_6c.branch7x7dbl_1.conv | B6: 0.17811049 | C6: 0.036200748 | D6: 0.11285873 | E6: 0.16616252 | F6: 1 | G6: 0.69574231 | H6: 0.011830458 | I6: 0.2199572 | J6: 0.15773121 | K6: 0.16687277 | L6: 0.044501539 | M6: 0.045301117 | N6: 0.040618199 | O6: 0.033632816 | P6: 0.032395443 | Q6: -0.059208355 | R6: 0.048601949 | S6: -0.064218846 | T6: 0.024681371 | U6: 0.06883028
A7: Mixed_6c.branch7x7dbl_2.conv | B7: 0.14098614 | C7: 0.025971871 | D7: 0.085127748 | E7: 0.12381443 | F7: 0.69574231 | G7: 1 | H7: 0.0067611884 | I7: 0.24781148 | J7: 0.15352838 | K7: 0.11028833 | L7: 0.040756774 | M7: 0.072042086 | N7: 0.1259373 | O7: -0.014470685 | P7: 0.075934455 | Q7: -0.046992394 | R7: 0.048750676 | S7: -0.010471438 | T7: 0.069165915 | U7: 0.10933607
A8: Mixed_6c.branch_pool.conv | B8: 0.12867559 | C8: 0.1028691 | D8: -0.059275936 | E8: -0.0076728217 | F8: 0.011830458 | G8: 0.0067611884 | H8: 1 | I8: 0.18629427 | J8: 0.19915504 | K8: 0.061422315 | L8: 0.14524382 | M8: 0.057306956 | N8: 0.050604978 | O8: 0.10327864 | P8: 0.081016515 | Q8: -0.0046823634 | R8: 0.014127434 | S8: -0.053322624 | T8: 0.10827935 | U8: 0.018362098
A9: Mixed_6d.branch7x7dbl_1.conv | B9: 0.26907238 | C9: 0.30751763 | D9: 0.12163036 | E9: 0.19323066 | F9: 0.2199572 | G9: 0.24781148 | H9: 0.18629427 | I9: 1 | J9: 0.59017366 | K9: 0.34887792 | L9: 0.043883404 | M9: 0.14524286 | N9: 0.080911675 | O9: 0.05255596 | P9: 0.12893104 | Q9: 0.050354025 | R9: 0.12115083 | S9: -0.066766605 | T9: 0.10311874 | U9: 0.054648951
A10: Mixed_6d.branch7x7dbl_2.conv | B10: 0.24325496 | C10: 0.20873712 | D10: 0.092488064 | E10: 0.13142688 | F10: 0.15773121 | G10: 0.15352838 | H10: 0.19915504 | I10: 0.59017366 | J10: 1 | K10: 0.39917807 | L10: 0.074837126 | M10: 0.17780191 | N10: 0.14276799 | O10: 0.062899726 | P10: 0.1515506 | Q10: 0.10909769 | R10: 0.1509929 | S10: -0.092207137 | T10: 0.16212623 | U10: 0.10400342
A11: Mixed_6d.branch7x7dbl_4.conv | B11: 0.23456871 | C11: 0.17251821 | D11: 0.10454528 | E11: 0.16489199 | F11: 0.16687277 | G11: 0.11028833 | H11: 0.061422315 | I11: 0.34887792 | J11: 0.39917807 | K11: 1 | L11: 0.1295785 | M11: 0.25934036 | N11: 0.12670645 | O11: 0.17377347 | P11: 0.10177486 | Q11: 0.066645897 | R11: 0.25584465 | S11: -0.027163189 | T11: 0.14896286 | U11: 0.13453941
A12: Mixed_6e.branch1x1.conv | B12: 0.11155505 | C12: 0.17136692 | D12: 0.0065884927 | E12: 0.11771617 | F12: 0.044501539 | G12: 0.040756774 | H12: 0.14524382 | I12: 0.043883404 | J12: 0.074837126 | K12: 0.1295785 | L12: 1 | M12: 0.10387336 | N12: 0.12646674 | O12: 0.081476584 | P12: -0.047194148 | Q12: 0.026902399 | R12: 0.2801297 | S12: 0.079406622 | T12: 0.061226094 | U12: 0.070759866
A13: Mixed_6e.branch7x7_1.conv | B13: 0.086541198 | C13: 0.26913719 | D13: 0.049612109 | E13: 0.086202627 | F13: 0.045301117 | G13: 0.072042086 | H13: 0.057306956 | I13: 0.14524286 | J13: 0.17780191 | K13: 0.25934036 | L13: 0.10387336 | M13: 1 | N13: 0.50246867 | O13: 0.16449581 | P13: 0.048866548 | Q13: 0.048173449 | R13: 0.24285444 | S13: 0.082754173 | T13: 0.1559411 | U13: 0.11183022
... A21: Mixed_7b.branch3x3dbl_2.conv | B21: 0.062741487 | C21: 0.094001108 | D21: -0.0060666914 | E21: 0.014133562 | F21: 0.06883028 | G21: 0.10933607 | H21: 0.018362098 | I21: 0.054648951 | J21: 0.10400342 | K21: 0.13453941 | L21: 0.070759866 | M21: 0.11183022 | N21: 0.17813205 | O21: 0.032864661 | P21: 0.17996642 | Q21: -0.039358859 | R21: -0.022483203 | S21: 0.0048191592 | T21: 0.52429556 | U21: 1

Sheet Class_2
B1: Mixed_6b.branch7x7dbl_4.conv | C1: Mixed_6c.branch1x1.conv | D1: Mixed_6c.branch7x7_2.conv | E1: Mixed_6c.branch7x7_3.conv | F1: Mixed_6c.branch7x7dbl_1.conv | G1: Mixed_6c.branch7x7dbl_2.conv | H1: Mixed_6c.branch_pool.conv | I1: Mixed_6d.branch7x7dbl_1.conv | J1: Mixed_6d.branch7x7dbl_2.conv | K1: Mixed_6d.branch7x7dbl_4.conv | L1: Mixed_6e.branch1x1.conv | M1: Mixed_6e.branch7x7_1.conv | N1: Mixed_6e.branch7x7_2.conv | O1: Mixed_6e.branch7x7dbl_2.conv | P1: Mixed_6e.branch7x7dbl_5.conv | Q1: Mixed_7a.branch3x3_2.conv | R1: Mixed_7a.branch7x7x3_1.conv | S1: Mixed_7b.branch3x3_1.conv | T1: Mixed_7b.branch3x3dbl_1.conv | U1: Mixed_7b.branch3x3dbl_2.conv
A2: Mixed_6b.branch7x7dbl_4.conv | B2: 1 | C2: 0.14703645 | D2: 0.15012412 | E2: 0.1438673 | F2: 0.22704093 | G2: 0.25902532 | H2: 0.17828551 | I2: 0.14440302 | J2: 0.2768395 | K2: 0.25482507 | L2: 0.095023738 | M2: 0.023995731 | N2: -0.0056303921 | O2: 0.079755844 | P2: -0.019674382 | Q2: -0.050477946 | R2: -0.0028025618 | S2: 0.12656244 | T2: 0.064802276 | U2: -0.060121756
A3: Mixed_6c.branch1x1.conv | B3: 0.14703645 | C3: 1 | D3: -0.031861538 | E3: -0.037815954 | F3: 0.084403912 | G3: 0.13413415 | H3: -0.092019474 | I3: 0.10480167 | J3: 0.15739195 | K3: 0.067655046 | L3: 0.21393506 | M3: 0.16084492 | N3: 0.10107746 | O3: 0.19420309 | P3: 0.22112532 | Q3: 0.1356711 | R3: 0.13478395 | S3: 0.063353603 | T3: 0.058699157 | U3: 0.12969595
A4: Mixed_6c.branch7x7_2.conv | B4: 0.15012412 | C4: -0.031861538 | D4: 1 | E4: 0.67179808 | F4: 0.085288004 | G4: 0.11552824 | H4: 0.097288563 | I4: 0.27261421 | J4: 0.27455619 | K4: 0.2321337 | L4: 0.0077784252 | M4: -0.099593656 | N4: 0.010529181 | O4: -0.017780796 | P4: -0.065721974 | Q4: -0.023046585 | R4: -0.060096277 | S4: -0.044378443 | T4: -0.043127084 | U4: -0.0080066809
A5: Mixed_6c.branch7x7_3.conv | B5: 0.1438673 | C5: -0.037815954 | D5: 0.67179808 | E5: 1 | F5: 0.061083869 | G5: 0.1290972 | H5: 0.16724302 | I5: 0.37884383 | J5: 0.3339443 | K5: 0.27053199 | L5: -0.03739701 | M5: -0.051249939 | N5: 0.033112264 | O5: 0.019490979 | P5: -0.055525293 | Q5: -0.03567043 | R5: -0.01231217 | S5: -0.08491895 | T5: -0.054788749 | U5: -0.014731557
A6: Mixed_6c.branch7x7dbl_1.conv | B6: 0.22704093 | C6: 0.084403912 | D6: 0.085288004 | E6: 0.061083869 | F6: 1 | G6: 0.63052828 | H6: 0.051389967 | I6: 0.19613238 | J6: 0.21624453 | K6: 0.19939788 | L6: 0.062115647 | M6: 0.032806016 | N6: 0.045428282 | O6: 0.079265029 | P6: 0.0075626209 | Q6: -0.013349685 | R6: 0.057630179 | S6: 0.021464036 | T6: 0.072328792 | U6: 0.041037283
A7: Mixed_6c.branch7x7dbl_2.conv | B7: 0.25902532 | C7: 0.13413415 | D7: 0.11552824 | E7: 0.1290972 | F7: 0.63052828 | G7: 1 | H7: 0.082622912 | I7: 0.32282628 | J7: 0.33374807 | K7: 0.30028024 | L7: 0.02020861 | M7: 0.061201811 | N7: 0.058438519 | O7: 0.091692597 | P7: 0.0012028546 | Q7: 0.0017865104 | R7: 0.13160158 | S7: -0.071260295 | T7: -0.0099299812 | U7: 0.0012923175
A8: Mixed_6c.branch_pool.conv | B8: 0.17828551 | C8: -0.092019474 | D8: 0.097288563 | E8: 0.16724302 | F8: 0.051389967 | G8: 0.082622912 | H8: 1 | I8: 0.39327489 | J8: 0.28357757 | K8: 0.22611195 | L8: -0.12701004 | M8: 0.041517866 | N8: -0.034805534 | O8: -0.035350186 | P8: -0.17063055 | Q8: -0.12511889 | R8: 0.053153255 | S8: -0.091210225 | T8: 0.001355716 | U8: -0.1434358
A9: Mixed_6d.branch7x7dbl_1.conv | B9: 0.14440302 | C9: 0.10480167 | D9: 0.27261421 | E9: 0.37884383 | F9: 0.19613238 | G9: 0.32282628 | H9: 0.39327489 | I9: 1 | J9: 0.68700143 | K9: 0.54331836 | L9: -0.11501494 | M9: 0.08122592 | N9: 0.058435996 | O9: -0.0057513759 | P9: -0.15543231 | Q9: -0.049841606 | R9: 0.21636029 | S9: -0.26155097 | T9: -0.13096947 | U9: -0.091505694
A10: Mixed_6d.branch7x7dbl_2.conv | B10: 0.2768395 | C10: 0.15739195 | D10: 0.27455619 | E10: 0.3339443 | F10: 0.21624453 | G10: 0.33374807 | H10: 0.28357757 | I10: 0.68700143 | J10: 1 | K10: 0.59504551 | L10: -0.0083474485 | M10: 0.087587821 | N10: 0.11093398 | O10: 0.075502993 | P10: -0.11247755 | Q10: -0.01111381 | R10: 0.12008163 | S10: -0.058402473 | T10: -0.028694716 | U10: -0.015405215
A11: Mixed_6d.branch7x7dbl_4.conv | B11: 0.25482507 | C11: 0.067655046 | D11: 0.2321337 | E11: 0.27053199 | F11: 0.19939788 | G11: 0.30028024 | H11: 0.22611195 | I11: 0.54331836 | J11: 0.59504551 | K11: 1 | L11: 0.014843853 | M11: 0.067451453 | N11: 0.06968121 | O11: 0.10294732 | P11: -0.138164 | Q11: -0.091130908 | R11: 0.1250573 | S11: -0.06146397 | T11: -0.061954794 | U11: -0.083734818
A12: Mixed_6e.branch1x1.conv | B12: 0.095023738 | C12: 0.21393506 | D12: 0.0077784252 | E12: -0.03739701 | F12: 0.062115647 | G12: 0.02020861 | H12: -0.12701004 | I12: -0.11501494 | J12: -0.0083474485 | K12: 0.014843853 | L12: 1 | M12: 0.055169498 | N12: 0.058241412 | O12: 0.0717263 | P12: 0.060714594 | Q12: 0.11456259 | R12: -0.010248935 | S12: 0.27730912 | T12: 0.1956158 | U12: 0.11148133
A13: Mixed_6e.branch7x7_1.conv | B13: 0.023995731 | C13: 0.16084492 | D13: -0.099593656 | E13: -0.051249939 | F13: 0.032806016 | G13: 0.061201811 | H13: 0.041517866 | I13: 0.08122592 | J13: 0.087587821 | K13: 0.067451453 | L13: 0.055169498 | M13: 1 | N13: 0.52258414 | O13: 0.10985349 | P13: 0.12102362 | Q13: 0.042743137 | R13: 0.25299875 | S13: -0.025925403 | T13: -0.0042559991 | U13: 0.040960503
... A21: Mixed_7b.branch3x3dbl_2.conv | B21: -0.060121756 | C21: 0.12969595 | D21: -0.0080066809 | E21: -0.014731557 | F21: 0.041037283 | G21: 0.0012923175 | H21: -0.1434358 | I21: -0.091505694 | J21: -0.015405215 | K21: -0.083734818 | L21: 0.11148133 | M21: 0.040960503 | N21: 0.14597397 | O21: 0.051250819 | P21: 0.12889519 | Q21: 0.21584786 | R21: 0.0098469354 | S21: 0.060544738 | T21: 0.379691 | U21: 1

Sheet Model path
A1: P2 | B1: /mnt/sdc/Results_backup/trained_models_transfer_learning/inception_v3
A2: P1 | B2: /mnt/sdd/basics/inception_v3/ | H2: loss_inception_v3_Mixed_6e.branch1x1.conv_0.5.pth loss_inception_v3_Mixed_6e.branch7x7_3.conv_0.7.pth
H3: loss_inception_v3_Mixed_6e.branch1x1.conv_0.6.pth loss_inception_v3_Mixed_6e.branch7x7_3.conv_0.8.pth
H4: loss_inception_v3_Mixed_6e.branch1x1.conv_0.7.pth loss_inception_v3_Mixed_6e.branch7x7dbl_1.conv_0.5.pth
H5: loss_inception_v3_Mixed_6e.branch1x1.conv_0.8.pth loss_inception_v3_Mixed_6e.branch7x7dbl_1.conv_0.6.pth
H6: loss_inception_v3_Mixed_6e.branch7x7_1.conv_0.5.pth loss_inception_v3_Mixed_6e.branch7x7dbl_1.conv_0.7.pth
H7: loss_inception_v3_Mixed_6e.branch7x7_1.conv_0.6.pth loss_inception_v3_Mixed_6e.branch7x7dbl_1.conv_0.8.pth
H8: loss_inception_v3_Mixed_6e.branch7x7_1.conv_0.7.pth loss_inception_v3_Mixed_6e.branch7x7dbl_2.conv_0.5.pth
H9: loss_inception_v3_Mixed_6e.branch7x7_1.conv_0.8.pth loss_inception_v3_Mixed_6e.branch7x7dbl_2.conv_0.6.pth
H10: loss_inception_v3_Mixed_6e.branch7x7_2.conv_0.5.pth loss_inception_v3_Mixed_6e.branch7x7dbl_2.conv_0.7.pth
H11: loss_inception_v3_Mixed_6e.branch7x7_2.conv_0.6.pth loss_inception_v3_Mixed_6e.branch7x7dbl_2.conv_0.8.pth
H12: loss_inception_v3_Mixed_6e.branch7x7_2.conv_0.7.pth loss_inception_v3_Mixed_6e.branch7x7dbl_3.conv_0.5.pth
H13: loss_inception_v3_Mixed_6e.branch7x7_2.conv_0.8.pth loss_inception_v3_Mixed_6e.branch7x7dbl_3.conv_0.6.pth
H14: loss_inception_v3_Mixed_6e.branch7x7_3.conv_0.5.pth loss_inception_v3_Mixed_6e.branch7x7dbl_3.conv_0.7.pth
H15: loss_inception_v3_Mixed_6e.branch7x7_3.conv_0.6.pth loss_inception_v3_Mixed_6e.branch7x7dbl_3.conv_0.8.pth
