Workbook

Sheet Summary
B1: =Class_0!B1 -> features.0.0 | C1: =Class_0!C1 -> features.1.block.0.0 | D1: =Class_0!D1 -> features.1.block.1.fc1 | E1: =Class_0!E1 -> features.1.block.1.fc2 | F1: =Class_0!F1 -> features.1.block.2.0 | G1: =Class_0!G1 -> features.2.block.0.0 | H1: =Class_0!H1 -> features.2.block.1.0 | I1: =Class_0!I1 -> features.2.block.2.0 | ... BA1: =Class_0!BA1 -> features.12.0
A2: Deer | B2: =Class_0!B53 -> 0.026947492 | C2: =Class_0!C53 -> 0.10467871 | D2: =Class_0!D53 -> 0 | E2: =Class_0!E53 -> -0.1229084 | F2: =Class_0!F53 -> 0.051337265 | G2: =Class_0!G53 -> 0.0023909614 | H2: =Class_0!H53 -> 0.012200249 | I2: =Class_0!I53 -> 0.035092887 | ... BA2: =Class_0!BA53 -> 1
A3: Horse | B3: =Class_1!B53 -> -0.048587059 | C3: =Class_1!C53 -> 0.02250586 | D3: =Class_1!D53 -> 0 | E3: =Class_1!E53 -> 0.18885131 | F3: =Class_1!F53 -> 0.24212294 | G3: =Class_1!G53 -> 0.17653323 | H3: =Class_1!H53 -> 0.14331175 | I3: =Class_1!I53 -> 0.065202856 | ... BA3: =Class_1!BA53 -> 1
A4: Zebra | B4: =Class_2!B53 -> 0.070685479 | C4: =Class_2!C53 -> 0.00042116191 | D4: =Class_2!D53 -> 0 | E4: =Class_2!E53 -> -0.06241757 | F4: =Class_2!F53 -> -0.011125643 | G4: =Class_2!G53 -> -0.0073830407 | H4: =Class_2!H53 -> -0.044877845 | I4: =Class_2!I53 -> -0.1814171 | ... BA4: =Class_2!BA53 -> 1
A6: Overall corelation | B6: =MIN(B2:B4) -> -0.048587059 | C6: =MIN(C2:C4) -> 0.00042116191 | D6: =MIN(D2:D4) -> 0 | E6: =MIN(E2:E4) -> -0.1229084 | F6: =MIN(F2:F4) -> -0.011125643 | G6: =MIN(G2:G4) -> -0.0073830407 | H6: =MIN(H2:H4) -> -0.044877845 | I6: =MIN(I2:I4) -> -0.1814171 | ... AZ6: =MIN(AZ2:AZ4) -> 0.23543717
B7: =IF(AND(B2>0,B3>0,B4>0),TRUE,FALSE) -> FALSE | C7: =IF(AND(C2>0,C3>0,C4>0),TRUE,FALSE) -> TRUE | D7: =IF(AND(D2>0,D3>0,D4>0),TRUE,FALSE) -> FALSE | E7: =IF(AND(E2>0,E3>0,E4>0),TRUE,FALSE) -> FALSE | F7: =IF(AND(F2>0,F3>0,F4>0),TRUE,FALSE) -> FALSE | G7: =IF(AND(G2>0,G3>0,G4>0),TRUE,FALSE) -> FALSE | H7: =IF(AND(H2>0,H3>0,H4>0),TRUE,FALSE) -> FALSE | I7: =IF(AND(I2>0,I3>0,I4>0),TRUE,FALSE) -> FALSE | ... AZ7: =IF(AND(AZ2>0,AZ3>0,AZ4>0),TRUE,FALSE) -> TRUE
A8: Max Corelation layer | B8: =MAX(B4:AZ6) -> 0.40955027
A9: Affects 2 classes | B9: =IF(OR(AND(B2>0,B3>0), AND(B2>0,B4>0), AND(B3>0,B4>0)), TRUE, FALSE) -> TRUE | C9: =IF(OR(AND(C2>0,C3>0), AND(C2>0,C4>0), AND(C3>0,C4>0)), TRUE, FALSE) -> TRUE | D9: =IF(OR(AND(D2>0,D3>0), AND(D2>0,D4>0), AND(D3>0,D4>0)), TRUE, FALSE) -> FALSE | E9: =IF(OR(AND(E2>0,E3>0), AND(E2>0,E4>0), AND(E3>0,E4>0)), TRUE, FALSE) -> FALSE | F9: =IF(OR(AND(F2>0,F3>0), AND(F2>0,F4>0), AND(F3>0,F4>0)), TRUE, FALSE) -> TRUE | G9: =IF(OR(AND(G2>0,G3>0), AND(G2>0,G4>0), AND(G3>0,G4>0)), TRUE, FALSE) -> TRUE | H9: =IF(OR(AND(H2>0,H3>0), AND(H2>0,H4>0), AND(H3>0,H4>0)), TRUE, FALSE) -> TRUE | I9: =IF(OR(AND(I2>0,I3>0), AND(I2>0,I4>0), AND(I3>0,I4>0)), TRUE, FALSE) -> TRUE | ... AZ9: =IF(OR(AND(AZ2>0,AZ3>0), AND(AZ2>0,AZ4>0), AND(AZ3>0,AZ4>0)), TRUE, FALSE) -> TRUE
B11: =IF(B7=TRUE,B1,"") | C11: =IF(C7=TRUE,C1,"") -> features.1.block.0.0 | D11: =IF(D7=TRUE,D1,"") | E11: =IF(E7=TRUE,E1,"") | F11: =IF(F7=TRUE,F1,"") | G11: =IF(G7=TRUE,G1,"") | H11: =IF(H7=TRUE,H1,"") | I11: =IF(I7=TRUE,I1,"") | ... AZ11: =IF(AZ7=TRUE,AZ1,"") -> features.11.block.3.0
B16: features.1.block.0.0
B17: features.5.block.0.0
B18: features.5.block.3.0
B19: features.6.block.3.0
B20: features.7.block.3.0
B21: features.8.block.0.0
B22: features.8.block.2.fc1
B23: features.8.block.2.fc2
B24: features.8.block.3.0
B25: features.9.block.1.0
B26: features.9.block.2.fc1
B27: features.9.block.3.0
... B29: features.11.block.3.0

Sheet Class_0
B1: features.0.0 | C1: features.1.block.0.0 | D1: features.1.block.1.fc1 | E1: features.1.block.1.fc2 | F1: features.1.block.2.0 | G1: features.2.block.0.0 | H1: features.2.block.1.0 | I1: features.2.block.2.0 | J1: features.3.block.0.0 | K1: features.3.block.1.0 | L1: features.3.block.2.0 | M1: features.4.block.0.0 | N1: features.4.block.1.0 | O1: features.4.block.2.fc1 | P1: features.4.block.2.fc2 | Q1: features.4.block.3.0 | R1: features.5.block.0.0 | S1: features.5.block.1.0 | T1: features.5.block.2.fc1 | U1: features.5.block.2.fc2 | V1: features.5.block.3.0 | W1: features.6.block.0.0 | X1: features.6.block.1.0 | Y1: features.6.block.2.fc1 | Z1: features.6.block.2.fc2 | AA1: features.6.block.3.0 | AB1: features.7.block.0.0 | AC1: features.7.block.1.0 | AD1: features.7.block.2.fc1 | AE1: features.7.block.2.fc2 | AF1: features.7.block.3.0 | AG1: features.8.block.0.0 | AH1: features.8.block.1.0 | AI1: features.8.block.2.fc1 | AJ1: features.8.block.2.fc2 | AK1: features.8.block.3.0 | AL1: features.9.block.0.0 | AM1: features.9.block.1.0 | AN1: features.9.block.2.fc1 | AO1: features.9.block.2.fc2 | AP1: features.9.block.3.0 | AQ1: features.10.block.0.0 | AR1: features.10.block.1.0 | AS1: features.10.block.2.fc1 | AT1: features.10.block.2.fc2 | AU1: features.10.block.3.0 | AV1: features.11.block.0.0 | AW1: features.11.block.1.0 | AX1: features.11.block.2.fc1 | AY1: features.11.block.2.fc2 | AZ1: features.11.block.3.0 | BA1: features.12.0
A2: features.0.0 | B2: 1 | C2: 0.22077707 | E2: 0.012588979 | F2: 0.19002568 | G2: 0.26584463 | H2: 0.085668173 | I2: 0.032045088 | J2: 0.011713317 | K2: -0.01050923 | L2: -0.026794028 | M2: 0.041917328 | N2: 0.049992464 | O2: -0.0035028332 | P2: 0.016344337 | Q2: 0.082410122 | R2: -0.019388009 | S2: 0.040938881 | T2: -0.048893639 | U2: -0.016323633 | V2: -0.029941284 | W2: -0.0091337286 | X2: -0.0033737053 | Y2: -0.01116428 | Z2: -0.053760217 | AA2: -0.013881271 | AB2: 0.04909487 | AC2: 0.045697879 | AD2: 0.031173554 | AE2: 0.0026240988 | AF2: 0.070181318 | AG2: -0.04042918 | AH2: -0.0026570767 | AI2: -0.021957086 | AJ2: -0.034288963 | AK2: -0.0074770272 | AL2: 0.055437201 | AM2: 0.075014654 | AN2: -0.0027392442 | AO2: -0.0025360926 | AP2: 0.066270257 | AQ2: 0.01824216 | AR2: 0.047190035 | AS2: -0.041122951 | AT2: -0.041675476 | AU2: 0.011717964 | AV2: 0.037455404 | AW2: -0.0021252014 | AX2: 0.025659587 | AY2: 0.050379637 | AZ2: -0.011781914 | BA2: 0.026947492
A3: features.1.block.0.0 | B3: 0.22077707 | C3: 1 | E3: 0.0015550824 | F3: 0.37268759 | G3: 0.35544487 | H3: 0.17703675 | I3: 0.15485229 | J3: 0.095392737 | K3: 0.12747577 | L3: 0.10336746 | M3: 0.1628208 | N3: 0.17498305 | O3: -0.077473532 | P3: 0.0078396813 | Q3: 0.068106429 | R3: 0.090459144 | S3: 0.037251033 | T3: 0.08489299 | U3: 0.11210021 | V3: 0.0027851963 | W3: 0.087910665 | X3: -0.033529961 | Y3: 0.0041564245 | Z3: 0.029512899 | AA3: -0.020001574 | AB3: -0.00415417 | AC3: 0.046734695 | AD3: -0.010101197 | AE3: -0.076481288 | AF3: 0.0068836068 | AG3: -0.039022151 | AH3: 0.0014306121 | AI3: 0.0015869153 | AJ3: -0.021488299 | AK3: -0.0478342 | AL3: 0.095335824 | AM3: 0.12098435 | AN3: 0.040857896 | AO3: 0.082442327 | AP3: 0.057977179 | AQ3: 0.019776021 | AR3: -0.022777137 | AS3: -0.014228696 | AT3: 0.039276842 | AU3: 0.077391109 | AV3: 0.10161613 | AW3: 0.051881229 | AX3: 0.043442998 | AY3: 0.032069874 | AZ3: 0.063041104 | BA3: 0.10467871
A4: features.1.block.1.fc1
A5: features.1.block.1.fc2 | B5: 0.012588979 | C5: 0.0015550824 | E5: 1 | F5: -0.15675773 | G5: -0.054336389 | H5: 0.17316599 | I5: 0.16797997 | J5: -0.18615495 | K5: -0.066826682 | L5: -0.2110081 | M5: 0.21390361 | N5: -0.070436036 | O5: 0.020053374 | P5: 0.06288901 | Q5: -0.054197805 | R5: 0.041678755 | S5: -0.027891482 | T5: 0.073994703 | U5: 0.03882941 | V5: 0.0167285 | W5: -0.010535805 | X5: 0.10331107 | Y5: 0.056177767 | Z5: 0.055739033 | AA5: -0.0025407514 | AB5: -0.02508741 | AC5: -0.099975384 | AD5: -0.12210251 | AE5: -0.097905768 | AF5: -0.057828288 | AG5: -0.03012561 | AH5: -0.10009141 | AI5: -0.039821386 | AJ5: -0.14085476 | AK5: -0.074630915 | AL5: -0.010018052 | AM5: -0.15371911 | AN5: -0.057183164 | AO5: -0.10245247 | AP5: -0.16848321 | AQ5: -0.11286697 | AR5: -0.098851275 | AS5: -0.13212338 | AT5: -0.10179507 | AU5: -0.080464912 | AV5: -0.14793608 | AW5: -0.17681834 | AX5: -0.036304943 | AY5: -0.031409391 | AZ5: 0.00052099017 | BA5: -0.1229084
A6: features.1.block.2.0 | B6: 0.19002568 | C6: 0.37268759 | E6: -0.15675773 | F6: 1 | G6: 0.6744928 | H6: 0.21264429 | I6: 0.14027862 | J6: -0.072794379 | K6: -0.066419388 | L6: 0.14368701 | M6: 0.24765442 | N6: 0.3838931 | O6: -0.0107648 | P6: 0.00066219014 | Q6: 0.25474904 | R6: 0.13190092 | S6: 0.068368228 | T6: -0.013711297 | U6: 0.11505304 | V6: 0.010213636 | W6: 0.11735431 | X6: -0.021444674 | Y6: 0.072105427 | Z6: 0.01773851 | AA6: 0.03675163 | AB6: 0.28429125 | AC6: 0.21256248 | AD6: -0.048267557 | AE6: -0.12268647 | AF6: 0.17410224 | AG6: -0.023426916 | AH6: 0.013419582 | AI6: 0.028229473 | AJ6: -0.053724489 | AK6: -0.048430066 | AL6: 0.3138549 | AM6: 0.32641026 | AN6: 0.077109622 | AO6: 0.17899473 | AP6: 0.20110654 | AQ6: 0.18144565 | AR6: 0.094803186 | AS6: 0.046540736 | AT6: 0.10092834 | AU6: 0.14613241 | AV6: 0.15466301 | AW6: 0.078366265 | AX6: 0.15545409 | AY6: 0.07843646 | AZ6: 0.11605475 | BA6: 0.051337265
A7: features.2.block.0.0 | B7: 0.26584463 | C7: 0.35544487 | E7: -0.054336389 | F7: 0.6744928 | G7: 1 | H7: 0.22132476 | I7: 0.19095601 | J7: -0.028920613 | K7: -0.079386526 | L7: 0.049807063 | M7: 0.18577612 | N7: 0.29070143 | O7: -0.027684724 | P7: 0.01253192 | Q7: 0.21166342 | R7: 0.14013276 | S7: 0.031346063 | T7: -0.030308504 | U7: 0.096779456 | V7: 0.01321032 | W7: 0.10339637 | X7: 0.025930571 | Y7: 0.037326274 | Z7: -0.031984583 | AA7: 0.030211981 | AB7: 0.18844983 | AC7: 0.18875248 | AD7: -0.0073442873 | AE7: -0.083006538 | AF7: 0.14020404 | AG7: -0.016874242 | AH7: 0.026027366 | AI7: 0.040786937 | AJ7: -0.0036713199 | AK7: -0.035320485 | AL7: 0.25277071 | AM7: 0.26561032 | AN7: 0.017065907 | AO7: 0.10764311 | AP7: 0.16076143 | AQ7: 0.11487724 | AR7: 0.056406488 | AS7: 0.0075142283 | AT7: 0.097345578 | AU7: 0.044716007 | AV7: 0.14068475 | AW7: 0.071928378 | AX7: 0.12637261 | AY7: 0.077389476 | AZ7: 0.048073056 | BA7: 0.0023909614
A8: features.2.block.1.0 | B8: 0.085668173 | C8: 0.17703675 | E8: 0.17316599 | F8: 0.21264429 | G8: 0.22132476 | H8: 1 | I8: 0.68299877 | J8: 0.12867874 | K8: 0.044525288 | L8: -0.074622969 | M8: 0.58440849 | N8: 0.36267383 | O8: 0.0083502528 | P8: 0.10145031 | Q8: 0.36506654 | R8: 0.23558623 | S8: 0.12007294 | T8: 0.044377848 | U8: 0.074849096 | V8: 0.053120781 | W8: 0.13232114 | X8: 0.17251408 | Y8: -0.12875485 | Z8: -0.1339091 | AA8: -0.011923359 | AB8: 0.067004991 | AC8: 0.1527749 | AD8: -0.015143066 | AE8: -0.018017784 | AF8: 0.12644657 | AG8: 0.034465194 | AH8: 0.058537848 | AI8: -0.0025272891 | AJ8: 0.083419039 | AK8: -0.029499875 | AL8: 0.18247358 | AM8: 0.14835178 | AN8: -0.075473231 | AO8: 0.04245691 | AP8: 0.11093185 | AQ8: -0.019409473 | AR8: 0.0032696661 | AS8: -0.047247384 | AT8: 0.096778619 | AU8: 0.035783848 | AV8: 0.1384534 | AW8: 0.016261053 | AX8: 0.14880915 | AY8: 0.1252398 | AZ8: -0.043314562 | BA8: 0.012200249
A9: features.2.block.2.0 | B9: 0.032045088 | C9: 0.15485229 | E9: 0.16797997 | F9: 0.14027862 | G9: 0.19095601 | H9: 0.68299877 | I9: 1 | J9: 0.18610698 | K9: 0.091289403 | L9: -0.04686653 | M9: 0.66079001 | N9: 0.32553429 | O9: -0.015764614 | P9: 0.15190592 | Q9: 0.30264962 | R9: 0.17918973 | S9: 0.023322371 | T9: 0.034468514 | U9: 0.078188977 | V9: 0.013341639 | W9: 0.14406179 | X9: 0.13587555 | Y9: -0.042903943 | Z9: -0.099632092 | AA9: -0.091796871 | AB9: 0.0055402455 | AC9: 0.16320856 | AD9: 0.0010269224 | AE9: 0.052046988 | AF9: 0.084509805 | AG9: 0.031743253 | AH9: 0.038962351 | AI9: 0.036930486 | AJ9: 0.091514479 | AK9: -0.077454374 | AL9: 0.18601955 | AM9: 0.14334507 | AN9: -0.029070841 | AO9: 0.032953469 | AP9: 0.023452626 | AQ9: -0.13769171 | AR9: -0.10909648 | AS9: -0.049793477 | AT9: 0.12096313 | AU9: 0.023014395 | AV9: 0.13448701 | AW9: -0.012619148 | AX9: 0.22354473 | AY9: 0.085164061 | AZ9: -0.052679087 | BA9: 0.035092887
A10: features.3.block.0.0 | B10: 0.011713317 | C10: 0.095392737 | E10: -0.18615495 | F10: -0.072794379 | G10: -0.028920613 | H10: 0.12867874 | I10: 0.18610698 | J10: 1 | K10: 0.59763473 | L10: 0.39727126 | M10: -0.20065927 | N10: -0.070483311 | O10: -0.056633783 | P10: 0.068474843 | Q10: -0.072237912 | R10: 0.060458951 | S10: 0.053379503 | T10: 0.10714213 | U10: -0.0071304253 | V10: 0.14791061 | W10: -0.00071908176 | X10: -0.060880336 | Y10: -0.24655762 | Z10: -0.12783147 | AA10: -0.064002413 | AB10: -0.26247534 | AC10: 0.0049909717 | AD10: 0.17062177 | AE10: 0.039262317 | AF10: 0.00030915589 | AG10: 0.097282411 | AH10: 0.24336802 | AI10: 0.059378931 | AJ10: 0.2881166 | AK10: 0.18385512 | AL10: -0.11708616 | AM10: 0.0040101485 | AN10: -0.20415333 | AO10: 0.054882457 | AP10: 0.036188469 | AQ10: -0.053700637 | AR10: -0.0024214456 | AS10: 0.052773807 | AT10: 0.20316841 | AU10: 0.05181592 | AV10: 0.094606013 | AW10: 0.16123062 | AX10: -0.054231123 | AY10: 0.092453277 | AZ10: -0.062467487 | BA10: 0.14097373
A11: features.3.block.1.0 | B11: -0.01050923 | C11: 0.12747577 | E11: -0.066826682 | F11: -0.066419388 | G11: -0.079386526 | H11: 0.044525288 | I11: 0.091289403 | J11: 0.59763473 | K11: 1 | L11: 0.60113161 | M11: -0.12115605 | N11: -0.094773967 | O11: -0.037578648 | P11: 0.17153729 | Q11: -0.070740312 | R11: -0.040427988 | S11: -0.065802105 | T11: 0.067615419 | U11: 0.032199973 | V11: 0.10860012 | W11: 0.0166283 | X11: -0.025165772 | Y11: -0.1800088 | Z11: -0.062911666 | AA11: 0.00097820428 | AB11: -0.10333974 | AC11: 0.060302699 | AD11: 0.067810872 | AE11: 0.018392645 | AF11: 0.067348328 | AG11: 0.10327655 | AH11: 0.16786459 | AI11: 0.076814462 | AJ11: 0.24771699 | AK11: 0.12424679 | AL11: 0.039920841 | AM11: 0.093754097 | AN11: -0.11672687 | AO11: 0.085366212 | AP11: 0.093817226 | AQ11: 0.047358297 | AR11: 0.036580331 | AS11: 0.12410765 | AT11: 0.20113805 | AU11: 0.032891492 | AV11: 0.1417377 | AW11: 0.1546251 | AX11: 0.0248512 | AY11: 0.078308065 | AZ11: -0.033914946 | BA11: 0.12290647
A12: features.3.block.2.0 | B12: -0.026794028 | C12: 0.10336746 | E12: -0.2110081 | F12: 0.14368701 | G12: 0.049807063 | H12: -0.074622969 | I12: -0.04686653 | J12: 0.39727126 | K12: 0.60113161 | L12: 1 | M12: -0.12759509 | N12: 0.17053041 | O12: -0.0312292 | P12: 0.17884844 | Q12: 0.17102009 | R12: 0.11345498 | S12: 0.16179202 | T12: -0.039583492 | U12: -0.026027811 | V12: 0.31737551 | W12: 0.084945318 | X12: -0.046595869 | Y12: -0.14946147 | Z12: -0.085527388 | AA12: 0.086506141 | AB12: 0.094224215 | AC12: 0.22191744 | AD12: 0.14375966 | AE12: 0.018278914 | AF12: 0.22138875 | AG12: 0.14986723 | AH12: 0.185254 | AI12: 0.080751953 | AJ12: 0.27053714 | AK12: 0.18749992 | AL12: 0.15576971 | AM12: 0.22623599 | AN12: 0.010425964 | AO12: 0.11672149 | AP12: 0.20538752 | AQ12: 0.18861808 | AR12: 0.12727666 | AS12: 0.15145394 | AT12: 0.21714309 | AU12: 0.16105004 | AV12: 0.16065319 | AW12: 0.20223114 | AX12: 0.022319924 | AY12: 0.078040564 | AZ12: 0.0071201205 | BA12: 0.14712848
A13: features.4.block.0.0 | B13: 0.041917328 | C13: 0.1628208 | E13: 0.21390361 | F13: 0.24765442 | G13: 0.18577612 | H13: 0.58440849 | I13: 0.66079001 | J13: -0.20065927 | K13: -0.12115605 | L13: -0.12759509 | M13: 1 | N13: 0.46067657 | O13: 0.089760694 | P13: 0.051341433 | Q13: 0.38479633 | R13: 0.22421609 | S13: -0.0017313303 | T13: 0.04350136 | U13: 0.094768594 | V13: 0.01349089 | W13: 0.20486669 | X13: 0.16814384 | Y13: 0.060904765 | Z13: -0.0036371534 | AA13: 0.030501314 | AB13: 0.1920296 | AC13: 0.11685807 | AD13: -0.17748286 | AE13: -0.034110901 | AF13: 0.072727516 | AG13: -0.061935863 | AH13: -0.18260145 | AI13: -0.090160159 | AJ13: -0.12235758 | AK13: -0.24339779 | AL13: 0.27527315 | AM13: 0.13332947 | AN13: 0.057701975 | AO13: 0.053873567 | AP13: 0.05066262 | AQ13: 0.0078994852 | AR13: -0.043296758 | AS13: -0.029740372 | AT13: -0.028743911 | AU13: 0.0077306396 | AV13: 0.087354363 | AW13: -0.091460851 | AX13: 0.25671887 | AY13: 0.047358512 | AZ13: -0.035533223 | BA13: -0.047476992
A14: features.4.block.1.0 | B14: 0.049992464 | C14: 0.17498305 | E14: -0.070436036 | F14: 0.3838931 | G14: 0.29070143 | H14: 0.36267383 | I14: 0.32553429 | J14: -0.070483311 | K14: -0.094773967 | L14: 0.17053041 | M14: 0.46067657 | N14: 1 | O14: 0.070334394 | P14: 0.0079404811 | Q14: 0.81464908 | R14: 0.40202992 | S14: 0.49892012 | T14: -0.05205462 | U14: 0.034814105 | V14: 0.31891312 | W14: 0.29546248 | X14: 0.26224843 | Y14: -0.055553261 | Z14: -0.1829996 | AA14: 0.14143147 | AB14: 0.38086691 | AC14: 0.42931696 | AD14: 0.083590745 | AE14: -0.011382804 | AF14: 0.41874617 | AG14: 0.15567868 | AH14: 0.07775999 | AI14: -0.011892723 | AJ14: 0.098723713 | AK14: 0.079785501 | AL14: 0.37912937 | AM14: 0.39866536 | AN14: -0.0056571874 | AO14: 0.10980371 | AP14: 0.35459409 | AQ14: 0.22881406 | AR14: 0.18221196 | AS14: 0.073565876 | AT14: 0.14210881 | AU14: 0.10838604 | AV14: 0.24766927 | AW14: 0.15327271 | AX14: 0.19616663 | AY14: 0.024515894 | AZ14: -0.019518425 | BA14: 0.052606644
A15: features.4.block.2.fc1 | B15: -0.0035028332 | C15: -0.077473532 | E15: 0.020053374 | F15: -0.0107648 | G15: -0.027684724 | H15: 0.0083502528 | I15: -0.015764614 | J15: -0.056633783 | K15: -0.037578648 | L15: -0.0312292 | M15: 0.089760694 | N15: 0.070334394 | O15: 1 | P15: 0.10915959 | Q15: -0.0016219512 | R15: -0.065783368 | S15: -0.048999488 | T15: 0.0090342811 | U15: -0.053750133 | V15: -0.0019665215 | W15: 0.030141718 | X15: 0.046367621 | Y15: -0.02194759 | Z15: -0.058324731 | AA15: -0.015425459 | AB15: -0.069262733 | AC15: -0.075327819 | AD15: -0.036237255 | AE15: 0.025282173 | AF15: -0.044439774 | AG15: -0.0097081305 | AH15: -0.063343826 | AI15: -0.075922048 | AJ15: -0.0074612085 | AK15: 0.01663294 | AL15: -0.059546803 | AM15: -0.019928972 | AN15: -0.093343518 | AO15: -0.038435482 | AP15: 0.015539983 | AQ15: -0.0033542021 | AR15: -0.0025386345 | AS15: -0.039250456 | AT15: -0.025705011 | AU15: 0.015093517 | AV15: 0.029310195 | AW15: 0.015440126 | AX15: 0.0072190642 | AY15: 0.062180854 | AZ15: -0.0066195849 | BA15: -0.015904996
A16: features.4.block.2.fc2 | B16: 0.016344337 | C16: 0.0078396813 | E16: 0.06288901 | F16: 0.00066219014 | G16: 0.01253192 | H16: 0.10145031 | I16: 0.15190592 | J16: 0.068474843 | K16: 0.17153729 | L16: 0.17884844 | M16: 0.051341433 | N16: 0.0079404811 | O16: 0.10915959 | P16: 1 | Q16: 0.026660382 | R16: 0.018909208 | S16: 0.043311346 | T16: 0.19043592 | U16: 0.095553889 | V16: 0.1247067 | W16: 0.13025744 | X16: 0.093780401 | Y16: -0.13349284 | Z16: -0.033448338 | AA16: -0.015274106 | AB16: -0.16909996 | AC16: -0.072727749 | AD16: -0.014583341 | AE16: 0.02304458 | AF16: -0.10901968 | AG16: 0.0077269571 | AH16: -0.085904842 | AI16: -0.076998169 | AJ16: 0.085575853 | AK16: -0.070847028 | AL16: -0.064537816 | AM16: -0.01510985 | AN16: -0.0080238882 | AO16: 0.059295782 | AP16: -0.028884536 | AQ16: -0.13935492 | AR16: -0.13261615 | AS16: -0.11124306 | AT16: -0.0096198683 | AU16: 0.013984355 | AV16: 0.03576652 | AW16: -0.033905931 | AX16: 0.088229958 | AY16: -0.021426116 | AZ16: -0.09976028 | BA16: 0.072702054
... A53: features.12.0 | B53: 0.026947492 | C53: 0.10467871 | E53: -0.1229084 | F53: 0.051337265 | G53: 0.0023909614 | H53: 0.012200249 | I53: 0.035092887 | J53: 0.14097373 | K53: 0.12290647 | L53: 0.14712848 | M53: -0.047476992 | N53: 0.052606644 | O53: -0.015904996 | P53: 0.072702054 | Q53: 0.031291912 | R53: 0.040936715 | S53: 0.015961834 | T53: -0.020403557 | U53: 0.010861262 | V53: 0.051934391 | W53: 0.042363914 | X53: -0.073484728 | Y53: -0.054213994 | Z53: -0.040288668 | AA53: 0.027010188 | AB53: -0.06361587 | AC53: 0.071464165 | AD53: 0.088970735 | AE53: 0.12516999 | AF53: 0.034978001 | AG53: 0.0011876682 | AH53: 0.042030164 | AI53: 0.084172295 | AJ53: 0.069966381 | AK53: 0.018792838 | AL53: -0.012870831 | AM53: 0.096598437 | AN53: 0.079177647 | AO53: 0.19834075 | AP53: 0.10588933 | AQ53: -0.059602782 | AR53: -0.094200918 | AS53: 0.054335624 | AT53: 0.026040759 | AU53: 0.29985845 | AV53: -0.088108167 | AW53: -0.10950002 | AX53: -0.092110616 | AY53: -0.21764445 | AZ53: 0.23543717 | BA53: 1

Sheet Class_1
B1: features.0.0 | C1: features.1.block.0.0 | D1: features.1.block.1.fc1 | E1: features.1.block.1.fc2 | F1: features.1.block.2.0 | G1: features.2.block.0.0 | H1: features.2.block.1.0 | I1: features.2.block.2.0 | J1: features.3.block.0.0 | K1: features.3.block.1.0 | L1: features.3.block.2.0 | M1: features.4.block.0.0 | N1: features.4.block.1.0 | O1: features.4.block.2.fc1 | P1: features.4.block.2.fc2 | Q1: features.4.block.3.0 | R1: features.5.block.0.0 | S1: features.5.block.1.0 | T1: features.5.block.2.fc1 | U1: features.5.block.2.fc2 | V1: features.5.block.3.0 | W1: features.6.block.0.0 | X1: features.6.block.1.0 | Y1: features.6.block.2.fc1 | Z1: features.6.block.2.fc2 | AA1: features.6.block.3.0 | AB1: features.7.block.0.0 | AC1: features.7.block.1.0 | AD1: features.7.block.2.fc1 | AE1: features.7.block.2.fc2 | AF1: features.7.block.3.0 | AG1: features.8.block.0.0 | AH1: features.8.block.1.0 | AI1: features.8.block.2.fc1 | AJ1: features.8.block.2.fc2 | AK1: features.8.block.3.0 | AL1: features.9.block.0.0 | AM1: features.9.block.1.0 | AN1: features.9.block.2.fc1 | AO1: features.9.block.2.fc2 | AP1: features.9.block.3.0 | AQ1: features.10.block.0.0 | AR1: features.10.block.1.0 | AS1: features.10.block.2.fc1 | AT1: features.10.block.2.fc2 | AU1: features.10.block.3.0 | AV1: features.11.block.0.0 | AW1: features.11.block.1.0 | AX1: features.11.block.2.fc1 | AY1: features.11.block.2.fc2 | AZ1: features.11.block.3.0 | BA1: features.12.0
A2: features.0.0 | B2: 1 | C2: 0.16241218 | E2: -0.021657124 | F2: 0.084668206 | G2: 0.15088369 | H2: -0.033317592 | I2: -0.045480938 | J2: -0.075745911 | K2: -0.046571889 | L2: 0.019122042 | M2: -0.0011812726 | N2: 0.043024133 | O2: 0.0037672428 | P2: 0.0040630633 | Q2: 0.036850571 | R2: 0.0097225291 | S2: 0.00046505437 | T2: -0.044861024 | U2: -0.058904677 | V2: 0.041300906 | W2: 0.045747428 | X2: -0.0065652366 | Y2: -0.032930984 | Z2: -0.03383099 | AA2: -0.04347818 | AB2: -0.035593776 | AC2: 0.016129144 | AD2: 0.047629193 | AE2: 0.052672144 | AF2: 0.047407759 | AG2: -0.01984518 | AH2: -0.016922943 | AI2: -0.062696035 | AJ2: 0.0030433302 | AK2: 0.073581765 | AL2: -0.0031068758 | AM2: 0.021826917 | AN2: -0.035942446 | AO2: -0.0061140638 | AP2: 0.025552299 | AQ2: 0.062358878 | AR2: 0.032549378 | AS2: -0.020883431 | AT2: -0.0049147595 | AU2: 0.01842439 | AV2: -0.042484083 | AW2: -0.063599427 | AX2: -0.021212873 | AY2: -0.015542121 | AZ2: -0.026960178 | BA2: -0.048587059
A3: features.1.block.0.0 | B3: 0.16241218 | C3: 1 | E3: -0.0072728524 | F3: 0.27984071 | G3: 0.32780905 | H3: 0.16260816 | I3: 0.036608997 | J3: -0.059240918 | K3: -0.011666726 | L3: -0.025394438 | M3: 0.078616579 | N3: 0.08995767 | O3: 0.034994516 | P3: -0.0022483831 | Q3: 0.034006041 | R3: 0.058470896 | S3: -0.011777314 | T3: 0.020727031 | U3: 0.028532356 | V3: 0.043338481 | W3: 0.10962848 | X3: -0.012993539 | Y3: 0.074217483 | Z3: 0.012953675 | AA3: 0.033045343 | AB3: 0.045327759 | AC3: 0.07086849 | AD3: 0.023111976 | AE3: -0.043150535 | AF3: 0.024051198 | AG3: -0.026951716 | AH3: 0.019693918 | AI3: -0.033714709 | AJ3: -0.058881659 | AK3: 0.086785836 | AL3: 0.083872313 | AM3: 0.032873149 | AN3: -0.081028055 | AO3: -0.01144528 | AP3: 0.12794045 | AQ3: 0.11267792 | AR3: 0.10040784 | AS3: 0.029943844 | AT3: 0.091027749 | AU3: 0.027840163 | AV3: 0.11669057 | AW3: -0.012054349 | AX3: -0.039068001 | AY3: 0.007474138 | AZ3: 0.026172336 | BA3: 0.02250586
A4: features.1.block.1.fc1
A5: features.1.block.1.fc2 | B5: -0.021657124 | C5: -0.0072728524 | E5: 1 | F5: 0.53667041 | G5: 0.26490743 | H5: -0.061258696 | I5: -0.0039745622 | J5: -0.19064526 | K5: 0.054914617 | L5: 0.17849519 | M5: -0.095600217 | N5: -0.030910258 | O5: -0.060820765 | P5: -0.13698812 | Q5: 0.020914133 | R5: -0.0024741566 | S5: 0.022709827 | T5: -0.15956069 | U5: -0.07675955 | V5: 0.12561634 | W5: 0.018351818 | X5: 0.14558219 | Y5: -0.1437504 | Z5: -0.11066809 | AA5: 0.065906763 | AB5: 0.22545966 | AC5: 0.09881766 | AD5: 0.024877411 | AE5: 0.03091548 | AF5: 0.20277536 | AG5: 0.04002036 | AH5: 0.12883361 | AI5: 0.052338173 | AJ5: -0.046290172 | AK5: 0.10845243 | AL5: 0.11688868 | AM5: 0.16677192 | AN5: 0.13286321 | AO5: 0.063693973 | AP5: 0.12266448 | AQ5: 0.085769059 | AR5: 0.15111593 | AS5: 0.057672988 | AT5: -0.0035677286 | AU5: -0.033256193 | AV5: 0.047802862 | AW5: 0.090505754 | AX5: -0.018795624 | AY5: 0.029455921 | AZ5: 0.1069596 | BA5: 0.18885131
A6: features.1.block.2.0 | B6: 0.084668206 | C6: 0.27984071 | E6: 0.53667041 | F6: 1 | G6: 0.78875674 | H6: -0.16895017 | I6: -0.21010414 | J6: -0.36751524 | K6: -0.21912678 | L6: 0.095406002 | M6: -0.11830857 | N6: -0.13245401 | O6: -0.033401606 | P6: -0.040795155 | Q6: -0.080186582 | R6: -0.06361939 | S6: -0.13650843 | T6: -0.071684906 | U6: -0.020315568 | V6: 0.048936539 | W6: 0.10852359 | X6: 0.14377345 | Y6: -0.093380243 | Z6: -0.11133506 | AA6: 0.14135934 | AB6: 0.30868761 | AC6: 0.16181816 | AD6: 0.025108119 | AE6: 0.0074028224 | AF6: 0.25226338 | AG6: 0.010629777 | AH6: 0.096072984 | AI6: 0.082316835 | AJ6: -0.021940805 | AK6: 0.11363588 | AL6: 0.25556956 | AM6: 0.2501335 | AN6: 0.14482733 | AO6: 0.11225801 | AP6: 0.2589626 | AQ6: 0.21910189 | AR6: 0.30819108 | AS6: 0.15404579 | AT6: 0.071949863 | AU6: -0.049509053 | AV6: 0.10884173 | AW6: 0.11595193 | AX6: -0.011233851 | AY6: 0.06358157 | AZ6: 0.20779219 | BA6: 0.24212294
A7: features.2.block.0.0 | B7: 0.15088369 | C7: 0.32780905 | E7: 0.26490743 | F7: 0.78875674 | G7: 1 | H7: -0.058083696 | I7: -0.15538975 | J7: -0.29386609 | K7: -0.21633992 | L7: 0.033304709 | M7: -0.04457623 | N7: -0.1056702 | O7: 0.0071215442 | P7: 0.017115821 | Q7: -0.052127981 | R7: -0.019146596 | S7: -0.13377778 | T7: -0.01667183 | U7: 0.023581695 | V7: 0.012442495 | W7: 0.08519304 | X7: 0.10736491 | Y7: -0.018191543 | Z7: -0.038089434 | AA7: 0.099200469 | AB7: 0.24291273 | AC7: 0.092425179 | AD7: -0.036483186 | AE7: -0.024312517 | AF7: 0.17775673 | AG7: 0.022378914 | AH7: 0.045655086 | AI7: 0.088891346 | AJ7: -0.00056568514 | AK7: 0.063919714 | AL7: 0.20437011 | AM7: 0.19304668 | AN7: 0.11700963 | AO7: 0.079599087 | AP7: 0.18651631 | AQ7: 0.14720237 | AR7: 0.19666274 | AS7: 0.090587891 | AT7: 0.023440762 | AU7: -0.0329434 | AV7: 0.10832303 | AW7: 0.096032702 | AX7: -0.017405208 | AY7: 0.027540878 | AZ7: 0.18148098 | BA7: 0.17653323
A8: features.2.block.1.0 | B8: -0.033317592 | C8: 0.16260816 | E8: -0.061258696 | F8: -0.16895017 | G8: -0.058083696 | H8: 1 | I8: 0.52945 | J8: 0.095973235 | K8: 0.24327308 | L8: -0.069610987 | M8: 0.57342601 | N8: 0.33927172 | O8: 0.031712346 | P8: -0.197947 | Q8: 0.23307631 | R8: 0.23022836 | S8: 0.080662653 | T8: 0.035081954 | U8: 0.12370244 | V8: 0.043950616 | W8: 0.13645832 | X8: 0.23248294 | Y8: 0.18780424 | Z8: 0.018919993 | AA8: 0.12507297 | AB8: 0.23196901 | AC8: 0.19488796 | AD8: -0.0092007463 | AE8: -0.12831706 | AF8: 0.11166179 | AG8: -0.0088149887 | AH8: 0.18036162 | AI8: 0.14079605 | AJ8: 0.12372268 | AK8: 0.16831324 | AL8: 0.20932989 | AM8: 0.065593179 | AN8: -0.055414715 | AO8: 0.072437327 | AP8: 0.10880952 | AQ8: -0.019413904 | AR8: 0.13393852 | AS8: -0.081791806 | AT8: 0.076086151 | AU8: 0.00040586993 | AV8: 0.24647067 | AW8: 0.038806458 | AX8: -0.037530274 | AY8: 0.067577971 | AZ8: 0.0069980191 | BA8: 0.14331175
A9: features.2.block.2.0 | B9: -0.045480938 | C9: 0.036608997 | E9: -0.0039745622 | F9: -0.21010414 | G9: -0.15538975 | H9: 0.52945 | I9: 1 | J9: 0.38731787 | K9: 0.45181268 | L9: 0.051176317 | M9: 0.50495808 | N9: 0.21884458 | O9: -0.029697291 | P9: -0.28763696 | Q9: 0.20750852 | R9: 0.079106123 | S9: 0.13028262 | T9: -0.022387054 | U9: 0.048809201 | V9: -0.014064743 | W9: 0.016069361 | X9: 0.028791326 | Y9: 0.0039818167 | Z9: -0.027896333 | AA9: 0.0043713514 | AB9: 0.080929576 | AC9: 0.06405716 | AD9: -0.032228864 | AE9: -0.016861189 | AF9: -0.0077524105 | AG9: 0.01243416 | AH9: 0.083367621 | AI9: 0.022737611 | AJ9: 0.042742915 | AK9: -0.035812375 | AL9: -0.046710972 | AM9: 0.031425078 | AN9: -0.0022654718 | AO9: 0.046238175 | AP9: -0.025436819 | AQ9: -0.084687445 | AR9: -0.051335248 | AS9: -0.073219815 | AT9: 0.015438178 | AU9: 0.047890785 | AV9: 0.12828491 | AW9: 0.060629444 | AX9: 0.040120657 | AY9: -0.062274908 | AZ9: -0.10181963 | BA9: 0.065202856
A10: features.3.block.0.0 | B10: -0.075745911 | C10: -0.059240918 | E10: -0.19064526 | F10: -0.36751524 | G10: -0.29386609 | H10: 0.095973235 | I10: 0.38731787 | J10: 1 | K10: 0.5626528 | L10: 0.271701 | M10: 0.063045172 | N10: -0.058914352 | O10: -0.0086107466 | P10: 0.021367135 | Q10: -0.034881998 | R10: 0.098672904 | S10: -0.024199814 | T10: 0.12204249 | U10: 0.0082559784 | V10: 0.057566008 | W10: -0.029186074 | X10: -0.09298866 | Y10: 0.048327584 | Z10: 0.091681735 | AA10: -0.081405929 | AB10: -0.15747491 | AC10: -0.1092763 | AD10: -0.10018919 | AE10: -0.040357101 | AF10: -0.18038169 | AG10: 0.01734099 | AH10: -0.05186455 | AI10: 0.038289434 | AJ10: 0.0035087785 | AK10: -0.10682374 | AL10: -0.24722929 | AM10: -0.23614649 | AN10: -0.089203974 | AO10: -0.064920704 | AP10: -0.23669256 | AQ10: -0.18086177 | AR10: -0.19639541 | AS10: -0.036659208 | AT10: -0.01744587 | AU10: 0.015786126 | AV10: -0.09681408 | AW10: -0.11494755 | AX10: -0.12373787 | AY10: -0.11452198 | AZ10: -0.057105086 | BA10: -0.10817273
A11: features.3.block.1.0 | B11: -0.046571889 | C11: -0.011666726 | E11: 0.054914617 | F11: -0.21912678 | G11: -0.21633992 | H11: 0.24327308 | I11: 0.45181268 | J11: 0.5626528 | K11: 1 | L11: 0.54069155 | M11: 0.079715679 | N11: 0.068664565 | O11: 0.016218389 | P11: -0.11038504 | Q11: 0.17027189 | R11: 0.17230741 | S11: 0.021298564 | T11: 0.0021566275 | U11: -0.044205948 | V11: 0.18619652 | W11: 0.026392912 | X11: 0.018434902 | Y11: -0.12886653 | Z11: -0.11959851 | AA11: 0.01010366 | AB11: 0.051768055 | AC11: 0.10273875 | AD11: -0.10592531 | AE11: -0.038099234 | AF11: 0.01067803 | AG11: 0.05786297 | AH11: 0.11732892 | AI11: 0.087723561 | AJ11: 0.10034309 | AK11: 0.10827823 | AL11: -0.052310455 | AM11: -0.055108313 | AN11: -0.013177846 | AO11: -0.0042349412 | AP11: -0.055724213 | AQ11: -0.080245998 | AR11: -0.029973206 | AS11: 0.021024687 | AT11: 0.077168164 | AU11: -0.0023875531 | AV11: 0.025473173 | AW11: 0.015927856 | AX11: -0.015210686 | AY11: 0.014061756 | AZ11: -0.003455603 | BA11: -0.059473538
A12: features.3.block.2.0 | B12: 0.019122042 | C12: -0.025394438 | E12: 0.17849519 | F12: 0.095406002 | G12: 0.033304709 | H12: -0.069610987 | I12: 0.051176317 | J12: 0.271701 | K12: 0.54069155 | L12: 1 | M12: 0.02759672 | N12: 0.076399952 | O12: -0.024687922 | P12: 0.0061825327 | Q12: 0.26689275 | R12: 0.096983028 | S12: 0.10014534 | T12: -0.17277046 | U12: -0.23343749 | V12: 0.30557477 | W12: 0.06919107 | X12: 0.093226135 | Y12: -0.12171077 | Z12: -0.12112254 | AA12: -0.011775553 | AB12: 0.10819296 | AC12: 0.089677457 | AD12: -0.074000895 | AE12: -0.010452964 | AF12: 0.105588 | AG12: 0.035297444 | AH12: 0.085609061 | AI12: 0.025269143 | AJ12: 0.015117046 | AK12: 0.20956515 | AL12: 0.012943158 | AM12: 0.0080350074 | AN12: -0.025340559 | AO12: -0.077044132 | AP12: 0.039291469 | AQ12: 0.017283267 | AR12: 0.089073601 | AS12: 0.057733311 | AT12: 0.032921922 | AU12: 0.019291361 | AV12: -0.006142271 | AW12: -0.035316536 | AX12: -0.08635799 | AY12: 0.056479085 | AZ12: 0.035788946 | BA12: -0.0092244045
A13: features.4.block.0.0 | B13: -0.0011812726 | C13: 0.078616579 | E13: -0.095600217 | F13: -0.11830857 | G13: -0.04457623 | H13: 0.57342601 | I13: 0.50495808 | J13: 0.063045172 | K13: 0.079715679 | L13: 0.02759672 | M13: 1 | N13: 0.47773997 | O13: -0.010494218 | P13: -0.31258667 | Q13: 0.37944012 | R13: 0.22641879 | S13: 0.21481406 | T13: 0.052249128 | U13: 0.13550748 | V13: -0.093555341 | W13: 0.13205073 | X13: 0.16419002 | Y13: 0.14710414 | Z13: 0.084113414 | AA13: 0.13159763 | AB13: 0.26548573 | AC13: 0.105255 | AD13: -0.033642446 | AE13: -0.08711554 | AF13: 0.058567293 | AG13: 0.0015427175 | AH13: -0.01783101 | AI13: 0.027286165 | AJ13: 0.035810302 | AK13: 0.017084554 | AL13: 0.13762237 | AM13: 0.1338937 | AN13: 0.045816463 | AO13: 0.02926815 | AP13: 0.094981869 | AQ13: -0.025842171 | AR13: 0.040220714 | AS13: -0.10231265 | AT13: -0.092897937 | AU13: 0.027365342 | AV13: 0.2199772 | AW13: 0.11752632 | AX13: 0.10786127 | AY13: 0.046374818 | AZ13: -0.055408628 | BA13: 0.09641992
A14: features.4.block.1.0 | B14: 0.043024133 | C14: 0.08995767 | E14: -0.030910258 | F14: -0.13245401 | G14: -0.1056702 | H14: 0.33927172 | I14: 0.21884458 | J14: -0.058914352 | K14: 0.068664565 | L14: 0.076399952 | M14: 0.47773997 | N14: 1 | O14: 0.021420082 | P14: -0.084529143 | Q14: 0.74082948 | R14: 0.32970685 | S14: 0.52444726 | T14: -0.10799389 | U14: -0.058188674 | V14: 0.15800443 | W14: 0.19204252 | X14: 0.28773996 | Y14: -0.0080935878 | Z14: -0.1490882 | AA14: 0.051805804 | AB14: 0.17069949 | AC14: 0.28683726 | AD14: 0.24109559 | AE14: 0.11146278 | AF14: 0.24723825 | AG14: -0.013980004 | AH14: 0.083241944 | AI14: -0.13108105 | AJ14: 0.019210314 | AK14: 0.28422328 | AL14: 0.15513074 | AM14: 0.25223988 | AN14: -0.0046006811 | AO14: -0.015497293 | AP14: 0.20796867 | AQ14: 0.11646163 | AR14: 0.069555159 | AS14: -0.12265518 | AT14: -0.084648052 | AU14: 0.070699558 | AV14: 0.12118725 | AW14: 0.10081076 | AX14: 0.1822353 | AY14: 0.12705218 | AZ14: -0.14253589 | BA14: 0.0085349542
A15: features.4.block.2.fc1 | B15: 0.0037672428 | C15: 0.034994516 | E15: -0.060820765 | F15: -0.033401606 | G15: 0.0071215442 | H15: 0.031712346 | I15: -0.029697291 | J15: -0.0086107466 | K15: 0.016218389 | L15: -0.024687922 | M15: -0.010494218 | N15: 0.021420082 | O15: 1 | P15: 0.071922079 | Q15: 0.00074955402 | R15: 0.019563585 | S15: 0.0071491251 | T15: 0.036382729 | U15: 0.034930947 | V15: 0.017542781 | W15: 0.015175673 | X15: 0.0119843 | Y15: -0.033274488 | Z15: -0.045842601 | AA15: -0.0084294036 | AB15: 0.0017803755 | AC15: -0.013823574 | AD15: 0.027820251 | AE15: -0.060906396 | AF15: -0.025521538 | AG15: -0.055595242 | AH15: -0.0020707321 | AI15: 0.047538892 | AJ15: 0.004660695 | AK15: 0.0011019229 | AL15: -0.010349677 | AM15: 0.019455784 | AN15: 0.0030282088 | AO15: 0.018465171 | AP15: 0.046175944 | AQ15: 0.041569094 | AR15: 0.056513937 | AS15: 0.033847968 | AT15: 0.033057228 | AU15: 0.0053949466 | AV15: 0.044448787 | AW15: 0.025857758 | AX15: 0.046275073 | AY15: 0.034379021 | AZ15: -0.0079858138 | BA15: -0.00052485609
A16: features.4.block.2.fc2 | B16: 0.0040630633 | C16: -0.0022483831 | E16: -0.13698812 | F16: -0.040795155 | G16: 0.017115821 | H16: -0.197947 | I16: -0.28763696 | J16: 0.021367135 | K16: -0.11038504 | L16: 0.0061825327 | M16: -0.31258667 | N16: -0.084529143 | O16: 0.071922079 | P16: 1 | Q16: -0.079749943 | R16: 0.02354736 | S16: 0.019340274 | T16: -0.052877488 | U16: -0.19188561 | V16: 0.16989563 | W16: -0.062664396 | X16: 0.050286972 | Y16: -0.061912717 | Z16: -0.17187065 | AA16: -0.15720434 | AB16: -0.30141056 | AC16: -0.065202185 | AD16: 0.094611519 | AE16: 0.032986298 | AF16: -0.061329731 | AG16: -0.0085271465 | AH16: 0.065199899 | AI16: -0.049458202 | AJ16: -0.035351799 | AK16: 0.058983577 | AL16: -0.1726109 | AM16: -0.18716849 | AN16: -0.11859785 | AO16: -0.15697444 | AP16: -0.078743676 | AQ16: 0.032497713 | AR16: -0.064184254 | AS16: 0.07068237 | AT16: 0.084702891 | AU16: -0.056463833 | AV16: -0.28005812 | AW16: -0.24980355 | AX16: -0.17741099 | AY16: -0.0044902355 | AZ16: -0.038187206 | BA16: -0.22178907
... A53: features.12.0 | B53: -0.048587059 | C53: 0.02250586 | E53: 0.18885131 | F53: 0.24212294 | G53: 0.17653323 | H53: 0.14331175 | I53: 0.065202856 | J53: -0.10817273 | K53: -0.059473538 | L53: -0.0092244045 | M53: 0.09641992 | N53: 0.0085349542 | O53: -0.00052485609 | P53: -0.22178907 | Q53: -0.066432306 | R53: 0.054387598 | S53: 0.033625011 | T53: -0.043074884 | U53: 0.026625106 | V53: 0.081100046 | W53: -0.058458457 | X53: 0.10258363 | Y53: 0.052690829 | Z53: 0.033492422 | AA53: 0.013283204 | AB53: 0.21582068 | AC53: -0.043211285 | AD53: -0.13339507 | AE53: -0.073910613 | AF53: 0.075694208 | AG53: 0.0107902 | AH53: 0.013161021 | AI53: 0.062361503 | AJ53: 0.0081943705 | AK53: 0.044379479 | AL53: 0.031215236 | AM53: 0.2478312 | AN53: 0.044795998 | AO53: 0.056605225 | AP53: 0.0728198 | AQ53: -0.019957583 | AR53: 0.14891044 | AS53: 0.066105455 | AT53: -0.026371332 | AU53: 0.073195439 | AV53: 0.20914401 | AW53: 0.099532804 | AX53: -0.062666072 | AY53: 0.086855487 | AZ53: 0.55328215 | BA53: 1

Sheet Class_2
B1: features.0.0 | C1: features.1.block.0.0 | D1: features.1.block.1.fc1 | E1: features.1.block.1.fc2 | F1: features.1.block.2.0 | G1: features.2.block.0.0 | H1: features.2.block.1.0 | I1: features.2.block.2.0 | J1: features.3.block.0.0 | K1: features.3.block.1.0 | L1: features.3.block.2.0 | M1: features.4.block.0.0 | N1: features.4.block.1.0 | O1: features.4.block.2.fc1 | P1: features.4.block.2.fc2 | Q1: features.4.block.3.0 | R1: features.5.block.0.0 | S1: features.5.block.1.0 | T1: features.5.block.2.fc1 | U1: features.5.block.2.fc2 | V1: features.5.block.3.0 | W1: features.6.block.0.0 | X1: features.6.block.1.0 | Y1: features.6.block.2.fc1 | Z1: features.6.block.2.fc2 | AA1: features.6.block.3.0 | AB1: features.7.block.0.0 | AC1: features.7.block.1.0 | AD1: features.7.block.2.fc1 | AE1: features.7.block.2.fc2 | AF1: features.7.block.3.0 | AG1: features.8.block.0.0 | AH1: features.8.block.1.0 | AI1: features.8.block.2.fc1 | AJ1: features.8.block.2.fc2 | AK1: features.8.block.3.0 | AL1: features.9.block.0.0 | AM1: features.9.block.1.0 | AN1: features.9.block.2.fc1 | AO1: features.9.block.2.fc2 | AP1: features.9.block.3.0 | AQ1: features.10.block.0.0 | AR1: features.10.block.1.0 | AS1: features.10.block.2.fc1 | AT1: features.10.block.2.fc2 | AU1: features.10.block.3.0 | AV1: features.11.block.0.0 | AW1: features.11.block.1.0 | AX1: features.11.block.2.fc1 | AY1: features.11.block.2.fc2 | AZ1: features.11.block.3.0 | BA1: features.12.0
A2: features.0.0 | B2: 1 | C2: 0.24317551 | E2: -0.020061615 | F2: 0.072163264 | G2: 0.066292362 | H2: 0.033999756 | I2: -0.012460337 | J2: -0.014035556 | K2: 0.0046651256 | L2: 0.033592995 | M2: 0.015517773 | N2: 0.012933531 | O2: -0.011402615 | P2: -0.0076435656 | Q2: 0.018328763 | R2: 0.025659169 | S2: 0.03839628 | T2: 0.0045492338 | U2: -0.0082056163 | V2: -0.0057135628 | W2: 0.014853486 | X2: -0.033687404 | Y2: -0.024314829 | Z2: -0.0096472889 | AA2: 0.021654238 | AB2: 0.012531861 | AC2: 0.0013306812 | AD2: -0.00068179829 | AE2: -0.044408389 | AF2: -0.0027692243 | AG2: -0.018746722 | AH2: -0.0059869801 | AI2: -0.023792436 | AJ2: -0.030639082 | AK2: 0.0050572977 | AL2: 0.024217395 | AM2: -0.0049497819 | AN2: 0.034734915 | AO2: 0.02573867 | AP2: 0.029617743 | AQ2: -0.0099514472 | AR2: -0.024015857 | AS2: -0.025845692 | AT2: -0.042113779 | AU2: 0.034757369 | AV2: 0.0069523358 | AW2: -0.030863963 | AX2: -0.041209279 | AY2: -0.032938343 | AZ2: 0.0044355969 | BA2: 0.070685479
A3: features.1.block.0.0 | B3: 0.24317551 | C3: 1 | E3: -0.054240709 | F3: 0.3247908 | G3: 0.32162722 | H3: 0.17505423 | I3: 0.12695622 | J3: -0.057830219 | K3: -0.066363063 | L3: -0.075256783 | M3: 0.11317415 | N3: 0.13019432 | O3: -0.053888765 | P3: -0.044586823 | Q3: 0.13284232 | R3: 0.051248228 | S3: -0.012300965 | T3: -0.023632141 | U3: -0.034707189 | V3: -4.3878281e-05 | W3: 0.10761173 | X3: 0.0021116205 | Y3: -0.014503324 | Z3: 0.010907758 | AA3: -0.089965107 | AB3: 0.038433542 | AC3: -0.049541372 | AD3: -0.002748357 | AE3: 0.029630604 | AF3: -0.018378795 | AG3: -0.0081332701 | AH3: -0.0077212814 | AI3: -0.024112686 | AJ3: -0.012780205 | AK3: -0.053659939 | AL3: 0.0094981775 | AM3: -0.085423577 | AN3: -0.067552446 | AO3: -0.027439132 | AP3: 0.00023585752 | AQ3: -0.055683635 | AR3: -0.089561495 | AS3: -0.0091302908 | AT3: -0.032773421 | AU3: -0.017363394 | AV3: 0.050949102 | AW3: 0.049256508 | AX3: 0.034352948 | AY3: -0.029580472 | AZ3: -0.061809357 | BA3: 0.00042116191
A4: features.1.block.1.fc1
A5: features.1.block.1.fc2 | B5: -0.020061615 | C5: -0.054240709 | E5: 1 | F5: -0.1900861 | G5: -0.17598895 | H5: -0.14850996 | I5: 0.13560694 | J5: 0.15119641 | K5: 0.25367876 | L5: 0.30492114 | M5: 0.032847426 | N5: -0.032915397 | O5: 0.023678689 | P5: 0.12340642 | Q5: 0.1035151 | R5: 0.0040448394 | S5: 0.066956069 | T5: -0.0011642182 | U5: -0.1237807 | V5: 0.055549933 | W5: 0.073711054 | X5: 0.14598895 | Y5: 0.049943025 | Z5: 0.05486497 | AA5: -0.026327103 | AB5: 0.039956392 | AC5: -0.0010304168 | AD5: -0.015157178 | AE5: -0.012394202 | AF5: 0.02674035 | AG5: 0.047829221 | AH5: 0.064244572 | AI5: 0.017022675 | AJ5: 0.039478341 | AK5: 0.025475517 | AL5: 0.07509226 | AM5: 0.0019797813 | AN5: -0.063972179 | AO5: -0.023681981 | AP5: -0.025575358 | AQ5: 0.0083756404 | AR5: 0.01678419 | AS5: 0.019392947 | AT5: 0.00065160581 | AU5: -0.019871652 | AV5: -0.017145045 | AW5: -0.0475399 | AX5: 0.058081709 | AY5: -0.076869694 | AZ5: -0.091179948 | BA5: -0.06241757
A6: features.1.block.2.0 | B6: 0.072163264 | C6: 0.3247908 | E6: -0.1900861 | F6: 1 | G6: 0.91582295 | H6: 0.18898374 | I6: 0.10879195 | J6: -0.31625988 | K6: -0.3777762 | L6: -0.34461089 | M6: 0.22824544 | N6: 0.32459184 | O6: -0.0057526936 | P6: 0.095465629 | Q6: 0.33648736 | R6: 0.20303223 | S6: -0.14740595 | T6: -0.043698426 | U6: -0.17460059 | V6: -0.069326773 | W6: 0.27244253 | X6: 0.11939931 | Y6: -0.016351963 | Z6: 0.095246962 | AA6: -0.0347829 | AB6: 0.18080811 | AC6: -0.12514505 | AD6: 0.027613553 | AE6: 0.064836246 | AF6: -0.11328196 | AG6: -0.15180375 | AH6: -0.21129556 | AI6: -0.020554151 | AJ6: -0.020406985 | AK6: -0.19461299 | AL6: 0.13171962 | AM6: -0.22341054 | AN6: -0.067628935 | AO6: 0.023078488 | AP6: 0.095924016 | AQ6: 0.05766661 | AR6: 0.030433706 | AS6: 0.057851402 | AT6: 0.022421334 | AU6: 0.06932294 | AV6: 0.19722436 | AW6: 0.12627234 | AX6: 0.050306368 | AY6: -0.10106112 | AZ6: -0.16414473 | BA6: -0.011125643
A7: features.2.block.0.0 | B7: 0.066292362 | C7: 0.32162722 | E7: -0.17598895 | F7: 0.91582295 | G7: 1 | H7: 0.21982434 | I7: 0.11074001 | J7: -0.27704836 | K7: -0.3443523 | L7: -0.3181717 | M7: 0.23999223 | N7: 0.31270908 | O7: -0.0038078766 | P7: 0.097092902 | Q7: 0.29822503 | R7: 0.2133169 | S7: -0.15243808 | T7: -0.035022222 | U7: -0.14230656 | V7: -0.07475519 | W7: 0.25419702 | X7: 0.09473171 | Y7: -0.038127623 | Z7: 0.07192713 | AA7: -0.056577186 | AB7: 0.14863331 | AC7: -0.1486067 | AD7: 0.048205119 | AE7: 0.069068868 | AF7: -0.13432124 | AG7: -0.17197843 | AH7: -0.21710762 | AI7: -0.023711607 | AJ7: -0.019917029 | AK7: -0.19782679 | AL7: 0.12075873 | AM7: -0.22965614 | AN7: -0.076549647 | AO7: 0.024230168 | AP7: 0.098620599 | AQ7: 0.070767655 | AR7: 0.032920221 | AS7: 0.059266768 | AT7: -0.0065191326 | AU7: 0.06294279 | AV7: 0.19024425 | AW7: 0.10908221 | AX7: 0.043283312 | AY7: -0.095390111 | AZ7: -0.16998623 | BA7: -0.0073830407
A8: features.2.block.1.0 | B8: 0.033999756 | C8: 0.17505423 | E8: -0.14850996 | F8: 0.18898374 | G8: 0.21982434 | H8: 1 | I8: 0.6725024 | J8: 0.30412146 | K8: 0.30655863 | L8: 0.14392655 | M8: 0.48668626 | N8: 0.46978978 | O8: -0.026316771 | P8: 0.053883235 | Q8: 0.38117971 | R8: 0.081146822 | S8: 0.093714061 | T8: -0.0020744172 | U8: 0.012083636 | V8: 0.025681238 | W8: 0.20448295 | X8: 0.1114322 | Y8: 0.11612213 | Z8: 0.19008878 | AA8: -0.18427045 | AB8: 0.1323117 | AC8: 0.09054641 | AD8: 0.010311895 | AE8: 0.061663616 | AF8: 0.096120836 | AG8: 0.019189657 | AH8: 0.0032499397 | AI8: 0.0070754645 | AJ8: -0.027497079 | AK8: -0.27524642 | AL8: 0.043907677 | AM8: -0.063632914 | AN8: -0.057512458 | AO8: 0.013474571 | AP8: 0.1199354 | AQ8: -0.058290702 | AR8: -0.07914089 | AS8: 0.1293469 | AT8: 0.041400769 | AU8: -0.10970807 | AV8: -0.0024927767 | AW8: 0.062284198 | AX8: 0.062008959 | AY8: -0.0081761473 | AZ8: -0.033287962 | BA8: -0.044877845
A9: features.2.block.2.0 | B9: -0.012460337 | C9: 0.12695622 | E9: 0.13560694 | F9: 0.10879195 | G9: 0.11074001 | H9: 0.6725024 | I9: 1 | J9: 0.44515109 | K9: 0.35951426 | L9: 0.24878925 | M9: 0.61813125 | N9: 0.53318113 | O9: 0.0093067864 | P9: 0.085325058 | Q9: 0.47271939 | R9: 0.11675322 | S9: 0.10816163 | T9: 0.033132434 | U9: -0.13450417 | V9: -0.14235539 | W9: 0.29850677 | X9: 0.20930624 | Y9: 0.11304711 | Z9: 0.17473436 | AA9: -0.29300613 | AB9: 0.063029648 | AC9: 0.0051047073 | AD9: -0.044323187 | AE9: 0.063708164 | AF9: 0.068735327 | AG9: 0.060738717 | AH9: 0.046284461 | AI9: -0.025591049 | AJ9: 0.011980487 | AK9: -0.28059584 | AL9: 0.086514206 | AM9: -0.098657937 | AN9: -0.11829698 | AO9: -0.044951188 | AP9: -0.023642664 | AQ9: -0.1008815 | AR9: -0.10756661 | AS9: 0.11574566 | AT9: 0.033566112 | AU9: -0.14652303 | AV9: -0.057714361 | AW9: -0.0229389 | AX9: 0.10441136 | AY9: -0.033905821 | AZ9: -0.13301202 | BA9: -0.1814171
A10: features.3.block.0.0 | B10: -0.014035556 | C10: -0.057830219 | E10: 0.15119641 | F10: -0.31625988 | G10: -0.27704836 | H10: 0.30412146 | I10: 0.44515109 | J10: 1 | K10: 0.51688922 | L10: 0.32607471 | M10: 0.17540422 | N10: -0.0086814711 | O10: -0.011707135 | P10: 0.0051747036 | Q10: 0.00505844 | R10: 0.043522911 | S10: 0.14756013 | T10: 0.08999033 | U10: 0.13326959 | V10: -0.032636001 | W10: -0.010576952 | X10: -0.037025587 | Y10: 0.05391323 | Z10: -0.0021957389 | AA10: -0.056282847 | AB10: -0.023020073 | AC10: 0.04988452 | AD10: -0.065603075 | AE10: 0.029982107 | AF10: 0.059472905 | AG10: 0.10091784 | AH10: 0.18958109 | AI10: -0.0021075848 | AJ10: -0.031080761 | AK10: -0.02131704 | AL10: -0.13067129 | AM10: -0.014383905 | AN10: -0.04750506 | AO10: -0.082970177 | AP10: -0.035034008 | AQ10: -0.10382176 | AR10: -0.096315909 | AS10: -0.016978118 | AT10: -0.050873006 | AU10: -0.10601471 | AV10: -0.14629022 | AW10: -0.07480396 | AX10: 0.0018036525 | AY10: 0.12163786 | AZ10: 0.0035581023 | BA10: -0.017807679
A11: features.3.block.1.0 | B11: 0.0046651256 | C11: -0.066363063 | E11: 0.25367876 | F11: -0.3777762 | G11: -0.3443523 | H11: 0.30655863 | I11: 0.35951426 | J11: 0.51688922 | K11: 1 | L11: 0.66031185 | M11: 0.17795361 | N11: 0.060528077 | O11: -0.046548192 | P11: -0.069302559 | Q11: 0.20181413 | R11: 0.068783977 | S11: 0.21498672 | T11: -0.046073974 | U11: 0.059808116 | V11: 0.12371063 | W11: 0.053834723 | X11: 0.031248874 | Y11: 0.1511695 | Z11: 0.11771324 | AA11: -0.050263791 | AB11: 0.06552388 | AC11: 0.21986708 | AD11: -0.072257472 | AE11: 0.073341159 | AF11: 0.21929019 | AG11: 0.19403029 | AH11: 0.27413118 | AI11: 0.11628689 | AJ11: 0.016981293 | AK11: 0.050058887 | AL11: -0.0307769 | AM11: 0.086465384 | AN11: -0.011561065 | AO11: -0.0093826775 | AP11: 0.0087191856 | AQ11: -0.15097263 | AR11: -0.14699267 | AS11: -0.039317117 | AT11: -0.075048483 | AU11: -0.16280962 | AV11: -0.14247946 | AW11: -0.014883089 | AX11: 0.072321279 | AY11: 0.1217762 | AZ11: -0.012926126 | BA11: -0.017716137
A12: features.3.block.2.0 | B12: 0.033592995 | C12: -0.075256783 | E12: 0.30492114 | F12: -0.34461089 | G12: -0.3181717 | H12: 0.14392655 | I12: 0.24878925 | J12: 0.32607471 | K12: 0.66031185 | L12: 1 | M12: 0.33511671 | N12: 0.22954281 | O12: -0.022695879 | P12: -0.012989407 | Q12: 0.32144638 | R12: 0.11680842 | S12: 0.22434216 | T12: -0.057417495 | U12: -0.033850252 | V12: 0.050719228 | W12: 0.13728298 | X12: 0.130911 | Y12: 0.2414653 | Z12: 0.26598151 | AA12: -0.19123165 | AB12: 0.058239007 | AC12: 0.12546151 | AD12: -0.049789621 | AE12: 0.17750047 | AF12: 0.12834603 | AG12: 0.15582957 | AH12: 0.24826919 | AI12: 0.0024976575 | AJ12: -0.030244577 | AK12: 0.026639362 | AL12: 0.041424881 | AM12: 0.073338269 | AN12: -0.0040324104 | AO12: 0.13707683 | AP12: 0.022668536 | AQ12: -0.084988482 | AR12: -0.14564153 | AS12: 0.057722413 | AT12: -0.065261199 | AU12: -0.21828599 | AV12: -0.077323962 | AW12: -0.023631008 | AX12: 0.19205529 | AY12: 0.06034248 | AZ12: -0.093679185 | BA12: -0.15347828
A13: features.4.block.0.0 | B13: 0.015517773 | C13: 0.11317415 | E13: 0.032847426 | F13: 0.22824544 | G13: 0.23999223 | H13: 0.48668626 | I13: 0.61813125 | J13: 0.17540422 | K13: 0.17795361 | L13: 0.33511671 | M13: 1 | N13: 0.6880801 | O13: -0.050099832 | P13: 0.13276977 | Q13: 0.56105048 | R13: 0.19819446 | S13: 0.0026993989 | T13: -0.00062196139 | U13: -0.14649712 | V13: -0.1829003 | W13: 0.39828062 | X13: 0.26386283 | Y13: 0.1837916 | Z13: 0.29355333 | AA13: -0.3816433 | AB13: 0.06104483 | AC13: -0.064197208 | AD13: -0.03265167 | AE13: 0.21549045 | AF13: 0.0021839542 | AG13: 0.043601131 | AH13: 0.071131901 | AI13: -0.13823969 | AJ13: -0.04770784 | AK13: -0.23239411 | AL13: 0.18977194 | AM13: -0.11142337 | AN13: -0.133582 | AO13: 0.14327195 | AP13: 0.035496927 | AQ13: -0.026505307 | AR13: -0.081950109 | AS13: 0.18571449 | AT13: 0.020649509 | AU13: -0.14963817 | AV13: 0.046511057 | AW13: 0.05689938 | AX13: 0.22727027 | AY13: 0.026421868 | AZ13: -0.17014321 | BA13: -0.22524743
A14: features.4.block.1.0 | B14: 0.012933531 | C14: 0.13019432 | E14: -0.032915397 | F14: 0.32459184 | G14: 0.31270908 | H14: 0.46978978 | I14: 0.53318113 | J14: -0.0086814711 | K14: 0.060528077 | L14: 0.22954281 | M14: 0.6880801 | N14: 1 | O14: 0.046804028 | P14: 0.23303756 | Q14: 0.66886643 | R14: 0.13191629 | S14: 0.059358624 | T14: -0.067201467 | U14: -0.24206489 | V14: -0.036205738 | W14: 0.45550678 | X14: 0.40951246 | Y14: 0.27571775 | Z14: 0.38301905 | AA14: -0.40933217 | AB14: 0.10261114 | AC14: 0.022490287 | AD14: -0.058448224 | AE14: 0.18780764 | AF14: 0.14022061 | AG14: 0.058336468 | AH14: 0.11319371 | AI14: -0.062728397 | AJ14: 0.013369507 | AK14: -0.25802222 | AL14: 0.18668628 | AM14: -0.054237291 | AN14: -0.20864886 | AO14: 0.071058775 | AP14: 0.1400128 | AQ14: -0.033137709 | AR14: -0.10074105 | AS14: 0.23289074 | AT14: 0.085072868 | AU14: -0.13028674 | AV14: 0.069397058 | AW14: 0.11898775 | AX14: 0.24763973 | AY14: 0.0040769268 | AZ14: -0.081519257 | BA14: -0.19157512
A15: features.4.block.2.fc1 | B15: -0.011402615 | C15: -0.053888765 | E15: 0.023678689 | F15: -0.0057526936 | G15: -0.0038078766 | H15: -0.026316771 | I15: 0.0093067864 | J15: -0.011707135 | K15: -0.046548192 | L15: -0.022695879 | M15: -0.050099832 | N15: 0.046804028 | O15: 1 | P15: 0.092745091 | Q15: 0.0085711295 | R15: 0.015293452 | S15: -0.035800996 | T15: -0.01389543 | U15: -0.019979511 | V15: 0.010835525 | W15: -0.042160876 | X15: -0.046093244 | Y15: 0.020007008 | Z15: 0.018967367 | AA15: 0.014140248 | AB15: 0.028960744 | AC15: 0.034705169 | AD15: 0.021634006 | AE15: -0.004111072 | AF15: -0.0027002105 | AG15: -0.029947706 | AH15: -0.0081742771 | AI15: 0.062843141 | AJ15: 0.03455241 | AK15: 0.010785088 | AL15: 0.019978655 | AM15: 0.04047338 | AN15: 0.01287682 | AO15: 0.016394411 | AP15: 0.058422887 | AQ15: 0.029746757 | AR15: 0.015771228 | AS15: 0.035802065 | AT15: 0.042527088 | AU15: 0.027587609 | AV15: 0.0035705906 | AW15: 0.028732755 | AX15: 0.022220764 | AY15: 0.025311171 | AZ15: 0.020492064 | BA15: 0.034477464
A16: features.4.block.2.fc2 | B16: -0.0076435656 | C16: -0.044586823 | E16: 0.12340642 | F16: 0.095465629 | G16: 0.097092902 | H16: 0.053883235 | I16: 0.085325058 | J16: 0.0051747036 | K16: -0.069302559 | L16: -0.012989407 | M16: 0.13276977 | N16: 0.23303756 | O16: 0.092745091 | P16: 1 | Q16: 0.095310835 | R16: 0.0093054526 | S16: 0.11362371 | T16: 0.0025536862 | U16: -0.19089987 | V16: 0.12902832 | W16: 0.087192299 | X16: 0.18618576 | Y16: 0.12681972 | Z16: 0.14735454 | AA16: -0.17941361 | AB16: 0.11475689 | AC16: 0.021415805 | AD16: 0.031671331 | AE16: -0.05382873 | AF16: 0.028904411 | AG16: 0.036876798 | AH16: 0.056710033 | AI16: -0.0032185067 | AJ16: 0.059050561 | AK16: -0.1733312 | AL16: 0.06988924 | AM16: -0.062147051 | AN16: -0.15501697 | AO16: -0.024661189 | AP16: 0.063599318 | AQ16: 0.087654082 | AR16: 0.052594722 | AS16: 0.1794672 | AT16: 0.1685284 | AU16: 0.062352705 | AV16: -0.0023115419 | AW16: -0.01810267 | AX16: 0.061006262 | AY16: -0.080181433 | AZ16: -0.090080561 | BA16: -0.020940147
... A53: features.12.0 | B53: 0.070685479 | C53: 0.00042116191 | E53: -0.06241757 | F53: -0.011125643 | G53: -0.0073830407 | H53: -0.044877845 | I53: -0.1814171 | J53: -0.017807679 | K53: -0.017716137 | L53: -0.15347828 | M53: -0.22524743 | N53: -0.19157512 | O53: 0.034477464 | P53: -0.020940147 | Q53: -0.042231039 | R53: 0.01582328 | S53: -0.017993689 | T53: -0.0775798 | U53: -0.052705866 | V53: 0.22292869 | W53: -0.17067477 | X53: -0.097960855 | Y53: -0.020466129 | Z53: -0.11561542 | AA53: 0.28989129 | AB53: 0.27390302 | AC53: 0.24138579 | AD53: 0.0057597163 | AE53: -0.15505927 | AF53: 0.26443123 | AG53: 0.042709296 | AH53: -0.020180076 | AI53: 0.20730304 | AJ53: 0.08704127 | AK53: 0.34449813 | AL53: 0.15012405 | AM53: 0.28667844 | AN53: 0.15634738 | AO53: -0.011472447 | AP53: 0.40955027 | AQ53: 0.025405261 | AR53: 0.041229837 | AS53: -0.16755433 | AT53: -0.046638144 | AU53: 0.21585051 | AV53: 0.074350085 | AW53: 0.099034864 | AX53: -0.15000938 | AY53: 0.074108371 | AZ53: 0.27955999 | BA53: 1
