Workbook

Sheet SensitiveLayers
B1: =Class_0!B1 -> features.0 | C1: =Class_0!C1 -> features.2 | D1: =Class_0!D1 -> features.4 | E1: =Class_0!E1 -> features.5 | F1: =Class_0!F1 -> features.7 | G1: =Class_0!G1 -> features.9 | H1: =Class_0!H1 -> features.10 | I1: =Class_0!I1 -> features.12 | ... S1: =Class_0!S1 -> features.30
A2: Deer | B2: =Class_0!B19 -> 0.1014402 | C2: =Class_0!C19 -> 0.22237559 | D2: =Class_0!D19 -> 0.18828391 | E2: =Class_0!E19 -> 0.24728718 | F2: =Class_0!F19 -> 0.25566087 | G2: =Class_0!G19 -> 0.19770361 | H2: =Class_0!H19 -> 0.20609307 | I2: =Class_0!I19 -> 0.14246384 | ... S2: =Class_0!S19 -> 1
A3: Horse | B3: =Class_1!B19 -> -0.10599016 | C3: =Class_1!C19 -> 0.028475338 | D3: =Class_1!D19 -> -0.0045493052 | E3: =Class_1!E19 -> 0.067674097 | F3: =Class_1!F19 -> 0.15472172 | G3: =Class_1!G19 -> 0.10602578 | H3: =Class_1!H19 -> 0.062109113 | I3: =Class_1!I19 -> 0.0078706588 | ... S3: =Class_1!S19 -> 1
A4: Zebra | B4: =Class_2!B19 -> -0.049743897 | C4: =Class_2!C19 -> 0.086804963 | D4: =Class_2!D19 -> 0.089896006 | E4: =Class_2!E19 -> 0.17560806 | F4: =Class_2!F19 -> 0.15383962 | G4: =Class_2!G19 -> 0.22124612 | H4: =Class_2!H19 -> 0.26666054 | I4: =Class_2!I19 -> 0.24672609 | ... S4: =Class_2!S19 -> 1
A6: Overall corelation | B6: =MIN(B2:B4) -> -0.10599016 | C6: =MIN(C2:C4) -> 0.028475338 | D6: =MIN(D2:D4) -> -0.0045493052 | E6: =MIN(E2:E4) -> 0.067674097 | F6: =MIN(F2:F4) -> 0.15383962 | G6: =MIN(G2:G4) -> 0.10602578 | H6: =MIN(H2:H4) -> 0.062109113 | I6: =MIN(I2:I4) -> 0.0078706588 | ... R6: =MIN(R2:R4) -> 0.71523781
B7: =IF(AND(B2>0,B3>0,B4>0),TRUE,FALSE) -> FALSE | C7: =IF(AND(C2>0,C3>0,C4>0),TRUE,FALSE) -> TRUE | D7: =IF(AND(D2>0,D3>0,D4>0),TRUE,FALSE) -> FALSE | E7: =IF(AND(E2>0,E3>0,E4>0),TRUE,FALSE) -> TRUE | F7: =IF(AND(F2>0,F3>0,F4>0),TRUE,FALSE) -> TRUE | G7: =IF(AND(G2>0,G3>0,G4>0),TRUE,FALSE) -> TRUE | H7: =IF(AND(H2>0,H3>0,H4>0),TRUE,FALSE) -> TRUE | I7: =IF(AND(I2>0,I3>0,I4>0),TRUE,FALSE) -> TRUE | ... R7: =IF(AND(R2>0,R3>0,R4>0),TRUE,FALSE) -> TRUE
A8: Max Corelation layer | B8: =MAX(B6:R6) -> 0.71523781
A9: Affects 2 classes | B9: =IF(OR(AND(B2>0,B3>0), AND(B2>0,B4>0), AND(B3>0,B4>0)), TRUE, FALSE) -> FALSE | C9: =IF(OR(AND(C2>0,C3>0), AND(C2>0,C4>0), AND(C3>0,C4>0)), TRUE, FALSE) -> TRUE | D9: =IF(OR(AND(D2>0,D3>0), AND(D2>0,D4>0), AND(D3>0,D4>0)), TRUE, FALSE) -> TRUE | E9: =IF(OR(AND(E2>0,E3>0), AND(E2>0,E4>0), AND(E3>0,E4>0)), TRUE, FALSE) -> TRUE | F9: =IF(OR(AND(F2>0,F3>0), AND(F2>0,F4>0), AND(F3>0,F4>0)), TRUE, FALSE) -> TRUE | G9: =IF(OR(AND(G2>0,G3>0), AND(G2>0,G4>0), AND(G3>0,G4>0)), TRUE, FALSE) -> TRUE | H9: =IF(OR(AND(H2>0,H3>0), AND(H2>0,H4>0), AND(H3>0,H4>0)), TRUE, FALSE) -> TRUE | I9: =IF(OR(AND(I2>0,I3>0), AND(I2>0,I4>0), AND(I3>0,I4>0)), TRUE, FALSE) -> TRUE | ... S9: =IF(OR(AND(S2>0,S3>0), AND(S2>0,S4>0), AND(S3>0,S4>0)), TRUE, FALSE) -> TRUE

Sheet Comparison of sensitivity
D1: 0 | E1: 2 | F1: 4 | G1: 5 | H1: 7 | I1: 9 | J1: 10 | K1: 12 | L1: 14 | M1: 16 | N1: 17 | O1: 19 | P1: 21 | Q1: 23 | R1: 24 | S1: 26 | T1: 28 | U1: 30
B2: features.0 | D2: =MIN(Class_0!B2,Class_1!B2,Class_2!B2) -> 1
B3: features.2 | D3: =MIN(Class_0!B3,Class_1!B3,Class_2!B3) -> -0.086712228 | E3: =MIN(Class_0!C3,Class_1!C3,Class_2!C3) -> 1
B4: features.4 | D4: =MIN(Class_0!B4,Class_1!B4,Class_2!B4) -> -0.10641144 | E4: =MIN(Class_0!C4,Class_1!C4,Class_2!C4) -> 0.63105558 | F4: =MIN(Class_0!D4,Class_1!D4,Class_2!D4) -> 1
B5: features.5 | D5: =MIN(Class_0!B5,Class_1!B5,Class_2!B5) -> -0.0036869224 | E5: =MIN(Class_0!C5,Class_1!C5,Class_2!C5) -> 0.34298447 | F5: =MIN(Class_0!D5,Class_1!D5,Class_2!D5) -> 0.41143349 | G5: =MIN(Class_0!E5,Class_1!E5,Class_2!E5) -> 1
B6: features.7 | D6: =MIN(Class_0!B6,Class_1!B6,Class_2!B6) -> 0.0095669622 | E6: =MIN(Class_0!C6,Class_1!C6,Class_2!C6) -> 0.20243189 | F6: =MIN(Class_0!D6,Class_1!D6,Class_2!D6) -> 0.22119186 | G6: =MIN(Class_0!E6,Class_1!E6,Class_2!E6) -> 0.28642749 | H6: =MIN(Class_0!F6,Class_1!F6,Class_2!F6) -> 1
B7: features.9 | D7: =MIN(Class_0!B7,Class_1!B7,Class_2!B7) -> -0.025290658 | E7: =MIN(Class_0!C7,Class_1!C7,Class_2!C7) -> 0.21504496 | F7: =MIN(Class_0!D7,Class_1!D7,Class_2!D7) -> 0.19099452 | G7: =MIN(Class_0!E7,Class_1!E7,Class_2!E7) -> 0.1408517 | H7: =MIN(Class_0!F7,Class_1!F7,Class_2!F7) -> 0.58859066 | I7: =MIN(Class_0!G7,Class_1!G7,Class_2!G7) -> 1
B8: features.10 | D8: =MIN(Class_0!B8,Class_1!B8,Class_2!B8) -> -0.12391104 | E8: =MIN(Class_0!C8,Class_1!C8,Class_2!C8) -> 0.090080296 | F8: =MIN(Class_0!D8,Class_1!D8,Class_2!D8) -> 0.051141492 | G8: =MIN(Class_0!E8,Class_1!E8,Class_2!E8) -> 0.088900394 | H8: =MIN(Class_0!F8,Class_1!F8,Class_2!F8) -> 0.3554457 | I8: =MIN(Class_0!G8,Class_1!G8,Class_2!G8) -> 0.50834173 | J8: =MIN(Class_0!H8,Class_1!H8,Class_2!H8) -> 1
B9: features.12 | D9: =MIN(Class_0!B9,Class_1!B9,Class_2!B9) -> -0.104856 | E9: =MIN(Class_0!C9,Class_1!C9,Class_2!C9) -> 0.010080239 | F9: =MIN(Class_0!D9,Class_1!D9,Class_2!D9) -> -0.012723926 | G9: =MIN(Class_0!E9,Class_1!E9,Class_2!E9) -> 0.048741285 | H9: =MIN(Class_0!F9,Class_1!F9,Class_2!F9) -> 0.22546388 | I9: =MIN(Class_0!G9,Class_1!G9,Class_2!G9) -> 0.31078321 | J9: =MIN(Class_0!H9,Class_1!H9,Class_2!H9) -> 0.56384028 | K9: =MIN(Class_0!I9,Class_1!I9,Class_2!I9) -> 1
B10: features.14 | D10: =MIN(Class_0!B10,Class_1!B10,Class_2!B10) -> -0.11984025 | E10: =MIN(Class_0!C10,Class_1!C10,Class_2!C10) -> 0.11101663 | F10: =MIN(Class_0!D10,Class_1!D10,Class_2!D10) -> 0.1086848 | G10: =MIN(Class_0!E10,Class_1!E10,Class_2!E10) -> 0.089662736 | H10: =MIN(Class_0!F10,Class_1!F10,Class_2!F10) -> 0.21747645 | I10: =MIN(Class_0!G10,Class_1!G10,Class_2!G10) -> 0.30099536 | J10: =MIN(Class_0!H10,Class_1!H10,Class_2!H10) -> 0.47841463 | K10: =MIN(Class_0!I10,Class_1!I10,Class_2!I10) -> 0.44464204 | L10: =MIN(Class_0!J10,Class_1!J10,Class_2!J10) -> 1
B11: features.16 | D11: =MIN(Class_0!B11,Class_1!B11,Class_2!B11) -> -0.11003064 | E11: =MIN(Class_0!C11,Class_1!C11,Class_2!C11) -> 0.13393667 | F11: =MIN(Class_0!D11,Class_1!D11,Class_2!D11) -> 0.10247539 | G11: =MIN(Class_0!E11,Class_1!E11,Class_2!E11) -> 0.042182547 | H11: =MIN(Class_0!F11,Class_1!F11,Class_2!F11) -> 0.2168714 | I11: =MIN(Class_0!G11,Class_1!G11,Class_2!G11) -> 0.33640543 | J11: =MIN(Class_0!H11,Class_1!H11,Class_2!H11) -> 0.53984218 | K11: =MIN(Class_0!I11,Class_1!I11,Class_2!I11) -> 0.55256603 | ... M11: =MIN(Class_0!K11,Class_1!K11,Class_2!K11) -> 1
B12: features.17 | D12: =MIN(Class_0!B12,Class_1!B12,Class_2!B12) -> -0.084560584 | E12: =MIN(Class_0!C12,Class_1!C12,Class_2!C12) -> 0.17080081 | F12: =MIN(Class_0!D12,Class_1!D12,Class_2!D12) -> 0.16095832 | G12: =MIN(Class_0!E12,Class_1!E12,Class_2!E12) -> 0.1891138 | H12: =MIN(Class_0!F12,Class_1!F12,Class_2!F12) -> 0.19387386 | I12: =MIN(Class_0!G12,Class_1!G12,Class_2!G12) -> 0.23158876 | J12: =MIN(Class_0!H12,Class_1!H12,Class_2!H12) -> 0.26951276 | K12: =MIN(Class_0!I12,Class_1!I12,Class_2!I12) -> 0.28780461 | ... N12: =MIN(Class_0!L12,Class_1!L12,Class_2!L12) -> 1
B13: features.19 | D13: =MIN(Class_0!B13,Class_1!B13,Class_2!B13) -> -0.06681008 | E13: =MIN(Class_0!C13,Class_1!C13,Class_2!C13) -> 0.19888006 | F13: =MIN(Class_0!D13,Class_1!D13,Class_2!D13) -> 0.11659015 | G13: =MIN(Class_0!E13,Class_1!E13,Class_2!E13) -> 0.061207575 | H13: =MIN(Class_0!F13,Class_1!F13,Class_2!F13) -> 0.27599567 | I13: =MIN(Class_0!G13,Class_1!G13,Class_2!G13) -> 0.31966749 | J13: =MIN(Class_0!H13,Class_1!H13,Class_2!H13) -> 0.22518905 | K13: =MIN(Class_0!I13,Class_1!I13,Class_2!I13) -> 0.18867983 | ... O13: =MIN(Class_0!M13,Class_1!M13,Class_2!M13) -> 1
B14: features.21 | D14: =MIN(Class_0!B14,Class_1!B14,Class_2!B14) -> -0.088222242 | E14: =MIN(Class_0!C14,Class_1!C14,Class_2!C14) -> 0.094754369 | F14: =MIN(Class_0!D14,Class_1!D14,Class_2!D14) -> 0.062970976 | G14: =MIN(Class_0!E14,Class_1!E14,Class_2!E14) -> 0.13043239 | H14: =MIN(Class_0!F14,Class_1!F14,Class_2!F14) -> 0.15095424 | I14: =MIN(Class_0!G14,Class_1!G14,Class_2!G14) -> 0.14065166 | J14: =MIN(Class_0!H14,Class_1!H14,Class_2!H14) -> 0.065290104 | K14: =MIN(Class_0!I14,Class_1!I14,Class_2!I14) -> 0.14223495 | ... P14: =MIN(Class_0!N14,Class_1!N14,Class_2!N14) -> 1
B15: features.23 | D15: =MIN(Class_0!B15,Class_1!B15,Class_2!B15) -> -0.053886539 | E15: =MIN(Class_0!C15,Class_1!C15,Class_2!C15) -> -0.11609945 | F15: =MIN(Class_0!D15,Class_1!D15,Class_2!D15) -> -0.093344758 | G15: =MIN(Class_0!E15,Class_1!E15,Class_2!E15) -> -0.012713545 | H15: =MIN(Class_0!F15,Class_1!F15,Class_2!F15) -> 0.0096909992 | I15: =MIN(Class_0!G15,Class_1!G15,Class_2!G15) -> 0.086678523 | J15: =MIN(Class_0!H15,Class_1!H15,Class_2!H15) -> 0.10422983 | K15: =MIN(Class_0!I15,Class_1!I15,Class_2!I15) -> 0.14777133 | ... Q15: =MIN(Class_0!O15,Class_1!O15,Class_2!O15) -> 1
B16: features.24 | D16: =MIN(Class_0!B16,Class_1!B16,Class_2!B16) -> -0.045800944 | E16: =MIN(Class_0!C16,Class_1!C16,Class_2!C16) -> 0.095761712 | F16: =MIN(Class_0!D16,Class_1!D16,Class_2!D16) -> 0.051419769 | G16: =MIN(Class_0!E16,Class_1!E16,Class_2!E16) -> 0.11683317 | H16: =MIN(Class_0!F16,Class_1!F16,Class_2!F16) -> 0.18474873 | I16: =MIN(Class_0!G16,Class_1!G16,Class_2!G16) -> 0.21751284 | J16: =MIN(Class_0!H16,Class_1!H16,Class_2!H16) -> 0.23227549 | K16: =MIN(Class_0!I16,Class_1!I16,Class_2!I16) -> 0.17150836 | ... R16: =MIN(Class_0!P16,Class_1!P16,Class_2!P16) -> 1
B17: features.26 | D17: =MIN(Class_0!B17,Class_1!B17,Class_2!B17) -> -0.086935845 | E17: =MIN(Class_0!C17,Class_1!C17,Class_2!C17) -> -0.006862807 | F17: =MIN(Class_0!D17,Class_1!D17,Class_2!D17) -> -0.024970658 | G17: =MIN(Class_0!E17,Class_1!E17,Class_2!E17) -> 0.0019969163 | H17: =MIN(Class_0!F17,Class_1!F17,Class_2!F17) -> 0.1343272 | I17: =MIN(Class_0!G17,Class_1!G17,Class_2!G17) -> 0.11440302 | J17: =MIN(Class_0!H17,Class_1!H17,Class_2!H17) -> -0.051804388 | K17: =MIN(Class_0!I17,Class_1!I17,Class_2!I17) -> -0.044809466 | ... S17: =MIN(Class_0!Q17,Class_1!Q17,Class_2!Q17) -> 1
B18: features.28 | D18: =MIN(Class_0!B18,Class_1!B18,Class_2!B18) -> -0.072656046 | E18: =MIN(Class_0!C18,Class_1!C18,Class_2!C18) -> 0.0017300142 | F18: =MIN(Class_0!D18,Class_1!D18,Class_2!D18) -> -0.011305207 | G18: =MIN(Class_0!E18,Class_1!E18,Class_2!E18) -> 0.040029888 | H18: =MIN(Class_0!F18,Class_1!F18,Class_2!F18) -> 0.086407793 | I18: =MIN(Class_0!G18,Class_1!G18,Class_2!G18) -> 0.11002061 | J18: =MIN(Class_0!H18,Class_1!H18,Class_2!H18) -> 0.18467371 | K18: =MIN(Class_0!I18,Class_1!I18,Class_2!I18) -> 0.12735782 | ... T18: =MIN(Class_0!R18,Class_1!R18,Class_2!R18) -> 1
B19: features.30 | D19: =MIN(Class_0!B19,Class_1!B19,Class_2!B19) -> -0.10599016 | E19: =MIN(Class_0!C19,Class_1!C19,Class_2!C19) -> 0.028475338 | F19: =MIN(Class_0!D19,Class_1!D19,Class_2!D19) -> -0.0045493052 | G19: =MIN(Class_0!E19,Class_1!E19,Class_2!E19) -> 0.067674097 | H19: =MIN(Class_0!F19,Class_1!F19,Class_2!F19) -> 0.15383962 | I19: =MIN(Class_0!G19,Class_1!G19,Class_2!G19) -> 0.10602578 | J19: =MIN(Class_0!H19,Class_1!H19,Class_2!H19) -> 0.062109113 | K19: =MIN(Class_0!I19,Class_1!I19,Class_2!I19) -> 0.0078706588 | ... U19: =MIN(Class_0!S19,Class_1!S19,Class_2!S19) -> 1
B26: VGG16
D27: 0 | E27: 2 | F27: 4 | G27: 5 | H27: 7 | I27: 9 | J27: 10 | K27: 12 | L27: 14 | M27: 16 | N27: 17 | O27: 19 | P27: 21 | Q27: 23 | R27: 24 | S27: 26 | T27: 28 | U27: 30
B28: features.0 | D28: =IF(D2>0,CHAR(43),CHAR(45)) -> +
B29: features.2 | D29: =IF(D3>0,CHAR(43),CHAR(45)) -> - | E29: =IF(E3>0,CHAR(43),CHAR(45)) -> +
B30: features.4 | D30: =IF(D4>0,CHAR(43),CHAR(45)) -> - | E30: =IF(E4>0,CHAR(43),CHAR(45)) -> + | F30: =IF(F4>0,CHAR(43),CHAR(45)) -> +
B31: features.5 | D31: =IF(D5>0,CHAR(43),CHAR(45)) -> - | E31: =IF(E5>0,CHAR(43),CHAR(45)) -> + | F31: =IF(F5>0,CHAR(43),CHAR(45)) -> + | G31: =IF(G5>0,CHAR(43),CHAR(45)) -> +
B32: features.7 | D32: =IF(D6>0,CHAR(43),CHAR(45)) -> + | E32: =IF(E6>0,CHAR(43),CHAR(45)) -> + | F32: =IF(F6>0,CHAR(43),CHAR(45)) -> + | G32: =IF(G6>0,CHAR(43),CHAR(45)) -> + | H32: =IF(H6>0,CHAR(43),CHAR(45)) -> +
B33: features.9 | D33: =IF(D7>0,CHAR(43),CHAR(45)) -> - | E33: =IF(E7>0,CHAR(43),CHAR(45)) -> + | F33: =IF(F7>0,CHAR(43),CHAR(45)) -> + | G33: =IF(G7>0,CHAR(43),CHAR(45)) -> + | H33: =IF(H7>0,CHAR(43),CHAR(45)) -> + | I33: =IF(I7>0,CHAR(43),CHAR(45)) -> +
B34: features.10 | D34: =IF(D8>0,CHAR(43),CHAR(45)) -> - | E34: =IF(E8>0,CHAR(43),CHAR(45)) -> + | F34: =IF(F8>0,CHAR(43),CHAR(45)) -> + | G34: =IF(G8>0,CHAR(43),CHAR(45)) -> + | H34: =IF(H8>0,CHAR(43),CHAR(45)) -> + | I34: =IF(I8>0,CHAR(43),CHAR(45)) -> + | J34: =IF(J8>0,CHAR(43),CHAR(45)) -> +
B35: features.12 | D35: =IF(D9>0,CHAR(43),CHAR(45)) -> - | E35: =IF(E9>0,CHAR(43),CHAR(45)) -> + | F35: =IF(F9>0,CHAR(43),CHAR(45)) -> - | G35: =IF(G9>0,CHAR(43),CHAR(45)) -> + | H35: =IF(H9>0,CHAR(43),CHAR(45)) -> + | I35: =IF(I9>0,CHAR(43),CHAR(45)) -> + | J35: =IF(J9>0,CHAR(43),CHAR(45)) -> + | K35: =IF(K9>0,CHAR(43),CHAR(45)) -> +
B36: features.14 | D36: =IF(D10>0,CHAR(43),CHAR(45)) -> - | E36: =IF(E10>0,CHAR(43),CHAR(45)) -> + | F36: =IF(F10>0,CHAR(43),CHAR(45)) -> + | G36: =IF(G10>0,CHAR(43),CHAR(45)) -> + | H36: =IF(H10>0,CHAR(43),CHAR(45)) -> + | I36: =IF(I10>0,CHAR(43),CHAR(45)) -> + | J36: =IF(J10>0,CHAR(43),CHAR(45)) -> + | K36: =IF(K10>0,CHAR(43),CHAR(45)) -> + | L36: =IF(L10>0,CHAR(43),CHAR(45)) -> +
B37: features.16 | D37: =IF(D11>0,CHAR(43),CHAR(45)) -> - | E37: =IF(E11>0,CHAR(43),CHAR(45)) -> + | F37: =IF(F11>0,CHAR(43),CHAR(45)) -> + | G37: =IF(G11>0,CHAR(43),CHAR(45)) -> + | H37: =IF(H11>0,CHAR(43),CHAR(45)) -> + | I37: =IF(I11>0,CHAR(43),CHAR(45)) -> + | J37: =IF(J11>0,CHAR(43),CHAR(45)) -> + | K37: =IF(K11>0,CHAR(43),CHAR(45)) -> + | ... M37: =IF(M11>0,CHAR(43),CHAR(45)) -> +
B38: features.17 | D38: =IF(D12>0,CHAR(43),CHAR(45)) -> - | E38: =IF(E12>0,CHAR(43),CHAR(45)) -> + | F38: =IF(F12>0,CHAR(43),CHAR(45)) -> + | G38: =IF(G12>0,CHAR(43),CHAR(45)) -> + | H38: =IF(H12>0,CHAR(43),CHAR(45)) -> + | I38: =IF(I12>0,CHAR(43),CHAR(45)) -> + | J38: =IF(J12>0,CHAR(43),CHAR(45)) -> + | K38: =IF(K12>0,CHAR(43),CHAR(45)) -> + | ... N38: =IF(N12>0,CHAR(43),CHAR(45)) -> +
B39: features.19 | D39: =IF(D13>0,CHAR(43),CHAR(45)) -> - | E39: =IF(E13>0,CHAR(43),CHAR(45)) -> + | F39: =IF(F13>0,CHAR(43),CHAR(45)) -> + | G39: =IF(G13>0,CHAR(43),CHAR(45)) -> + | H39: =IF(H13>0,CHAR(43),CHAR(45)) -> + | I39: =IF(I13>0,CHAR(43),CHAR(45)) -> + | J39: =IF(J13>0,CHAR(43),CHAR(45)) -> + | K39: =IF(K13>0,CHAR(43),CHAR(45)) -> + | ... O39: =IF(O13>0,CHAR(43),CHAR(45)) -> +
B40: features.21 | D40: =IF(D14>0,CHAR(43),CHAR(45)) -> - | E40: =IF(E14>0,CHAR(43),CHAR(45)) -> + | F40: =IF(F14>0,CHAR(43),CHAR(45)) -> + | G40: =IF(G14>0,CHAR(43),CHAR(45)) -> + | H40: =IF(H14>0,CHAR(43),CHAR(45)) -> + | I40: =IF(I14>0,CHAR(43),CHAR(45)) -> + | J40: =IF(J14>0,CHAR(43),CHAR(45)) -> + | K40: =IF(K14>0,CHAR(43),CHAR(45)) -> + | ... P40: =IF(P14>0,CHAR(43),CHAR(45)) -> +
B41: features.23 | D41: =IF(D15>0,CHAR(43),CHAR(45)) -> - | E41: =IF(E15>0,CHAR(43),CHAR(45)) -> - | F41: =IF(F15>0,CHAR(43),CHAR(45)) -> - | G41: =IF(G15>0,CHAR(43),CHAR(45)) -> - | H41: =IF(H15>0,CHAR(43),CHAR(45)) -> + | I41: =IF(I15>0,CHAR(43),CHAR(45)) -> + | J41: =IF(J15>0,CHAR(43),CHAR(45)) -> + | K41: =IF(K15>0,CHAR(43),CHAR(45)) -> + | ... Q41: =IF(Q15>0,CHAR(43),CHAR(45)) -> +
B42: features.24 | D42: =IF(D16>0,CHAR(43),CHAR(45)) -> - | E42: =IF(E16>0,CHAR(43),CHAR(45)) -> + | F42: =IF(F16>0,CHAR(43),CHAR(45)) -> + | G42: =IF(G16>0,CHAR(43),CHAR(45)) -> + | H42: =IF(H16>0,CHAR(43),CHAR(45)) -> + | I42: =IF(I16>0,CHAR(43),CHAR(45)) -> + | J42: =IF(J16>0,CHAR(43),CHAR(45)) -> + | K42: =IF(K16>0,CHAR(43),CHAR(45)) -> + | ... R42: =IF(R16>0,CHAR(43),CHAR(45)) -> +
B43: features.26 | D43: =IF(D17>0,CHAR(43),CHAR(45)) -> - | E43: =IF(E17>0,CHAR(43),CHAR(45)) -> - | F43: =IF(F17>0,CHAR(43),CHAR(45)) -> - | G43: =IF(G17>0,CHAR(43),CHAR(45)) -> + | H43: =IF(H17>0,CHAR(43),CHAR(45)) -> + | I43: =IF(I17>0,CHAR(43),CHAR(45)) -> + | J43: =IF(J17>0,CHAR(43),CHAR(45)) -> - | K43: =IF(K17>0,CHAR(43),CHAR(45)) -> - | ... S43: =IF(S17>0,CHAR(43),CHAR(45)) -> +
B44: features.28 | D44: =IF(D18>0,CHAR(43),CHAR(45)) -> - | E44: =IF(E18>0,CHAR(43),CHAR(45)) -> + | F44: =IF(F18>0,CHAR(43),CHAR(45)) -> - | G44: =IF(G18>0,CHAR(43),CHAR(45)) -> + | H44: =IF(H18>0,CHAR(43),CHAR(45)) -> + | I44: =IF(I18>0,CHAR(43),CHAR(45)) -> + | J44: =IF(J18>0,CHAR(43),CHAR(45)) -> + | K44: =IF(K18>0,CHAR(43),CHAR(45)) -> + | ... T44: =IF(T18>0,CHAR(43),CHAR(45)) -> +
B45: features.30 | D45: =IF(D19>0,CHAR(43),CHAR(45)) -> - | E45: =IF(E19>0,CHAR(43),CHAR(45)) -> + | F45: =IF(F19>0,CHAR(43),CHAR(45)) -> - | G45: =IF(G19>0,CHAR(43),CHAR(45)) -> + | H45: =IF(H19>0,CHAR(43),CHAR(45)) -> + | I45: =IF(I19>0,CHAR(43),CHAR(45)) -> + | J45: =IF(J19>0,CHAR(43),CHAR(45)) -> + | K45: =IF(K19>0,CHAR(43),CHAR(45)) -> + | ... U45: =IF(U19>0,CHAR(43),CHAR(45)) -> +
B49: INCEPTIONV3
B50: Layer name | C50: Layer Index | D50: 0 | E50: 1 | F50: 2 | G50: 3 | H50: 4 | I50: 5 | J50: 6 | K50: 7 | L50: 8 | M50: 9 | N50: 10 | O50: 11 | P50: 12 | Q50: 13 | R50: 14 | S50: 15 | T50: 16 | U50: 17 | V50: 18 | W50: 19
B51: Mixed_6b.branch7x7dbl_4.conv | C51: 0 | D51: +
B52: Mixed_6c.branch1x1.conv | C52: =C51+1 -> 1 | D52: + | E52: +
B53: Mixed_6c.branch7x7_2.conv | C53: =C52+1 -> 2 | D53: + | E53: - | F53: +
B54: Mixed_6c.branch7x7_3.conv | C54: =C53+1 -> 3 | D54: + | E54: - | F54: + | G54: +
B55: Mixed_6c.branch7x7dbl_1.conv | C55: =C54+1 -> 4 | D55: + | E55: - | F55: + | G55: + | H55: +
B56: Mixed_6c.branch7x7dbl_2.conv | C56: =C55+1 -> 5 | D56: + | E56: + | F56: + | G56: + | H56: + | I56: +
B57: Mixed_6c.branch_pool.conv | C57: =C56+1 -> 6 | D57: + | E57: - | F57: - | G57: - | H57: + | I57: - | J57: +
B58: Mixed_6d.branch7x7dbl_1.conv | C58: =C57+1 -> 7 | D58: + | E58: + | F58: + | G58: + | H58: + | I58: + | J58: + | K58: +
B59: Mixed_6d.branch7x7dbl_2.conv | C59: =C58+1 -> 8 | D59: + | E59: + | F59: + | G59: + | H59: + | I59: + | J59: + | K59: + | L59: +
B60: Mixed_6d.branch7x7dbl_4.conv | C60: =C59+1 -> 9 | D60: + | E60: + | F60: + | G60: + | H60: + | I60: + | J60: + | K60: + | L60: + | M60: +
B61: Mixed_6e.branch1x1.conv | C61: =C60+1 -> 10 | D61: + | E61: + | F61: + | G61: - | H61: + | I61: + | J61: - | K61: - | L61: - | M61: + | N61: +
B62: Mixed_6e.branch7x7_1.conv | C62: =C61+1 -> 11 | D62: + | E62: + | F62: - | G62: - | H62: + | I62: - | J62: + | K62: + | L62: + | M62: + | N62: + | O62: +
B63: Mixed_6e.branch7x7_2.conv | C63: =C62+1 -> 12 | D63: - | E63: + | F63: - | G63: - | H63: - | I63: - | J63: - | K63: + | L63: + | M63: + | N63: + | O63: + | P63: +
B64: Mixed_6e.branch7x7dbl_2.conv | C64: =C63+1 -> 13 | D64: + | E64: + | F64: - | G64: + | H64: + | I64: - | J64: - | K64: - | L64: - | M64: + | N64: + | O64: + | P64: + | Q64: +
B65: Mixed_6e.branch7x7dbl_5.conv | C65: =C64+1 -> 14 | D65: - | E65: + | F65: - | G65: - | H65: - | I65: + | J65: - | K65: - | L65: - | M65: - | N65: - | O65: + | P65: + | Q65: + | R65: +
B66: Mixed_7a.branch3x3_2.conv | C66: =C65+1 -> 15 | D66: - | E66: + | F66: - | G66: - | H66: - | I66: - | J66: - | K66: - | L66: - | M66: - | N66: + | O66: + | P66: + | Q66: - | R66: - | S66: +
B67: Mixed_7a.branch7x7x3_1.conv | C67: =C66+1 -> 16 | D67: - | E67: + | F67: - | G67: - | H67: + | I67: + | J67: + | K67: + | L67: + | M67: + | N67: - | O67: + | P67: + | Q67: + | R67: + | S67: + | T67: +
B68: Mixed_7b.branch3x3_1.conv | C68: =C67+1 -> 17 | D68: - | E68: - | F68: - | G68: - | H68: - | I68: - | J68: - | K68: - | L68: - | M68: - | N68: + | O68: - | P68: - | Q68: + | R68: - | S68: - | T68: - | U68: +
B69: Mixed_7b.branch3x3dbl_1.conv | C69: =C68+1 -> 18 | D69: + | E69: + | F69: - | G69: - | H69: - | I69: - | J69: + | K69: - | L69: - | M69: - | N69: + | O69: - | P69: + | Q69: + | R69: + | S69: - | T69: - | U69: - | V69: +
B70: Mixed_7b.branch3x3dbl_2.conv | C70: =C69+1 -> 19 | D70: - | E70: + | F70: - | G70: - | H70: - | I70: - | J70: - | K70: - | L70: - | M70: - | N70: + | O70: + | P70: + | Q70: + | R70: + | S70: - | T70: - | U70: + | V70: + | W70: +
B75: RESNET50
B76: Layer Name | C76: Layer Index | D76: 1 | E76: 2 | F76: 3 | G76: 4 | H76: 5 | I76: 6 | J76: 7 | K76: 8 | L76: 9 | M76: 10 | N76: 11 | O76: 12 | P76: 13 | Q76: 14 | R76: 15 | S76: 16 | T76: 17 | U76: 18 | V76: 19 | W76: 20 | X76: 21 | Y76: 22 | Z76: 23 | AA76: 24 | AB76: 25 | AC76: 26 | AD76: 27 | AE76: 28 | AF76: 29 | AG76: 30 | AH76: 31 | AI76: 32 | AJ76: 33 | AK76: 34 | AL76: 35 | AM76: 36 | AN76: 37 | AO76: 38 | AP76: 39 | AQ76: 40 | AR76: 41 | AS76: 42 | AT76: 43 | AU76: 44 | AV76: 45 | AW76: 46 | AX76: 47 | AY76: 48 | AZ76: 49 | BA76: 50 | BB76: 51 | BC76: 52 | BD76: 53 | BE76: 54
B77: conv1 | C77: 1 | D77: +
B78: maxpool | C78: 2 | D78: + | E78: +
B79: layer1.0.conv1 | C79: 3 | D79: + | E79: + | F79: +
B80: layer1.0.conv2 | C80: 4 | D80: + | E80: + | F80: + | G80: +
B81: layer1.0.conv3 | C81: 5 | D81: + | E81: + | F81: + | G81: + | H81: +
B82: layer1.0.downsample.0 | C82: 6 | D82: + | E82: + | F82: + | G82: + | H82: + | I82: +
B83: layer1.1.conv1 | C83: 7 | D83: - | E83: + | F83: + | G83: + | H83: + | I83: + | J83: +
B84: layer1.1.conv2 | C84: 8 | D84: + | E84: + | F84: + | G84: + | H84: + | I84: + | J84: + | K84: +
B85: layer1.1.conv3 | C85: 9 | D85: - | E85: - | F85: - | G85: + | H85: + | I85: - | J85: + | K85: + | L85: +
B86: layer1.2.conv1 | C86: 10 | D86: - | E86: + | F86: + | G86: + | H86: + | I86: + | J86: + | K86: + | L86: + | M86: +
B87: layer1.2.conv2 | C87: 11 | D87: + | E87: - | F87: - | G87: - | H87: - | I87: - | J87: + | K87: + | L87: + | M87: + | N87: +
B88: layer1.2.conv3 | C88: 12 | D88: - | E88: - | F88: - | G88: + | H88: - | I88: - | J88: - | K88: - | L88: - | M88: - | N88: + | O88: +
B89: layer2.0.conv1 | C89: 13 | D89: + | E89: + | F89: + | G89: + | H89: + | I89: + | J89: - | K89: + | L89: - | M89: - | N89: - | O89: + | P89: +
B90: layer2.0.conv2 | C90: 14 | D90: + | E90: - | F90: - | G90: - | H90: - | I90: - | J90: - | K90: - | L90: - | M90: - | N90: - | O90: + | P90: + | Q90: +
B91: layer2.0.conv3 | C91: 15 | D91: - | E91: - | F91: - | G91: - | H91: - | I91: - | J91: - | K91: - | L91: + | M91: - | N91: - | O91: + | P91: + | Q91: + | R91: +
B92: layer2.0.downsample.0 | C92: 16 | D92: + | E92: + | F92: + | G92: + | H92: + | I92: + | J92: - | K92: - | L92: - | M92: - | N92: - | O92: - | P92: + | Q92: + | R92: - | S92: +
B93: layer2.1.conv1 | C93: 17 | D93: + | E93: + | F93: + | G93: + | H93: + | I93: + | J93: + | K93: - | L93: - | M93: + | N93: + | O93: + | P93: - | Q93: - | R93: - | S93: + | T93: +
B94: layer2.1.conv2 | C94: 18 | D94: + | E94: + | F94: + | G94: - | H94: - | I94: - | J94: + | K94: - | L94: - | M94: + | N94: - | O94: - | P94: - | Q94: - | R94: - | S94: + | T94: + | U94: +
B95: layer2.1.conv3 | C95: 19 | D95: + | E95: - | F95: - | G95: - | H95: - | I95: - | J95: + | K95: - | L95: + | M95: + | N95: - | O95: + | P95: - | Q95: + | R95: + | S95: + | T95: + | U95: + | V95: +
B96: layer2.2.conv1 | C96: 20 | D96: - | E96: - | F96: - | G96: - | H96: - | I96: - | J96: - | K96: + | L96: + | M96: - | N96: - | O96: + | P96: + | Q96: + | R96: + | S96: + | T96: + | U96: + | V96: + | W96: +
B97: layer2.2.conv2 | C97: 21 | D97: + | E97: - | F97: - | G97: - | H97: - | I97: - | J97: + | K97: + | L97: + | M97: - | N97: - | O97: - | P97: - | Q97: + | R97: + | S97: + | T97: + | U97: + | V97: + | W97: + | X97: +
B98: layer2.2.conv3 | C98: 22 | D98: - | E98: - | F98: - | G98: - | H98: - | I98: - | J98: - | K98: - | L98: + | M98: - | N98: - | O98: + | P98: - | Q98: + | R98: + | S98: - | T98: - | U98: + | V98: + | W98: + | X98: + | Y98: +
B99: layer2.3.conv1 | C99: 23 | D99: + | E99: - | F99: - | G99: - | H99: - | I99: - | J99: - | K99: + | L99: + | M99: - | N99: - | O99: + | P99: + | Q99: + | R99: + | S99: - | T99: - | U99: - | V99: + | W99: + | X99: + | Y99: + | Z99: +
B100: layer2.3.conv2 | C100: 24 | D100: + | E100: - | F100: - | G100: + | H100: - | I100: - | J100: - | K100: - | L100: + | M100: - | N100: - | O100: - | P100: + | Q100: + | R100: + | S100: - | T100: - | U100: + | V100: + | W100: + | X100: + | Y100: + | Z100: + | AA100: +
B101: layer2.3.conv3 | C101: 25 | D101: + | E101: - | F101: - | G101: - | H101: - | I101: - | J101: + | K101: + | L101: + | M101: - | N101: - | O101: + | P101: - | Q101: + | R101: + | S101: - | T101: - | U101: - | V101: + | W101: - | X101: + | Y101: + | Z101: + | AA101: + | AB101: +
B102: layer3.0.conv1 | C102: 26 | D102: - | E102: - | F102: - | G102: - | H102: - | I102: - | J102: - | K102: - | L102: + | M102: - | N102: - | O102: + | P102: + | Q102: + | R102: + | S102: + | T102: - | U102: + | V102: + | W102: - | X102: - | Y102: + | Z102: + | AA102: + | AB102: + | AC102: +
B103: layer3.0.conv2 | C103: 27 | D103: - | E103: - | F103: - | G103: - | H103: - | I103: - | J103: - | K103: - | L103: + | M103: - | N103: - | O103: + | P103: + | Q103: + | R103: + | S103: + | T103: - | U103: - | V103: - | W103: - | X103: - | Y103: + | Z103: + | AA103: + | AB103: + | AC103: + | AD103: +
B104: layer3.0.conv3 | C104: 28 | D104: - | E104: - | F104: - | G104: - | H104: - | I104: - | J104: - | K104: + | L104: + | M104: - | N104: - | O104: + | P104: + | Q104: + | R104: + | S104: + | T104: - | U104: - | V104: + | W104: - | X104: - | Y104: + | Z104: + | AA104: + | AB104: + | AC104: + | AD104: + | AE104: +
B105: layer3.0.downsample.0 | C105: 29 | D105: - | E105: + | F105: - | G105: - | H105: - | I105: - | J105: - | K105: - | L105: + | M105: - | N105: - | O105: + | P105: + | Q105: + | R105: + | S105: + | T105: - | U105: + | V105: + | W105: + | X105: + | Y105: + | Z105: + | AA105: + | AB105: + | AC105: + | AD105: + | AE105: + | AF105: +
B106: layer3.1.conv1 | C106: 30 | D106: - | E106: - | F106: - | G106: - | H106: - | I106: - | J106: - | K106: - | L106: + | M106: - | N106: - | O106: - | P106: - | Q106: + | R106: + | S106: + | T106: - | U106: + | V106: + | W106: + | X106: + | Y106: + | Z106: + | AA106: + | AB106: + | AC106: + | AD106: + | AE106: + | AF106: + | AG106: +
B107: layer3.1.conv2 | C107: 31 | D107: + | E107: - | F107: - | G107: - | H107: - | I107: - | J107: - | K107: - | L107: + | M107: - | N107: - | O107: - | P107: - | Q107: + | R107: + | S107: + | T107: - | U107: + | V107: + | W107: + | X107: + | Y107: + | Z107: + | AA107: + | AB107: + | AC107: + | AD107: + | AE107: + | AF107: + | AG107: + | AH107: +
B108: layer3.1.conv3 | C108: 32 | D108: - | E108: - | F108: - | G108: - | H108: - | I108: - | J108: - | K108: + | L108: + | M108: - | N108: - | O108: + | P108: - | Q108: + | R108: + | S108: - | T108: - | U108: + | V108: + | W108: + | X108: + | Y108: + | Z108: + | AA108: + | AB108: + | AC108: + | AD108: + | AE108: + | AF108: + | AG108: + | AH108: + | AI108: +
B109: layer3.2.conv1 | C109: 33 | D109: + | E109: - | F109: - | G109: - | H109: - | I109: - | J109: - | K109: - | L109: + | M109: - | N109: - | O109: - | P109: - | Q109: + | R109: + | S109: - | T109: - | U109: - | V109: + | W109: + | X109: + | Y109: + | Z109: + | AA109: + | AB109: + | AC109: + | AD109: + | AE109: + | AF109: + | AG109: + | AH109: + | AI109: + | AJ109: +
B110: layer3.2.conv2 | C110: 34 | D110: - | E110: - | F110: - | G110: - | H110: - | I110: - | J110: - | K110: - | L110: + | M110: - | N110: - | O110: - | P110: - | Q110: + | R110: + | S110: - | T110: - | U110: - | V110: + | W110: + | X110: + | Y110: + | Z110: + | AA110: + | AB110: + | AC110: + | AD110: + | AE110: + | AF110: + | AG110: + | AH110: + | AI110: + | AJ110: + | AK110: +
B111: layer3.2.conv3 | C111: 35 | D111: - | E111: - | F111: - | G111: - | H111: - | I111: - | J111: - | K111: - | L111: + | M111: - | N111: - | O111: - | P111: + | Q111: + | R111: + | S111: - | T111: - | U111: - | V111: + | W111: + | X111: + | Y111: + | Z111: + | AA111: + | AB111: + | AC111: + | AD111: + | AE111: + | AF111: + | AG111: + | AH111: + | AI111: + | AJ111: + | AK111: + | AL111: +
B112: layer3.3.conv1 | C112: 36 | D112: - | E112: - | F112: - | G112: - | H112: - | I112: - | J112: - | K112: + | L112: + | M112: - | N112: - | O112: - | P112: + | Q112: + | R112: + | S112: + | T112: - | U112: - | V112: - | W112: + | X112: + | Y112: + | Z112: + | AA112: + | AB112: + | AC112: + | AD112: + | AE112: + | AF112: + | AG112: + | AH112: + | AI112: + | AJ112: + | AK112: + | AL112: + | AM112: +
B113: layer3.3.conv2 | C113: 37 | D113: - | E113: - | F113: - | G113: - | H113: - | I113: - | J113: - | K113: - | L113: + | M113: - | N113: - | O113: + | P113: + | Q113: + | R113: + | S113: - | T113: - | U113: - | V113: + | W113: + | X113: + | Y113: + | Z113: + | AA113: + | AB113: + | AC113: + | AD113: + | AE113: + | AF113: + | AG113: + | AH113: + | AI113: + | AJ113: + | AK113: + | AL113: + | AM113: + | AN113: +
...

Sheet VGG16_Heatmap
D3: Layer Index | E3: 0 | F3: 2 | G3: 4 | H3: 5 | I3: 7 | J3: 9 | K3: 10 | L3: 12 | M3: 14 | N3: 16 | O3: 17 | P3: 19 | Q3: 21 | R3: 23 | S3: 24 | T3: 26 | U3: 28 | V3: 30
C4: features.0 | D4: 0 | E4: +
C5: features.2 | D5: =D4+1 -> 1 | E5: - | F5: +
C6: features.4 | D6: =D5+1 -> 2 | E6: - | F6: + | G6: +
C7: features.5 | D7: =D6+1 -> 3 | E7: - | F7: + | G7: + | H7: +
C8: features.7 | D8: =D7+1 -> 4 | E8: + | F8: + | G8: + | H8: + | I8: +
C9: features.9 | D9: =D8+1 -> 5 | E9: - | F9: + | G9: + | H9: + | I9: + | J9: +
C10: features.10 | D10: =D9+1 -> 6 | E10: - | F10: + | G10: + | H10: + | I10: + | J10: + | K10: +
C11: features.12 | D11: =D10+1 -> 7 | E11: - | F11: + | G11: - | H11: + | I11: + | J11: + | K11: + | L11: +
C12: features.14 | D12: =D11+1 -> 8 | E12: - | F12: + | G12: + | H12: + | I12: + | J12: + | K12: + | L12: + | M12: +
C13: features.16 | D13: =D12+1 -> 9 | E13: - | F13: + | G13: + | H13: + | I13: + | J13: + | K13: + | L13: + | M13: + | N13: +
C14: features.17 | D14: =D13+1 -> 10 | E14: - | F14: + | G14: + | H14: + | I14: + | J14: + | K14: + | L14: + | M14: + | N14: + | O14: +
C15: features.19 | D15: =D14+1 -> 11 | E15: - | F15: + | G15: + | H15: + | I15: + | J15: + | K15: + | L15: + | M15: + | N15: + | O15: + | P15: +
C16: features.21 | D16: =D15+1 -> 12 | E16: - | F16: + | G16: + | H16: + | I16: + | J16: + | K16: + | L16: + | M16: + | N16: + | O16: + | P16: + | Q16: +
C17: features.23 | D17: =D16+1 -> 13 | E17: - | F17: - | G17: - | H17: - | I17: + | J17: + | K17: + | L17: + | M17: + | N17: + | O17: + | P17: + | Q17: + | R17: +
C18: features.24 | D18: =D17+1 -> 14 | E18: - | F18: + | G18: + | H18: + | I18: + | J18: + | K18: + | L18: + | M18: + | N18: + | O18: + | P18: + | Q18: + | R18: + | S18: +
C19: features.26 | D19: =D18+1 -> 15 | E19: - | F19: - | G19: - | H19: + | I19: + | J19: + | K19: - | L19: - | M19: - | N19: - | O19: + | P19: + | Q19: + | R19: + | S19: + | T19: +
C20: features.28 | D20: =D19+1 -> 16 | E20: - | F20: + | G20: - | H20: + | I20: + | J20: + | K20: + | L20: + | M20: + | N20: + | O20: + | P20: + | Q20: + | R20: + | S20: + | T20: + | U20: +
C21: features.30 | D21: =D20+1 -> 17 | E21: - | F21: + | G21: - | H21: + | I21: + | J21: + | K21: + | L21: + | M21: - | N21: - | O21: + | P21: + | Q21: + | R21: + | S21: + | T21: + | U21: + | V21: +

Sheet Inception_V3_Heatmap
C3: Layer name | D3: Layer Index | E3: 0 | F3: 1 | G3: 2 | H3: 3 | I3: 4 | J3: 5 | K3: 6 | L3: 7 | M3: 8 | N3: 9 | O3: 10 | P3: 11 | Q3: 12 | R3: 13 | S3: 14 | T3: 15 | U3: 16 | V3: 17 | W3: 18 | X3: 19
C4: Mixed_6b.branch7x7dbl_4.conv | D4: 0 | E4: +
C5: Mixed_6c.branch1x1.conv | D5: 1 | E5: + | F5: +
C6: Mixed_6c.branch7x7_2.conv | D6: 2 | E6: + | F6: - | G6: +
C7: Mixed_6c.branch7x7_3.conv | D7: 3 | E7: + | F7: - | G7: + | H7: +
C8: Mixed_6c.branch7x7dbl_1.conv | D8: 4 | E8: + | F8: - | G8: + | H8: + | I8: +
C9: Mixed_6c.branch7x7dbl_2.conv | D9: 5 | E9: + | F9: + | G9: + | H9: + | I9: + | J9: +
C10: Mixed_6c.branch_pool.conv | D10: 6 | E10: + | F10: - | G10: - | H10: - | I10: + | J10: - | K10: +
C11: Mixed_6d.branch7x7dbl_1.conv | D11: 7 | E11: + | F11: + | G11: + | H11: + | I11: + | J11: + | K11: + | L11: +
C12: Mixed_6d.branch7x7dbl_2.conv | D12: 8 | E12: + | F12: + | G12: + | H12: + | I12: + | J12: + | K12: + | L12: + | M12: +
C13: Mixed_6d.branch7x7dbl_4.conv | D13: 9 | E13: + | F13: + | G13: + | H13: + | I13: + | J13: + | K13: + | L13: + | M13: + | N13: +
C14: Mixed_6e.branch1x1.conv | D14: 10 | E14: + | F14: + | G14: + | H14: - | I14: + | J14: + | K14: - | L14: - | M14: - | N14: + | O14: +
C15: Mixed_6e.branch7x7_1.conv | D15: 11 | E15: + | F15: + | G15: - | H15: - | I15: + | J15: - | K15: + | L15: + | M15: + | N15: + | O15: + | P15: +
C16: Mixed_6e.branch7x7_2.conv | D16: 12 | E16: - | F16: + | G16: - | H16: - | I16: - | J16: - | K16: - | L16: + | M16: + | N16: + | O16: + | P16: + | Q16: +
C17: Mixed_6e.branch7x7dbl_2.conv | D17: 13 | E17: + | F17: + | G17: - | H17: + | I17: + | J17: - | K17: - | L17: - | M17: - | N17: + | O17: + | P17: + | Q17: + | R17: +
C18: Mixed_6e.branch7x7dbl_5.conv | D18: 14 | E18: - | F18: + | G18: - | H18: - | I18: - | J18: + | K18: - | L18: - | M18: - | N18: - | O18: - | P18: + | Q18: + | R18: + | S18: +
C19: Mixed_7a.branch3x3_2.conv | D19: 15 | E19: - | F19: + | G19: - | H19: - | I19: - | J19: - | K19: - | L19: - | M19: - | N19: - | O19: + | P19: + | Q19: + | R19: - | S19: - | T19: +
C20: Mixed_7a.branch7x7x3_1.conv | D20: 16 | E20: - | F20: + | G20: - | H20: - | I20: + | J20: + | K20: + | L20: + | M20: + | N20: + | O20: - | P20: + | Q20: + | R20: + | S20: + | T20: + | U20: +
C21: Mixed_7b.branch3x3_1.conv | D21: 17 | E21: - | F21: - | G21: - | H21: - | I21: - | J21: - | K21: - | L21: - | M21: - | N21: - | O21: + | P21: - | Q21: - | R21: + | S21: - | T21: - | U21: - | V21: +
C22: Mixed_7b.branch3x3dbl_1.conv | D22: 18 | E22: + | F22: + | G22: - | H22: - | I22: - | J22: - | K22: + | L22: - | M22: - | N22: - | O22: + | P22: - | Q22: + | R22: + | S22: + | T22: - | U22: - | V22: - | W22: +
C23: Mixed_7b.branch3x3dbl_2.conv | D23: 19 | E23: - | F23: + | G23: - | H23: - | I23: - | J23: - | K23: - | L23: - | M23: - | N23: - | O23: + | P23: + | Q23: + | R23: + | S23: + | T23: - | U23: - | V23: + | W23: + | X23: +

Sheet MNet_Small
B2: Layer Number | C2: 0 | D2: 1 | E2: 2 | F2: 3 | G2: 4 | H2: 5 | I2: 6 | J2: 7 | K2: 8 | L2: 9 | M2: 10 | N2: 11 | O2: 12 | P2: 13 | Q2: 14 | R2: 15 | S2: 16 | T2: 17 | U2: 18 | V2: 19 | W2: 20 | X2: 21 | Y2: 22 | Z2: 23 | AA2: 24 | AB2: 25 | AC2: 26 | AD2: 27 | AE2: 28 | AF2: 29 | AG2: 30 | AH2: 31 | AI2: 32 | AJ2: 33 | AK2: 34 | AL2: 35 | AM2: 36 | AN2: 37 | AO2: 38 | AP2: 39 | AQ2: 40 | AR2: 41 | AS2: 42 | AT2: 43 | AU2: 44 | AV2: 45 | AW2: 46 | AX2: 47 | AY2: 48 | AZ2: 49 | BA2: 50 | BB2: 51
A3: features.0.0 | B3: 0 | C3: +
A4: features.1.block.0.0 | B4: 1 | C4: + | D4: +
A5: features.1.block.1.fc1 | B5: 2 | C5: - | D5: - | E5: -
A6: features.1.block.1.fc2 | B6: 3 | C6: - | D6: - | E6: - | F6: +
A7: features.1.block.2.0 | B7: 4 | C7: + | D7: + | E7: - | F7: - | G7: +
A8: features.2.block.0.0 | B8: 5 | C8: + | D8: + | E8: - | F8: - | G8: + | H8: +
A9: features.2.block.1.0 | B9: 6 | C9: - | D9: + | E9: - | F9: - | G9: - | H9: - | I9: +
A10: features.2.block.2.0 | B10: 7 | C10: - | D10: + | E10: - | F10: - | G10: - | H10: - | I10: + | J10: +
A11: features.3.block.0.0 | B11: 8 | C11: - | D11: - | E11: - | F11: - | G11: - | H11: - | I11: + | J11: + | K11: +
A12: features.3.block.1.0 | B12: 9 | C12: - | D12: - | E12: - | F12: - | G12: - | H12: - | I12: + | J12: + | K12: + | L12: +
A13: features.3.block.2.0 | B13: 10 | C13: - | D13: - | E13: - | F13: - | G13: - | H13: - | I13: - | J13: - | K13: + | L13: + | M13: +
A14: features.4.block.0.0 | B14: 11 | C14: - | D14: + | E14: - | F14: - | G14: - | H14: - | I14: + | J14: + | K14: - | L14: - | M14: - | N14: +
A15: features.4.block.1.0 | B15: 12 | C15: + | D15: + | E15: - | F15: - | G15: - | H15: - | I15: + | J15: + | K15: - | L15: - | M15: + | N15: + | O15: +
A16: features.4.block.2.fc1 | B16: 13 | C16: - | D16: - | E16: - | F16: - | G16: - | H16: - | I16: - | J16: - | K16: - | L16: - | M16: - | N16: - | O16: + | P16: +
A17: features.4.block.2.fc2 | B17: 14 | C17: - | D17: - | E17: - | F17: - | G17: - | H17: + | I17: - | J17: - | K17: + | L17: - | M17: - | N17: - | O17: - | P17: + | Q17: +
A18: features.4.block.3.0 | B18: 15 | C18: + | D18: + | E18: - | F18: - | G18: - | H18: - | I18: + | J18: + | K18: - | L18: - | M18: + | N18: + | O18: + | P18: - | Q18: - | R18: +
A19: features.5.block.0.0 | B19: 16 | C19: - | D19: + | E19: - | F19: - | G19: - | H19: - | I19: + | J19: + | K19: + | L19: - | M19: + | N19: + | O19: + | P19: - | Q19: + | R19: + | S19: +
A20: features.5.block.1.0 | B20: 17 | C20: + | D20: - | E20: - | F20: - | G20: - | H20: - | I20: + | J20: + | K20: - | L20: - | M20: + | N20: - | O20: + | P20: - | Q20: + | R20: + | S20: + | T20: +
A21: features.5.block.2.fc1 | B21: 18 | C21: - | D21: - | E21: - | F21: - | G21: - | H21: - | I21: - | J21: - | K21: + | L21: - | M21: - | N21: - | O21: - | P21: - | Q21: - | R21: - | S21: - | T21: - | U21: +
A22: features.5.block.2.fc2 | B22: 19 | C22: - | D22: - | E22: - | F22: - | G22: - | H22: - | I22: + | J22: - | K22: - | L22: - | M22: - | N22: - | O22: - | P22: - | Q22: - | R22: - | S22: - | T22: - | U22: + | V22: +
A23: features.5.block.3.0 | B23: 20 | C23: - | D23: - | E23: - | F23: + | G23: - | H23: - | I23: + | J23: - | K23: - | L23: + | M23: + | N23: - | O23: - | P23: - | Q23: + | R23: + | S23: + | T23: + | U23: - | V23: - | W23: +
A24: features.6.block.0.0 | B24: 21 | C24: - | D24: + | E24: - | F24: - | G24: + | H24: + | I24: + | J24: + | K24: - | L24: + | M24: + | N24: + | O24: + | P24: - | Q24: - | R24: + | S24: - | T24: - | U24: - | V24: - | W24: + | X24: +
A25: features.6.block.1.0 | B25: 22 | C25: - | D25: - | E25: - | F25: + | G25: - | H25: + | I25: + | J25: + | K25: - | L25: - | M25: - | N25: + | O25: + | P25: - | Q25: + | R25: + | S25: - | T25: + | U25: - | V25: - | W25: + | X25: + | Y25: +
A26: features.6.block.2.fc1 | B26: 23 | C26: - | D26: - | E26: - | F26: - | G26: - | H26: - | I26: - | J26: - | K26: - | L26: - | M26: - | N26: + | O26: - | P26: - | Q26: - | R26: - | S26: - | T26: - | U26: - | V26: - | W26: - | X26: + | Y26: + | Z26: +
A27: features.6.block.2.fc2 | B27: 24 | C27: - | D27: + | E27: - | F27: - | G27: - | H27: - | I27: - | J27: - | K27: - | L27: - | M27: - | N27: - | O27: - | P27: - | Q27: - | R27: - | S27: - | T27: - | U27: - | V27: - | W27: - | X27: + | Y27: - | Z27: + | AA27: +
A28: features.6.block.3.0 | B28: 25 | C28: - | D28: - | E28: - | F28: - | G28: - | H28: - | I28: - | J28: - | K28: - | L28: - | M28: - | N28: - | O28: - | P28: - | Q28: - | R28: - | S28: - | T28: - | U28: - | V28: + | W28: + | X28: - | Y28: - | Z28: - | AA28: - | AB28: +
A29: features.7.block.0.0 | B29: 26 | C29: - | D29: - | E29: - | F29: - | G29: + | H29: + | I29: + | J29: + | K29: - | L29: - | M29: + | N29: + | O29: + | P29: - | Q29: - | R29: + | S29: + | T29: - | U29: - | V29: - | W29: + | X29: - | Y29: + | Z29: - | AA29: - | AB29: + | AC29: +
A30: features.7.block.1.0 | B30: 27 | C30: + | D30: - | E30: - | F30: - | G30: - | H30: - | I30: + | J30: + | K30: - | L30: + | M30: + | N30: - | O30: + | P30: - | Q30: - | R30: + | S30: - | T30: + | U30: - | V30: - | W30: + | X30: - | Y30: - | Z30: - | AA30: - | AB30: + | AC30: + | AD30: +
A31: features.7.block.2.fc1 | B31: 28 | C31: - | D31: - | E31: - | F31: - | G31: - | H31: - | I31: - | J31: - | K31: - | L31: - | M31: - | N31: - | O31: - | P31: - | Q31: - | R31: - | S31: - | T31: + | U31: - | V31: - | W31: + | X31: - | Y31: - | Z31: - | AA31: - | AB31: - | AC31: - | AD31: + | AE31: +
A32: features.7.block.2.fc2 | B32: 29 | C32: - | D32: - | E32: - | F32: - | G32: - | H32: - | I32: - | J32: - | K32: - | L32: - | M32: - | N32: - | O32: - | P32: - | Q32: - | R32: + | S32: - | T32: - | U32: - | V32: - | W32: - | X32: - | Y32: - | Z32: - | AA32: - | AB32: - | AC32: - | AD32: - | AE32: - | AF32: +
A33: features.7.block.3.0 | B33: 30 | C33: - | D33: - | E33: - | F33: - | G33: - | H33: - | I33: + | J33: - | K33: - | L33: + | M33: + | N33: + | O33: + | P33: - | Q33: - | R33: + | S33: - | T33: + | U33: - | V33: - | W33: + | X33: - | Y33: + | Z33: - | AA33: - | AB33: + | AC33: + | AD33: + | AE33: - | AF33: + | AG33: +
A34: features.8.block.0.0 | B34: 31 | C34: - | D34: - | E34: - | F34: - | G34: - | H34: - | I34: - | J34: + | K34: + | L34: + | M34: + | N34: - | O34: - | P34: - | Q34: - | R34: + | S34: - | T34: + | U34: - | V34: - | W34: - | X34: - | Y34: + | Z34: - | AA34: - | AB34: - | AC34: + | AD34: + | AE34: - | AF34: - | AG34: + | AH34: +
A35: features.8.block.1.0 | B35: 32 | C35: - | D35: - | E35: - | F35: - | G35: - | H35: - | I35: + | J35: + | K35: - | L35: + | M35: + | N35: - | O35: + | P35: - | Q35: - | R35: + | S35: - | T35: + | U35: - | V35: - | W35: + | X35: - | Y35: - | Z35: - | AA35: - | AB35: - | AC35: + | AD35: + | AE35: - | AF35: + | AG35: + | AH35: + | AI35: +
A36: features.8.block.2.fc1 | B36: 33 | C36: - | D36: - | E36: - | F36: - | G36: - | H36: - | I36: - | J36: - | K36: - | L36: + | M36: + | N36: - | O36: - | P36: - | Q36: - | R36: - | S36: - | T36: - | U36: - | V36: - | W36: - | X36: - | Y36: - | Z36: + | AA36: - | AB36: + | AC36: + | AD36: + | AE36: - | AF36: - | AG36: + | AH36: + | AI36: + | AJ36: +
A37: features.8.block.2.fc2 | B37: 34 | C37: - | D37: - | E37: - | F37: - | G37: - | H37: - | I37: - | J37: + | K37: - | L37: + | M37: - | N37: - | O37: + | P37: - | Q37: - | R37: + | S37: + | T37: - | U37: - | V37: - | W37: + | X37: - | Y37: + | Z37: - | AA37: - | AB37: - | AC37: - | AD37: - | AE37: - | AF37: - | AG37: - | AH37: + | AI37: + | AJ37: + | AK37: +
A38: features.8.block.3.0 | B38: 35 | C38: - | D38: - | E38: - | F38: - | G38: - | H38: - | I38: - | J38: - | K38: - | L38: + | M38: + | N38: - | O38: - | P38: + | Q38: - | R38: - | S38: + | T38: - | U38: - | V38: - | W38: + | X38: - | Y38: - | Z38: - | AA38: - | AB38: - | AC38: - | AD38: + | AE38: + | AF38: - | AG38: + | AH38: + | AI38: + | AJ38: - | AK38: - | AL38: +
A39: features.9.block.0.0 | B39: 36 | C39: - | D39: + | E39: - | F39: - | G39: + | H39: + | I39: + | J39: - | K39: - | L39: - | M39: + | N39: + | O39: + | P39: - | Q39: - | R39: + | S39: - | T39: - | U39: - | V39: - | W39: + | X39: - | Y39: + | Z39: + | AA39: - | AB39: + | AC39: + | AD39: + | AE39: + | AF39: - | AG39: + | AH39: - | AI39: - | AJ39: - | AK39: - | AL39: - | AM39: +
A40: features.9.block.1.0 | B40: 37 | C40: - | D40: - | E40: - | F40: - | G40: - | H40: - | I40: - | J40: - | K40: - | L40: - | M40: + | N40: - | O40: - | P40: - | Q40: - | R40: + | S40: - | T40: - | U40: - | V40: - | W40: + | X40: - | Y40: - | Z40: - | AA40: - | AB40: + | AC40: + | AD40: + | AE40: + | AF40: - | AG40: + | AH40: + | AI40: + | AJ40: - | AK40: - | AL40: + | AM40: + | AN40: +
A41: features.9.block.2.fc1 | B41: 38 | C41: - | D41: - | E41: - | F41: - | G41: - | H41: - | I41: - | J41: - | K41: - | L41: - | M41: - | N41: - | O41: - | P41: - | Q41: - | R41: - | S41: - | T41: - | U41: - | V41: - | W41: - | X41: - | Y41: - | Z41: - | AA41: - | AB41: - | AC41: + | AD41: + | AE41: - | AF41: - | AG41: - | AH41: - | AI41: - | AJ41: - | AK41: - | AL41: - | AM41: + | AN41: + | AO41: +
A42: features.9.block.2.fc2 | B42: 39 | C42: - | D42: - | E42: - | F42: - | G42: + | H42: + | I42: + | J42: - | K42: - | L42: - | M42: - | N42: + | O42: - | P42: - | Q42: - | R42: - | S42: - | T42: - | U42: - | V42: - | W42: - | X42: + | Y42: - | Z42: - | AA42: - | AB42: - | AC42: + | AD42: - | AE42: - | AF42: - | AG42: - | AH42: - | AI42: - | AJ42: - | AK42: - | AL42: - | AM42: + | AN42: + | AO42: + | AP42: +
A43: features.9.block.3.0 | B43: 40 | C43: + | D43: + | E43: - | F43: - | G43: + | H43: + | I43: + | J43: - | K43: - | L43: - | M43: + | N43: + | O43: + | P43: + | Q43: - | R43: + | S43: - | T43: - | U43: - | V43: - | W43: + | X43: - | Y43: - | Z43: - | AA43: - | AB43: + | AC43: + | AD43: + | AE43: - | AF43: - | AG43: + | AH43: - | AI43: - | AJ43: - | AK43: - | AL43: + | AM43: + | AN43: + | AO43: - | AP43: + | AQ43: +
A44: features.10.block.0.0 | B44: 41 | C44: - | D44: - | E44: - | F44: - | G44: + | H44: + | I44: - | J44: - | K44: - | L44: - | M44: - | N44: - | O44: - | P44: - | Q44: - | R44: - | S44: - | T44: - | U44: - | V44: - | W44: + | X44: - | Y44: - | Z44: - | AA44: - | AB44: + | AC44: + | AD44: + | AE44: + | AF44: - | AG44: + | AH44: - | AI44: - | AJ44: - | AK44: - | AL44: + | AM44: + | AN44: + | AO44: - | AP44: + | AQ44: + | AR44: +
A45: features.10.block.1.0 | B45: 42 | C45: - | D45: - | E45: - | F45: - | G45: + | H45: + | I45: - | J45: - | K45: - | L45: - | M45: - | N45: - | O45: - | P45: - | Q45: - | R45: - | S45: - | T45: - | U45: - | V45: - | W45: + | X45: - | Y45: - | Z45: - | AA45: - | AB45: + | AC45: + | AD45: + | AE45: + | AF45: - | AG45: + | AH45: - | AI45: - | AJ45: - | AK45: - | AL45: + | AM45: + | AN45: + | AO45: - | AP45: + | AQ45: + | AR45: + | AS45: +
A46: features.10.block.2.fc1 | B46: 43 | C46: - | D46: - | E46: - | F46: - | G46: + | H46: + | I46: - | J46: - | K46: - | L46: - | M46: + | N46: - | O46: - | P46: - | Q46: - | R46: - | S46: - | T46: - | U46: - | V46: - | W46: - | X46: - | Y46: - | Z46: - | AA46: - | AB46: - | AC46: + | AD46: + | AE46: - | AF46: - | AG46: + | AH46: - | AI46: - | AJ46: - | AK46: - | AL46: - | AM46: + | AN46: + | AO46: - | AP46: + | AQ46: + | AR46: + | AS46: + | AT46: +
A47: features.10.block.2.fc2 | B47: 44 | C47: - | D47: - | E47: - | F47: - | G47: + | H47: - | I47: + | J47: + | K47: - | L47: - | M47: - | N47: - | O47: - | P47: - | Q47: - | R47: - | S47: - | T47: - | U47: - | V47: - | W47: - | X47: - | Y47: - | Z47: - | AA47: - | AB47: - | AC47: - | AD47: + | AE47: + | AF47: - | AG47: + | AH47: - | AI47: - | AJ47: + | AK47: + | AL47: - | AM47: + | AN47: + | AO47: - | AP47: + | AQ47: + | AR47: + | AS47: + | AT47: + | AU47: +
A48: features.10.block.3.0 | B48: 45 | C48: + | D48: - | E48: - | F48: - | G48: - | H48: - | I48: - | J48: - | K48: - | L48: - | M48: - | N48: - | O48: - | P48: + | Q48: - | R48: - | S48: + | T48: - | U48: - | V48: - | W48: + | X48: - | Y48: - | Z48: - | AA48: - | AB48: + | AC48: + | AD48: + | AE48: + | AF48: - | AG48: + | AH48: - | AI48: - | AJ48: - | AK48: - | AL48: - | AM48: + | AN48: + | AO48: - | AP48: - | AQ48: + | AR48: + | AS48: + | AT48: - | AU48: - | AV48: +
A49: features.11.block.0.0 | B49: 46 | C49: - | D49: + | E49: - | F49: - | G49: + | H49: + | I49: - | J49: - | K49: - | L49: - | M49: - | N49: + | O49: + | P49: + | Q49: - | R49: + | S49: - | T49: - | U49: - | V49: - | W49: - | X49: + | Y49: - | Z49: - | AA49: - | AB49: - | AC49: + | AD49: + | AE49: + | AF49: - | AG49: + | AH49: - | AI49: - | AJ49: - | AK49: - | AL49: + | AM49: + | AN49: + | AO49: - | AP49: + | AQ49: + | AR49: + | AS49: + | AT49: - | AU49: - | AV49: + | AW49: +
A50: features.11.block.1.0 | B50: 47 | C50: - | D50: - | E50: - | F50: - | G50: + | H50: + | I50: + | J50: - | K50: - | L50: - | M50: - | N50: - | O50: + | P50: + | Q50: - | R50: + | S50: + | T50: - | U50: - | V50: - | W50: - | X50: - | Y50: - | Z50: - | AA50: - | AB50: - | AC50: + | AD50: + | AE50: - | AF50: + | AG50: + | AH50: - | AI50: - | AJ50: - | AK50: + | AL50: + | AM50: + | AN50: + | AO50: - | AP50: - | AQ50: + | AR50: - | AS50: + | AT50: + | AU50: + | AV50: + | AW50: + | AX50: +
A51: features.11.block.2.fc1 | B51: 48 | C51: - | D51: - | E51: - | F51: - | G51: - | H51: - | I51: - | J51: + | K51: - | L51: - | M51: - | N51: + | O51: + | P51: + | Q51: - | R51: + | S51: - | T51: - | U51: - | V51: - | W51: - | X51: + | Y51: - | Z51: - | AA51: - | AB51: - | AC51: + | AD51: + | AE51: - | AF51: + | AG51: + | AH51: + | AI51: - | AJ51: - | AK51: + | AL51: - | AM51: + | AN51: + | AO51: - | AP51: + | AQ51: + | AR51: - | AS51: - | AT51: + | AU51: - | AV51: - | AW51: + | AX51: + | AY51: +
A52: features.11.block.2.fc2 | B52: 49 | C52: - | D52: - | E52: - | F52: - | G52: - | H52: - | I52: - | J52: - | K52: - | L52: + | M52: + | N52: + | O52: + | P52: + | Q52: - | R52: - | S52: - | T52: + | U52: - | V52: - | W52: - | X52: - | Y52: - | Z52: - | AA52: - | AB52: - | AC52: + | AD52: + | AE52: - | AF52: + | AG52: + | AH52: - | AI52: + | AJ52: - | AK52: + | AL52: + | AM52: - | AN52: + | AO52: - | AP52: + | AQ52: + | AR52: - | AS52: - | AT52: + | AU52: - | AV52: - | AW52: + | AX52: + | AY52: + | AZ52: +
A53: features.11.block.3.0 | B53: 50 | C53: - | D53: - | E53: - | F53: - | G53: - | H53: - | I53: - | J53: - | K53: - | L53: - | M53: - | N53: - | O53: - | P53: - | Q53: - | R53: - | S53: - | T53: - | U53: - | V53: - | W53: - | X53: - | Y53: - | Z53: - | AA53: - | AB53: - | AC53: + | AD53: - | AE53: - | AF53: - | AG53: + | AH53: - | AI53: - | AJ53: + | AK53: + | AL53: - | AM53: - | AN53: + | AO53: + | AP53: - | AQ53: - | AR53: - | AS53: + | AT53: + | AU53: + | AV53: - | AW53: + | AX53: + | AY53: - | AZ53: + | BA53: +
A54: features.12.0 | B54: 51 | C54: - | D54: + | E54: - | F54: - | G54: - | H54: - | I54: - | J54: - | K54: - | L54: - | M54: - | N54: - | O54: - | P54: - | Q54: - | R54: - | S54: + | T54: - | U54: - | V54: - | W54: + | X54: - | Y54: - | Z54: - | AA54: - | AB54: + | AC54: - | AD54: - | AE54: - | AF54: - | AG54: + | AH54: + | AI54: - | AJ54: + | AK54: + | AL54: + | AM54: - | AN54: + | AO54: + | AP54: - | AQ54: + | AR54: - | AS54: - | AT54: - | AU54: - | AV54: + | AW54: - | AX54: - | AY54: - | AZ54: - | BA54: + | BB54: +

Sheet MNet_Large
C2: 0 | D2: 1 | E2: 2 | F2: 3 | G2: 4 | H2: 5 | I2: 6 | J2: 7 | K2: 8 | L2: 9 | M2: 10 | N2: 11 | O2: 12 | P2: 13 | Q2: 14 | R2: 15 | S2: 16 | T2: 17 | U2: 18 | V2: 19 | W2: 20 | X2: 21 | Y2: 22 | Z2: 23 | AA2: 24 | AB2: 25 | AC2: 26 | AD2: 27 | AE2: 28 | AF2: 29 | AG2: 30 | AH2: 31 | AI2: 32 | AJ2: 33 | AK2: 34 | AL2: 35 | AM2: 36 | AN2: 37 | AO2: 38 | AP2: 39 | AQ2: 40 | AR2: 41 | AS2: 42 | AT2: 43 | AU2: 44 | AV2: 45 | AW2: 46 | AX2: 47 | AY2: 48 | AZ2: 49 | BA2: 50 | BB2: 51 | BC2: 52 | BD2: 53 | BE2: 54 | BF2: 55 | BG2: 56 | BH2: 57 | BI2: 58 | BJ2: 59 | BK2: 60 | BL2: 61
A3: features.0.0 | B3: 0 | C3: +
A4: features.1.block.0.0 | B4: 1 | C4: + | D4: + | AS4: -
A5: features.1.block.1.0 | B5: 2 | C5: - | D5: - | E5: +
A6: features.2.block.0.0 | B6: 3 | C6: + | D6: - | E6: + | F6: +
A7: features.2.block.1.0 | B7: 4 | C7: + | D7: - | E7: + | F7: + | G7: +
A8: features.2.block.2.0 | B8: 5 | C8: + | D8: - | E8: + | F8: + | G8: + | H8: +
A9: features.3.block.0.0 | B9: 6 | C9: - | D9: - | E9: - | F9: - | G9: - | H9: - | I9: +
A10: features.3.block.1.0 | B10: 7 | C10: + | D10: + | E10: - | F10: - | G10: - | H10: + | I10: + | J10: +
A11: features.3.block.2.0 | B11: 8 | C11: + | D11: - | E11: - | F11: - | G11: - | H11: - | I11: + | J11: + | K11: +
A12: features.4.block.0.0 | B12: 9 | C12: + | D12: - | E12: + | F12: + | G12: + | H12: + | I12: - | J12: - | K12: + | L12: +
A13: features.4.block.1.0 | B13: 10 | C13: + | D13: - | E13: + | F13: + | G13: + | H13: + | I13: - | J13: - | K13: + | L13: + | M13: +
A14: features.4.block.2.fc1 | B14: 11 | C14: + | D14: - | E14: + | F14: + | G14: + | H14: - | I14: - | J14: - | K14: - | L14: + | M14: - | N14: +
A15: features.4.block.2.fc2 | B15: 12 | C15: - | D15: - | E15: - | F15: - | G15: - | H15: - | I15: - | J15: - | K15: - | L15: - | M15: - | N15: - | O15: +
A16: features.4.block.3.0 | B16: 13 | C16: + | D16: - | E16: + | F16: + | G16: + | H16: + | I16: - | J16: - | K16: + | L16: + | M16: + | N16: + | O16: - | P16: +
A17: features.5.block.0.0 | B17: 14 | C17: - | D17: - | E17: + | F17: + | G17: + | H17: + | I17: - | J17: - | K17: + | L17: + | M17: + | N17: - | O17: - | P17: + | Q17: +
A18: features.5.block.1.0 | B18: 15 | C18: - | D18: + | E18: - | F18: - | G18: - | H18: - | I18: + | J18: - | K18: - | L18: - | M18: - | N18: - | O18: - | P18: - | Q18: + | R18: +
A19: features.5.block.2.fc1 | B19: 16 | C19: - | D19: - | E19: - | F19: - | G19: - | H19: - | I19: - | J19: - | K19: - | L19: - | M19: - | N19: - | O19: - | P19: - | Q19: - | R19: + | S19: +
A20: features.5.block.2.fc2 | B20: 17 | C20: - | D20: - | E20: - | F20: - | G20: - | H20: - | I20: + | J20: - | K20: - | L20: - | M20: - | N20: - | O20: - | P20: - | Q20: - | R20: - | S20: + | T20: +
A21: features.5.block.3.0 | B21: 18 | C21: - | D21: + | E21: - | F21: - | G21: - | H21: - | I21: + | J21: + | K21: + | L21: - | M21: - | N21: - | O21: - | P21: - | Q21: + | R21: + | S21: + | T21: + | U21: +
A22: features.6.block.0.0 | B22: 19 | C22: - | D22: - | E22: - | F22: - | G22: - | H22: - | I22: + | J22: - | K22: + | L22: + | M22: + | N22: - | O22: - | P22: + | Q22: + | R22: - | S22: - | T22: - | U22: + | V22: + | AS22: -
A23: features.6.block.1.0 | B23: 20 | C23: - | D23: - | E23: - | F23: - | G23: - | H23: - | I23: - | J23: - | K23: + | L23: - | M23: - | N23: - | O23: - | P23: - | Q23: - | R23: - | S23: + | T23: - | U23: + | V23: + | W23: +
A24: features.6.block.2.fc1 | B24: 21 | C24: - | D24: - | E24: - | F24: - | G24: - | H24: - | I24: + | J24: - | K24: - | L24: - | M24: - | N24: - | O24: - | P24: - | Q24: - | R24: - | S24: + | T24: + | U24: - | V24: - | W24: - | X24: +
A25: features.6.block.2.fc2 | B25: 22 | C25: - | D25: - | E25: - | F25: - | G25: - | H25: - | I25: - | J25: - | K25: - | L25: - | M25: - | N25: - | O25: - | P25: - | Q25: - | R25: - | S25: - | T25: - | U25: - | V25: - | W25: - | X25: + | Y25: +
A26: features.6.block.3.0 | B26: 23 | C26: + | D26: - | E26: - | F26: - | G26: - | H26: - | I26: - | J26: - | K26: + | L26: - | M26: - | N26: - | O26: - | P26: - | Q26: - | R26: - | S26: - | T26: - | U26: - | V26: + | W26: + | X26: - | Y26: - | Z26: +
A27: features.7.block.0.0 | B27: 24 | C27: - | D27: - | E27: + | F27: + | G27: + | H27: + | I27: - | J27: - | K27: - | L27: + | M27: + | N27: + | O27: - | P27: + | Q27: - | R27: - | S27: - | T27: - | U27: - | V27: - | W27: - | X27: - | Y27: - | Z27: - | AA27: +
A28: features.7.block.1.0 | B28: 25 | C28: - | D28: - | E28: + | F28: + | G28: - | H28: - | I28: - | J28: - | K28: - | L28: + | M28: + | N28: + | O28: - | P28: + | Q28: - | R28: - | S28: - | T28: - | U28: - | V28: - | W28: - | X28: - | Y28: - | Z28: - | AA28: + | AB28: +
A29: features.7.block.2.0 | B29: 26 | C29: - | D29: - | E29: + | F29: + | G29: - | H29: - | I29: - | J29: - | K29: - | L29: + | M29: + | N29: + | O29: - | P29: + | Q29: - | R29: - | S29: - | T29: - | U29: - | V29: - | W29: - | X29: - | Y29: - | Z29: - | AA29: + | AB29: + | AC29: +
A30: features.8.block.0.0 | B30: 27 | C30: - | D30: - | E30: - | F30: - | G30: - | H30: - | I30: + | J30: + | K30: - | L30: - | M30: - | N30: - | O30: - | P30: + | Q30: - | R30: - | S30: - | T30: - | U30: - | V30: - | W30: - | X30: - | Y30: - | Z30: - | AA30: + | AB30: + | AC30: + | AD30: +
A31: features.8.block.1.0 | B31: 28 | C31: - | D31: - | E31: - | F31: - | G31: - | H31: - | I31: + | J31: + | K31: + | L31: - | M31: - | N31: - | O31: - | P31: - | Q31: - | R31: + | S31: - | T31: - | U31: + | V31: + | W31: - | X31: - | Y31: - | Z31: - | AA31: - | AB31: - | AC31: - | AD31: + | AE31: +
A32: features.8.block.2.0 | B32: 29 | C32: - | D32: - | E32: - | F32: - | G32: - | H32: - | I32: + | J32: - | K32: - | L32: - | M32: - | N32: - | O32: - | P32: - | Q32: - | R32: - | S32: - | T32: - | U32: - | V32: - | W32: - | X32: - | Y32: - | Z32: - | AA32: - | AB32: - | AC32: + | AD32: + | AE32: + | AF32: +
A33: features.9.block.0.0 | B33: 30 | C33: - | D33: - | E33: - | F33: - | G33: - | H33: - | I33: - | J33: + | K33: - | L33: + | M33: - | N33: - | O33: - | P33: - | Q33: + | R33: - | S33: - | T33: - | U33: - | V33: - | W33: - | X33: - | Y33: - | Z33: - | AA33: - | AB33: - | AC33: + | AD33: + | AE33: - | AF33: + | AG33: +
A34: features.9.block.1.0 | B34: 31 | C34: - | D34: - | E34: - | F34: - | G34: - | H34: - | I34: - | J34: - | K34: - | L34: + | M34: - | N34: - | O34: - | P34: - | Q34: + | R34: - | S34: - | T34: - | U34: - | V34: + | W34: - | X34: - | Y34: - | Z34: - | AA34: + | AB34: + | AC34: + | AD34: - | AE34: - | AF34: + | AG34: + | AH34: +
A35: features.9.block.2.0 | B35: 32 | C35: - | D35: + | E35: - | F35: - | G35: - | H35: - | I35: - | J35: - | K35: + | L35: - | M35: - | N35: - | O35: - | P35: - | Q35: - | R35: - | S35: - | T35: + | U35: - | V35: - | W35: - | X35: - | Y35: - | Z35: - | AA35: - | AB35: - | AC35: + | AD35: - | AE35: - | AF35: + | AG35: + | AH35: + | AI35: +
A36: features.10.block.0.0 | B36: 33 | C36: - | D36: - | E36: - | F36: - | G36: - | H36: - | I36: - | J36: - | K36: - | L36: - | M36: - | N36: - | O36: + | P36: - | Q36: - | R36: - | S36: - | T36: - | U36: + | V36: + | W36: + | X36: - | Y36: + | Z36: - | AA36: - | AB36: - | AC36: - | AD36: + | AE36: + | AF36: + | AG36: + | AH36: + | AI36: + | AJ36: +
A37: features.10.block.1.0 | B37: 34 | C37: - | D37: + | E37: - | F37: - | G37: - | H37: - | I37: + | J37: - | K37: - | L37: - | M37: - | N37: - | O37: - | P37: - | Q37: - | R37: - | S37: - | T37: - | U37: + | V37: + | W37: + | X37: - | Y37: - | Z37: - | AA37: - | AB37: - | AC37: - | AD37: + | AE37: + | AF37: - | AG37: + | AH37: + | AI37: - | AJ37: + | AK37: +
A38: features.10.block.2.0 | B38: 35 | C38: - | D38: - | E38: - | F38: - | G38: - | H38: - | I38: + | J38: + | K38: - | L38: - | M38: - | N38: - | O38: + | P38: - | Q38: - | R38: + | S38: - | T38: - | U38: - | V38: - | W38: - | X38: + | Y38: + | Z38: - | AA38: - | AB38: - | AC38: - | AD38: + | AE38: - | AF38: - | AG38: + | AH38: - | AI38: - | AJ38: + | AK38: + | AL38: +
A39: features.11.block.0.0 | B39: 36 | C39: - | D39: - | E39: + | F39: + | G39: + | H39: - | I39: - | J39: - | K39: - | L39: + | M39: + | N39: + | O39: - | P39: + | Q39: - | R39: - | S39: - | T39: - | U39: - | V39: - | W39: - | X39: - | Y39: - | Z39: - | AA39: + | AB39: + | AC39: + | AD39: - | AE39: - | AF39: - | AG39: - | AH39: - | AI39: - | AJ39: - | AK39: - | AL39: - | AM39: +
A40: features.11.block.1.0 | B40: 37 | C40: - | D40: - | E40: + | F40: + | G40: + | H40: - | I40: - | J40: - | K40: - | L40: + | M40: + | N40: + | O40: - | P40: + | Q40: - | R40: - | S40: - | T40: - | U40: - | V40: - | W40: - | X40: - | Y40: - | Z40: - | AA40: + | AB40: + | AC40: + | AD40: - | AE40: - | AF40: + | AG40: - | AH40: - | AI40: + | AJ40: - | AK40: - | AL40: - | AM40: + | AN40: +
A41: features.11.block.2.fc1 | B41: 38 | C41: + | D41: - | E41: - | F41: - | G41: - | H41: + | I41: - | J41: - | K41: - | L41: - | M41: - | N41: - | O41: - | P41: - | Q41: - | R41: - | S41: + | T41: - | U41: - | V41: - | W41: - | X41: - | Y41: - | Z41: - | AA41: - | AB41: - | AC41: - | AD41: - | AE41: - | AF41: - | AG41: - | AH41: - | AI41: - | AJ41: - | AK41: - | AL41: - | AM41: - | AN41: - | AO41: +
A42: features.11.block.2.fc2 | B42: 39 | C42: + | D42: - | E42: - | F42: - | G42: - | H42: - | I42: - | J42: - | K42: - | L42: - | M42: - | N42: - | O42: - | P42: - | Q42: + | R42: - | S42: + | T42: + | U42: - | V42: - | W42: - | X42: + | Y42: - | Z42: - | AA42: - | AB42: - | AC42: - | AD42: - | AE42: - | AF42: - | AG42: - | AH42: - | AI42: - | AJ42: - | AK42: - | AL42: + | AM42: - | AN42: - | AO42: + | AP42: +
A43: features.11.block.3.0 | B43: 40 | C43: - | D43: - | E43: + | F43: + | G43: + | H43: - | I43: - | J43: - | K43: - | L43: + | M43: + | N43: + | O43: - | P43: + | Q43: - | R43: - | S43: - | T43: - | U43: - | V43: - | W43: - | X43: - | Y43: - | Z43: - | AA43: + | AB43: + | AC43: + | AD43: - | AE43: - | AF43: - | AG43: - | AH43: - | AI43: + | AJ43: - | AK43: - | AL43: - | AM43: + | AN43: + | AO43: - | AP43: - | AQ43: +
A44: features.12.block.0.0 | B44: 41 | C44: - | D44: - | E44: - | F44: - | G44: - | H44: - | I44: - | J44: - | K44: - | L44: - | M44: - | N44: + | O44: - | P44: - | Q44: - | R44: - | S44: - | T44: - | U44: - | V44: - | W44: - | X44: - | Y44: + | Z44: - | AA44: + | AB44: + | AC44: + | AD44: - | AE44: - | AF44: + | AG44: + | AH44: - | AI44: - | AJ44: - | AK44: - | AL44: - | AM44: + | AN44: + | AO44: - | AP44: - | AQ44: + | AR44: +
A45: features.12.block.1.0 | B45: 42 | C45: - | D45: - | E45: - | F45: + | G45: - | H45: - | I45: - | J45: - | K45: - | L45: - | M45: - | N45: + | O45: - | P45: - | Q45: - | R45: - | S45: - | T45: - | U45: - | V45: - | W45: - | X45: - | Y45: + | Z45: - | AA45: + | AB45: + | AC45: + | AD45: - | AE45: - | AF45: - | AG45: + | AH45: - | AI45: + | AJ45: - | AK45: - | AL45: - | AM45: + | AN45: + | AO45: - | AP45: - | AQ45: + | AR45: + | AS45: +
A46: features.12.block.2.fc1 | B46: 43 | C46: - | D46: - | E46: + | F46: + | G46: - | H46: - | I46: - | J46: - | K46: - | L46: - | M46: - | N46: + | O46: - | P46: - | Q46: - | R46: - | S46: - | T46: - | U46: - | V46: - | W46: - | X46: - | Y46: + | Z46: - | AA46: - | AB46: + | AC46: - | AD46: - | AE46: - | AF46: - | AG46: - | AH46: - | AI46: - | AJ46: - | AK46: - | AL46: - | AM46: + | AN46: + | AO46: - | AP46: - | AQ46: + | AR46: + | AS46: + | AT46: +
A47: features.12.block.2.fc2 | B47: 44 | C47: - | D47: - | E47: - | F47: - | G47: - | H47: - | I47: - | J47: - | K47: - | L47: - | M47: - | N47: - | O47: - | P47: - | Q47: + | R47: - | S47: - | T47: - | U47: + | V47: - | W47: + | X47: + | Y47: - | Z47: + | AA47: - | AB47: - | AC47: - | AD47: - | AE47: - | AF47: - | AG47: - | AH47: - | AI47: + | AJ47: - | AK47: - | AL47: - | AM47: - | AN47: - | AO47: - | AP47: - | AQ47: - | AR47: - | AS47: + | AT47: + | AU47: +
A48: features.12.block.3.0 | B48: 45 | C48: + | D48: - | E48: - | F48: + | G48: - | H48: - | I48: - | J48: - | K48: - | L48: + | M48: - | N48: + | O48: - | P48: + | Q48: - | R48: - | S48: - | T48: - | U48: - | V48: - | W48: - | X48: - | Y48: - | Z48: - | AA48: + | AB48: + | AC48: + | AD48: - | AE48: - | AF48: - | AG48: - | AH48: - | AI48: + | AJ48: - | AK48: - | AL48: - | AM48: + | AN48: + | AO48: - | AP48: - | AQ48: + | AR48: + | AS48: + | AT48: - | AU48: - | AV48: +
A49: features.13.block.0.0 | B49: 46 | C49: - | D49: - | E49: + | F49: + | G49: + | H49: - | I49: - | J49: - | K49: - | L49: + | M49: + | N49: + | O49: - | P49: + | Q49: - | R49: - | S49: - | T49: - | U49: - | V49: - | W49: - | X49: - | Y49: - | Z49: - | AA49: + | AB49: + | AC49: + | AD49: - | AE49: - | AF49: - | AG49: - | AH49: - | AI49: + | AJ49: - | AK49: - | AL49: - | AM49: + | AN49: + | AO49: - | AP49: - | AQ49: + | AR49: + | AS49: + | AT49: + | AU49: - | AV49: + | AW49: +
A50: features.13.block.1.0 | B50: 47 | C50: - | D50: - | E50: + | F50: + | G50: + | H50: - | I50: - | J50: - | K50: - | L50: + | M50: + | N50: + | O50: - | P50: + | Q50: - | R50: - | S50: - | T50: - | U50: - | V50: - | W50: - | X50: - | Y50: - | Z50: - | AA50: + | AB50: + | AC50: + | AD50: - | AE50: - | AF50: - | AG50: - | AH50: - | AI50: + | AJ50: - | AK50: - | AL50: - | AM50: + | AN50: + | AO50: - | AP50: - | AQ50: + | AR50: + | AS50: + | AT50: - | AU50: - | AV50: + | AW50: + | AX50: +
A51: features.13.block.2.fc1 | B51: 48 | C51: - | D51: - | E51: + | F51: + | G51: + | H51: + | I51: - | J51: - | K51: - | L51: + | M51: + | N51: - | O51: - | P51: + | Q51: - | R51: - | S51: - | T51: - | U51: - | V51: + | W51: - | X51: - | Y51: - | Z51: - | AA51: - | AB51: - | AC51: - | AD51: - | AE51: - | AF51: - | AG51: - | AH51: - | AI51: + | AJ51: - | AK51: - | AL51: - | AM51: + | AN51: + | AO51: - | AP51: - | AQ51: - | AR51: - | AS51: - | AT51: + | AU51: + | AV51: - | AW51: + | AX51: + | AY51: +
A52: features.13.block.2.fc2 | B52: 49 | C52: - | D52: - | E52: - | F52: - | G52: - | H52: - | I52: - | J52: - | K52: - | L52: - | M52: - | N52: - | O52: - | P52: - | Q52: - | R52: - | S52: - | T52: - | U52: - | V52: - | W52: - | X52: - | Y52: - | Z52: - | AA52: - | AB52: - | AC52: + | AD52: + | AE52: - | AF52: + | AG52: - | AH52: + | AI52: + | AJ52: - | AK52: - | AL52: - | AM52: - | AN52: + | AO52: - | AP52: - | AQ52: + | AR52: - | AS52: + | AT52: - | AU52: - | AV52: - | AW52: + | AX52: + | AY52: + | AZ52: +
A53: features.13.block.3.0 | B53: 50 | C53: - | D53: - | E53: + | F53: + | G53: - | H53: - | I53: - | J53: - | K53: - | L53: - | M53: - | N53: - | O53: - | P53: - | Q53: - | R53: - | S53: - | T53: - | U53: - | V53: - | W53: - | X53: - | Y53: + | Z53: - | AA53: - | AB53: + | AC53: + | AD53: - | AE53: - | AF53: - | AG53: - | AH53: - | AI53: + | AJ53: - | AK53: - | AL53: - | AM53: + | AN53: + | AO53: - | AP53: - | AQ53: + | AR53: + | AS53: + | AT53: - | AU53: - | AV53: + | AW53: + | AX53: + | AY53: - | AZ53: + | BA53: +
A54: features.14.block.0.0 | B54: 51 | C54: - | D54: - | E54: + | F54: + | G54: - | H54: - | I54: - | J54: - | K54: - | L54: - | M54: - | N54: - | O54: - | P54: + | Q54: - | R54: - | S54: - | T54: - | U54: - | V54: - | W54: - | X54: - | Y54: + | Z54: - | AA54: - | AB54: + | AC54: + | AD54: - | AE54: - | AF54: - | AG54: - | AH54: - | AI54: - | AJ54: - | AK54: - | AL54: - | AM54: + | AN54: + | AO54: - | AP54: - | AQ54: + | AR54: + | AS54: - | AT54: - | AU54: - | AV54: + | AW54: - | AX54: + | AY54: - | AZ54: + | BA54: + | BB54: +
A55: features.14.block.1.0 | B55: 52 | C55: - | D55: - | E55: + | F55: + | G55: - | H55: + | I55: - | J55: - | K55: - | L55: + | M55: - | N55: + | O55: - | P55: + | Q55: - | R55: - | S55: - | T55: - | U55: - | V55: - | W55: - | X55: - | Y55: + | Z55: - | AA55: - | AB55: + | AC55: + | AD55: - | AE55: - | AF55: - | AG55: - | AH55: - | AI55: - | AJ55: - | AK55: - | AL55: - | AM55: + | AN55: + | AO55: - | AP55: - | AQ55: + | AR55: + | AS55: - | AT55: - | AU55: - | AV55: + | AW55: - | AX55: - | AY55: - | AZ55: + | BA55: + | BB55: + | BC55: +
A56: features.14.block.2.fc1 | B56: 53 | C56: - | D56: - | E56: - | F56: - | G56: - | H56: - | I56: - | J56: + | K56: - | L56: - | M56: - | N56: - | O56: - | P56: - | Q56: - | R56: - | S56: - | T56: - | U56: - | V56: - | W56: - | X56: - | Y56: - | Z56: - | AA56: - | AB56: - | AC56: + | AD56: + | AE56: - | AF56: - | AG56: - | AH56: - | AI56: - | AJ56: - | AK56: - | AL56: - | AM56: - | AN56: + | AO56: - | AP56: - | AQ56: - | AR56: - | AS56: - | AT56: - | AU56: - | AV56: - | AW56: - | AX56: + | AY56: - | AZ56: + | BA56: + | BB56: + | BC56: + | BD56: +
A57: features.14.block.2.fc2 | B57: 54 | C57: - | D57: - | E57: - | F57: - | G57: - | H57: - | I57: - | J57: - | K57: - | L57: - | M57: + | N57: - | O57: + | P57: - | Q57: - | R57: - | S57: - | T57: - | U57: - | V57: - | W57: - | X57: - | Y57: - | Z57: - | AA57: - | AB57: - | AC57: - | AD57: - | AE57: - | AF57: - | AG57: - | AH57: - | AI57: - | AJ57: - | AK57: - | AL57: - | AM57: - | AN57: + | AO57: - | AP57: - | AQ57: - | AR57: - | AS57: - | AT57: - | AU57: - | AV57: - | AW57: - | AX57: + | AY57: - | AZ57: - | BA57: + | BB57: + | BC57: + | BD57: + | BE57: +
A58: features.14.block.3.0 | B58: 55 | C58: - | D58: - | E58: - | F58: - | G58: - | H58: - | I58: - | J58: + | K58: - | L58: - | M58: - | N58: - | O58: - | P58: - | Q58: - | R58: + | S58: - | T58: + | U58: - | V58: - | W58: - | X58: + | Y58: - | Z58: - | AA58: - | AB58: - | AC58: - | AD58: - | AE58: - | AF58: - | AG58: - | AH58: - | AI58: - | AJ58: - | AK58: - | AL58: + | AM58: - | AN58: + | AO58: - | AP58: - | AQ58: - | AR58: + | AS58: - | AT58: - | AU58: - | AV58: + | AW58: - | AX58: - | AY58: - | AZ58: - | BA58: - | BB58: + | BC58: + | BD58: - | BE58: + | BF58: +
A59: features.15.block.0.0 | B59: 56 | C59: - | D59: - | E59: + | F59: - | G59: - | H59: + | I59: - | J59: + | K59: - | L59: + | M59: + | N59: - | O59: - | P59: + | Q59: - | R59: - | S59: - | T59: - | U59: - | V59: - | W59: - | X59: - | Y59: + | Z59: - | AA59: + | AB59: + | AC59: + | AD59: - | AE59: - | AF59: - | AG59: - | AH59: - | AI59: + | AJ59: - | AK59: - | AL59: - | AM59: + | AN59: + | AO59: - | AP59: - | AQ59: + | AR59: + | AS59: + | AT59: - | AU59: - | AV59: + | AW59: + | AX59: + | AY59: - | AZ59: + | BA59: + | BB59: - | BC59: - | BD59: - | BE59: + | BF59: + | BG59: +
A60: features.15.block.1.0 | B60: 57 | C60: - | D60: - | E60: - | F60: - | G60: - | H60: - | I60: - | J60: - | K60: - | L60: + | M60: - | N60: - | O60: - | P60: + | Q60: - | R60: - | S60: - | T60: - | U60: - | V60: - | W60: - | X60: - | Y60: - | Z60: - | AA60: + | AB60: + | AC60: + | AD60: - | AE60: - | AF60: - | AG60: - | AH60: - | AI60: + | AJ60: - | AK60: - | AL60: - | AM60: + | AN60: + | AO60: - | AP60: - | AQ60: + | AR60: + | AS60: + | AT60: - | AU60: - | AV60: + | AW60: + | AX60: + | AY60: + | AZ60: + | BA60: + | BB60: - | BC60: - | BD60: - | BE60: + | BF60: + | BG60: + | BH60: +
A61: features.15.block.2.fc1 | B61: 58 | C61: - | D61: - | E61: - | F61: - | G61: - | H61: - | I61: - | J61: + | K61: - | L61: + | M61: - | N61: - | O61: - | P61: - | Q61: + | R61: + | S61: - | T61: - | U61: - | V61: + | W61: - | X61: - | Y61: - | Z61: - | AA61: - | AB61: - | AC61: - | AD61: - | AE61: - | AF61: - | AG61: + | AH61: - | AI61: + | AJ61: - | AK61: - | AL61: - | AM61: - | AN61: - | AO61: - | AP61: - | AQ61: - | AR61: - | AS61: - | AT61: - | AU61: + | AV61: + | AW61: + | AX61: + | AY61: + | AZ61: + | BA61: + | BB61: - | BC61: + | BD61: - | BE61: - | BF61: + | BG61: + | BH61: + | BI61: +
A62: features.15.block.2.fc2 | B62: 59 | C62: - | D62: - | E62: - | F62: - | G62: - | H62: - | I62: - | J62: - | K62: - | L62: - | M62: - | N62: - | O62: - | P62: - | Q62: + | R62: - | S62: - | T62: - | U62: - | V62: + | W62: - | X62: - | Y62: - | Z62: - | AA62: - | AB62: - | AC62: - | AD62: - | AE62: - | AF62: + | AG62: - | AH62: - | AI62: + | AJ62: + | AK62: - | AL62: - | AM62: - | AN62: - | AO62: - | AP62: - | AQ62: - | AR62: - | AS62: - | AT62: - | AU62: - | AV62: - | AW62: - | AX62: + | AY62: + | AZ62: + | BA62: + | BB62: - | BC62: - | BD62: - | BE62: - | BF62: - | BG62: - | BH62: + | BI62: + | BJ62: +
A63: features.15.block.3.0 | B63: 60 | C63: - | D63: - | E63: - | F63: - | G63: - | H63: - | I63: - | J63: - | K63: - | L63: - | M63: - | N63: - | O63: - | P63: - | Q63: - | R63: - | S63: + | T63: + | U63: + | V63: - | W63: - | X63: - | Y63: - | Z63: - | AA63: - | AB63: - | AC63: - | AD63: - | AE63: - | AF63: - | AG63: - | AH63: - | AI63: + | AJ63: - | AK63: - | AL63: - | AM63: - | AN63: - | AO63: - | AP63: - | AQ63: - | AR63: - | AS63: - | AT63: - | AU63: - | AV63: - | AW63: - | AX63: - | AY63: - | AZ63: + | BA63: - | BB63: - | BC63: - | BD63: - | BE63: - | BF63: - | BG63: - | BH63: + | BI63: - | BJ63: - | BK63: +
A64: features.16.0 | B64: 61 | C64: - | D64: - | E64: - | F64: - | G64: - | H64: - | I64: - | J64: - | K64: - | L64: - | M64: - | N64: - | O64: - | P64: - | Q64: + | R64: - | S64: + | T64: + | U64: - | V64: - | W64: - | X64: + | Y64: - | Z64: - | AA64: - | AB64: - | AC64: - | AD64: - | AE64: + | AF64: - | AG64: - | AH64: - | AI64: - | AJ64: - | AK64: - | AL64: - | AM64: - | AN64: - | AO64: - | AP64: - | AQ64: + | AR64: + | AS64: - | AT64: - | AU64: - | AV64: + | AW64: - | AX64: - | AY64: - | AZ64: + | BA64: + | BB64: - | BC64: - | BD64: - | BE64: - | BF64: - | BG64: + | BH64: - | BI64: - | BJ64: + | BK64: + | BL64: +

Sheet Resnet50
A2: Layer Name | B2: Layer Index | C2: 1 | D2: 2 | E2: 3 | F2: 4 | G2: 5 | H2: 6 | I2: 7 | J2: 8 | K2: 9 | L2: 10 | M2: 11 | N2: 12 | O2: 13 | P2: 14 | Q2: 15 | R2: 16 | S2: 17 | T2: 18 | U2: 19 | V2: 20 | W2: 21 | X2: 22 | Y2: 23 | Z2: 24 | AA2: 25 | AB2: 26 | AC2: 27 | AD2: 28 | AE2: 29 | AF2: 30 | AG2: 31 | AH2: 32 | AI2: 33 | AJ2: 34 | AK2: 35 | AL2: 36 | AM2: 37 | AN2: 38 | AO2: 39 | AP2: 40 | AQ2: 41 | AR2: 42 | AS2: 43 | AT2: 44 | AU2: 45 | AV2: 46 | AW2: 47 | AX2: 48 | AY2: 49 | AZ2: 50 | BA2: 51 | BB2: 52 | BC2: 53 | BD2: 54
A3: conv1 | B3: 1 | C3: +
A4: maxpool | B4: 2 | C4: + | D4: +
A5: layer1.0.conv1 | B5: 3 | C5: + | D5: + | E5: +
A6: layer1.0.conv2 | B6: 4 | C6: + | D6: + | E6: + | F6: +
A7: layer1.0.conv3 | B7: 5 | C7: + | D7: + | E7: + | F7: + | G7: +
A8: layer1.0.downsample.0 | B8: 6 | C8: + | D8: + | E8: + | F8: + | G8: + | H8: +
A9: layer1.1.conv1 | B9: 7 | C9: - | D9: + | E9: + | F9: + | G9: + | H9: + | I9: +
A10: layer1.1.conv2 | B10: 8 | C10: + | D10: + | E10: + | F10: + | G10: + | H10: + | I10: + | J10: +
A11: layer1.1.conv3 | B11: 9 | C11: - | D11: - | E11: - | F11: + | G11: + | H11: - | I11: + | J11: + | K11: +
A12: layer1.2.conv1 | B12: 10 | C12: - | D12: + | E12: + | F12: + | G12: + | H12: + | I12: + | J12: + | K12: + | L12: +
A13: layer1.2.conv2 | B13: 11 | C13: + | D13: - | E13: - | F13: - | G13: - | H13: - | I13: + | J13: + | K13: + | L13: + | M13: +
A14: layer1.2.conv3 | B14: 12 | C14: - | D14: - | E14: - | F14: + | G14: - | H14: - | I14: - | J14: - | K14: - | L14: - | M14: + | N14: +
A15: layer2.0.conv1 | B15: 13 | C15: + | D15: + | E15: + | F15: + | G15: + | H15: + | I15: - | J15: + | K15: - | L15: - | M15: - | N15: + | O15: +
A16: layer2.0.conv2 | B16: 14 | C16: + | D16: - | E16: - | F16: - | G16: - | H16: - | I16: - | J16: - | K16: - | L16: - | M16: - | N16: + | O16: + | P16: +
A17: layer2.0.conv3 | B17: 15 | C17: - | D17: - | E17: - | F17: - | G17: - | H17: - | I17: - | J17: - | K17: + | L17: - | M17: - | N17: + | O17: + | P17: + | Q17: +
A18: layer2.0.downsample.0 | B18: 16 | C18: + | D18: + | E18: + | F18: + | G18: + | H18: + | I18: - | J18: - | K18: - | L18: - | M18: - | N18: - | O18: + | P18: + | Q18: - | R18: +
A19: layer2.1.conv1 | B19: 17 | C19: + | D19: + | E19: + | F19: + | G19: + | H19: + | I19: + | J19: - | K19: - | L19: + | M19: + | N19: + | O19: - | P19: - | Q19: - | R19: + | S19: +
A20: layer2.1.conv2 | B20: 18 | C20: + | D20: + | E20: + | F20: - | G20: - | H20: - | I20: + | J20: - | K20: - | L20: + | M20: - | N20: - | O20: - | P20: - | Q20: - | R20: + | S20: + | T20: +
A21: layer2.1.conv3 | B21: 19 | C21: + | D21: - | E21: - | F21: - | G21: - | H21: - | I21: + | J21: - | K21: + | L21: + | M21: - | N21: + | O21: - | P21: + | Q21: + | R21: + | S21: + | T21: + | U21: +
A22: layer2.2.conv1 | B22: 20 | C22: - | D22: - | E22: - | F22: - | G22: - | H22: - | I22: - | J22: + | K22: + | L22: - | M22: - | N22: + | O22: + | P22: + | Q22: + | R22: + | S22: + | T22: + | U22: + | V22: +
A23: layer2.2.conv2 | B23: 21 | C23: + | D23: - | E23: - | F23: - | G23: - | H23: - | I23: + | J23: + | K23: + | L23: - | M23: - | N23: - | O23: - | P23: + | Q23: + | R23: + | S23: + | T23: + | U23: + | V23: + | W23: +
A24: layer2.2.conv3 | B24: 22 | C24: - | D24: - | E24: - | F24: - | G24: - | H24: - | I24: - | J24: - | K24: + | L24: - | M24: - | N24: + | O24: - | P24: + | Q24: + | R24: - | S24: - | T24: + | U24: + | V24: + | W24: + | X24: +
A25: layer2.3.conv1 | B25: 23 | C25: + | D25: - | E25: - | F25: - | G25: - | H25: - | I25: - | J25: + | K25: + | L25: - | M25: - | N25: + | O25: + | P25: + | Q25: + | R25: - | S25: - | T25: - | U25: + | V25: + | W25: + | X25: + | Y25: +
A26: layer2.3.conv2 | B26: 24 | C26: + | D26: - | E26: - | F26: + | G26: - | H26: - | I26: - | J26: - | K26: + | L26: - | M26: - | N26: - | O26: + | P26: + | Q26: + | R26: - | S26: - | T26: + | U26: + | V26: + | W26: + | X26: + | Y26: + | Z26: +
A27: layer2.3.conv3 | B27: 25 | C27: + | D27: - | E27: - | F27: - | G27: - | H27: - | I27: + | J27: + | K27: + | L27: - | M27: - | N27: + | O27: - | P27: + | Q27: + | R27: - | S27: - | T27: - | U27: + | V27: - | W27: + | X27: + | Y27: + | Z27: + | AA27: +
A28: layer3.0.conv1 | B28: 26 | C28: - | D28: - | E28: - | F28: - | G28: - | H28: - | I28: - | J28: - | K28: + | L28: - | M28: - | N28: + | O28: + | P28: + | Q28: + | R28: + | S28: - | T28: + | U28: + | V28: - | W28: - | X28: + | Y28: + | Z28: + | AA28: + | AB28: +
A29: layer3.0.conv2 | B29: 27 | C29: - | D29: - | E29: - | F29: - | G29: - | H29: - | I29: - | J29: - | K29: + | L29: - | M29: - | N29: + | O29: + | P29: + | Q29: + | R29: + | S29: - | T29: - | U29: - | V29: - | W29: - | X29: + | Y29: + | Z29: + | AA29: + | AB29: + | AC29: +
A30: layer3.0.conv3 | B30: 28 | C30: - | D30: - | E30: - | F30: - | G30: - | H30: - | I30: - | J30: + | K30: + | L30: - | M30: - | N30: + | O30: + | P30: + | Q30: + | R30: + | S30: - | T30: - | U30: + | V30: - | W30: - | X30: + | Y30: + | Z30: + | AA30: + | AB30: + | AC30: + | AD30: +
A31: layer3.0.downsample.0 | B31: 29 | C31: - | D31: + | E31: - | F31: - | G31: - | H31: - | I31: - | J31: - | K31: + | L31: - | M31: - | N31: + | O31: + | P31: + | Q31: + | R31: + | S31: - | T31: + | U31: + | V31: + | W31: + | X31: + | Y31: + | Z31: + | AA31: + | AB31: + | AC31: + | AD31: + | AE31: +
A32: layer3.1.conv1 | B32: 30 | C32: - | D32: - | E32: - | F32: - | G32: - | H32: - | I32: - | J32: - | K32: + | L32: - | M32: - | N32: - | O32: - | P32: + | Q32: + | R32: + | S32: - | T32: + | U32: + | V32: + | W32: + | X32: + | Y32: + | Z32: + | AA32: + | AB32: + | AC32: + | AD32: + | AE32: + | AF32: +
A33: layer3.1.conv2 | B33: 31 | C33: + | D33: - | E33: - | F33: - | G33: - | H33: - | I33: - | J33: - | K33: + | L33: - | M33: - | N33: - | O33: - | P33: + | Q33: + | R33: + | S33: - | T33: + | U33: + | V33: + | W33: + | X33: + | Y33: + | Z33: + | AA33: + | AB33: + | AC33: + | AD33: + | AE33: + | AF33: + | AG33: +
A34: layer3.1.conv3 | B34: 32 | C34: - | D34: - | E34: - | F34: - | G34: - | H34: - | I34: - | J34: + | K34: + | L34: - | M34: - | N34: + | O34: - | P34: + | Q34: + | R34: - | S34: - | T34: + | U34: + | V34: + | W34: + | X34: + | Y34: + | Z34: + | AA34: + | AB34: + | AC34: + | AD34: + | AE34: + | AF34: + | AG34: + | AH34: +
A35: layer3.2.conv1 | B35: 33 | C35: + | D35: - | E35: - | F35: - | G35: - | H35: - | I35: - | J35: - | K35: + | L35: - | M35: - | N35: - | O35: - | P35: + | Q35: + | R35: - | S35: - | T35: - | U35: + | V35: + | W35: + | X35: + | Y35: + | Z35: + | AA35: + | AB35: + | AC35: + | AD35: + | AE35: + | AF35: + | AG35: + | AH35: + | AI35: +
A36: layer3.2.conv2 | B36: 34 | C36: - | D36: - | E36: - | F36: - | G36: - | H36: - | I36: - | J36: - | K36: + | L36: - | M36: - | N36: - | O36: - | P36: + | Q36: + | R36: - | S36: - | T36: - | U36: + | V36: + | W36: + | X36: + | Y36: + | Z36: + | AA36: + | AB36: + | AC36: + | AD36: + | AE36: + | AF36: + | AG36: + | AH36: + | AI36: + | AJ36: +
A37: layer3.2.conv3 | B37: 35 | C37: - | D37: - | E37: - | F37: - | G37: - | H37: - | I37: - | J37: - | K37: + | L37: - | M37: - | N37: - | O37: + | P37: + | Q37: + | R37: - | S37: - | T37: - | U37: + | V37: + | W37: + | X37: + | Y37: + | Z37: + | AA37: + | AB37: + | AC37: + | AD37: + | AE37: + | AF37: + | AG37: + | AH37: + | AI37: + | AJ37: + | AK37: +
A38: layer3.3.conv1 | B38: 36 | C38: - | D38: - | E38: - | F38: - | G38: - | H38: - | I38: - | J38: + | K38: + | L38: - | M38: - | N38: - | O38: + | P38: + | Q38: + | R38: + | S38: - | T38: - | U38: - | V38: + | W38: + | X38: + | Y38: + | Z38: + | AA38: + | AB38: + | AC38: + | AD38: + | AE38: + | AF38: + | AG38: + | AH38: + | AI38: + | AJ38: + | AK38: + | AL38: +
A39: layer3.3.conv2 | B39: 37 | C39: - | D39: - | E39: - | F39: - | G39: - | H39: - | I39: - | J39: - | K39: + | L39: - | M39: - | N39: + | O39: + | P39: + | Q39: + | R39: - | S39: - | T39: - | U39: + | V39: + | W39: + | X39: + | Y39: + | Z39: + | AA39: + | AB39: + | AC39: + | AD39: + | AE39: + | AF39: + | AG39: + | AH39: + | AI39: + | AJ39: + | AK39: + | AL39: + | AM39: +
A40: layer3.3.conv3 | B40: 38 | C40: - | D40: - | E40: - | F40: - | G40: - | H40: - | I40: - | J40: - | K40: + | L40: - | M40: - | N40: + | O40: + | P40: + | Q40: + | R40: - | S40: - | T40: - | U40: - | V40: + | W40: + | X40: + | Y40: + | Z40: + | AA40: + | AB40: + | AC40: + | AD40: + | AE40: + | AF40: + | AG40: + | AH40: + | AI40: + | AJ40: + | AK40: + | AL40: + | AM40: + | AN40: +
A41: layer3.4.conv1 | B41: 39 | C41: - | D41: - | E41: - | F41: - | G41: - | H41: - | I41: - | J41: - | K41: - | L41: - | M41: - | N41: + | O41: + | P41: + | Q41: + | R41: - | S41: - | T41: - | U41: + | V41: + | W41: + | X41: + | Y41: + | Z41: + | AA41: + | AB41: + | AC41: + | AD41: + | AE41: + | AF41: + | AG41: + | AH41: + | AI41: + | AJ41: + | AK41: + | AL41: + | AM41: + | AN41: + | AO41: +
A42: layer3.4.conv2 | B42: 40 | C42: - | D42: - | E42: - | F42: - | G42: - | H42: - | I42: - | J42: - | K42: + | L42: - | M42: - | N42: + | O42: - | P42: + | Q42: + | R42: - | S42: - | T42: - | U42: + | V42: + | W42: - | X42: + | Y42: + | Z42: + | AA42: + | AB42: + | AC42: + | AD42: + | AE42: + | AF42: + | AG42: + | AH42: + | AI42: + | AJ42: + | AK42: + | AL42: + | AM42: + | AN42: + | AO42: + | AP42: +
A43: layer3.4.conv3 | B43: 41 | C43: - | D43: - | E43: - | F43: - | G43: - | H43: - | I43: - | J43: + | K43: + | L43: - | M43: - | N43: + | O43: - | P43: + | Q43: + | R43: - | S43: - | T43: - | U43: - | V43: - | W43: - | X43: + | Y43: + | Z43: + | AA43: + | AB43: + | AC43: + | AD43: + | AE43: + | AF43: + | AG43: + | AH43: + | AI43: + | AJ43: + | AK43: + | AL43: + | AM43: + | AN43: + | AO43: + | AP43: + | AQ43: +
A44: layer3.5.conv1 | B44: 42 | C44: - | D44: - | E44: - | F44: - | G44: - | H44: - | I44: - | J44: - | K44: - | L44: - | M44: - | N44: - | O44: + | P44: + | Q44: + | R44: - | S44: - | T44: - | U44: - | V44: - | W44: + | X44: + | Y44: + | Z44: + | AA44: - | AB44: + | AC44: + | AD44: + | AE44: + | AF44: + | AG44: + | AH44: + | AI44: + | AJ44: + | AK44: + | AL44: + | AM44: + | AN44: + | AO44: + | AP44: + | AQ44: + | AR44: +
A45: layer3.5.conv2 | B45: 43 | C45: + | D45: - | E45: - | F45: - | G45: - | H45: - | I45: - | J45: + | K45: + | L45: - | M45: - | N45: - | O45: - | P45: + | Q45: + | R45: - | S45: - | T45: - | U45: - | V45: + | W45: + | X45: + | Y45: + | Z45: + | AA45: + | AB45: + | AC45: + | AD45: + | AE45: + | AF45: + | AG45: + | AH45: + | AI45: + | AJ45: + | AK45: + | AL45: + | AM45: + | AN45: + | AO45: + | AP45: + | AQ45: + | AR45: + | AS45: +
A46: layer3.5.conv3 | B46: 44 | C46: + | D46: - | E46: - | F46: - | G46: - | H46: - | I46: - | J46: + | K46: + | L46: - | M46: - | N46: - | O46: - | P46: - | Q46: + | R46: - | S46: - | T46: - | U46: - | V46: - | W46: + | X46: + | Y46: - | Z46: + | AA46: + | AB46: + | AC46: + | AD46: + | AE46: + | AF46: + | AG46: + | AH46: + | AI46: + | AJ46: + | AK46: + | AL46: + | AM46: + | AN46: + | AO46: + | AP46: + | AQ46: + | AR46: + | AS46: + | AT46: +
A47: layer4.0.conv1 | B47: 45 | C47: + | D47: + | E47: - | F47: - | G47: - | H47: - | I47: - | J47: + | K47: - | L47: - | M47: - | N47: - | O47: - | P47: + | Q47: - | R47: + | S47: - | T47: + | U47: + | V47: - | W47: + | X47: + | Y47: - | Z47: + | AA47: + | AB47: + | AC47: + | AD47: + | AE47: + | AF47: + | AG47: + | AH47: + | AI47: + | AJ47: + | AK47: + | AL47: + | AM47: + | AN47: + | AO47: + | AP47: + | AQ47: + | AR47: + | AS47: + | AT47: + | AU47: +
A48: layer4.0.conv2 | B48: 46 | C48: + | D48: - | E48: - | F48: - | G48: - | H48: - | I48: - | J48: - | K48: + | L48: - | M48: - | N48: - | O48: + | P48: - | Q48: - | R48: - | S48: - | T48: - | U48: - | V48: - | W48: + | X48: + | Y48: - | Z48: + | AA48: + | AB48: + | AC48: + | AD48: + | AE48: + | AF48: + | AG48: + | AH48: + | AI48: + | AJ48: + | AK48: + | AL48: + | AM48: + | AN48: + | AO48: + | AP48: + | AQ48: + | AR48: + | AS48: + | AT48: + | AU48: + | AV48: +
A49: layer4.0.conv3 | B49: 47 | C49: - | D49: - | E49: - | F49: - | G49: - | H49: - | I49: - | J49: - | K49: - | L49: - | M49: - | N49: - | O49: - | P49: - | Q49: - | R49: - | S49: - | T49: - | U49: + | V49: - | W49: + | X49: + | Y49: + | Z49: + | AA49: - | AB49: + | AC49: + | AD49: + | AE49: + | AF49: + | AG49: + | AH49: + | AI49: + | AJ49: + | AK49: + | AL49: + | AM49: + | AN49: + | AO49: + | AP49: + | AQ49: + | AR49: + | AS49: + | AT49: + | AU49: + | AV49: + | AW49: +
A50: layer4.0.downsample.0 | B50: 48 | C50: - | D50: - | E50: - | F50: - | G50: - | H50: - | I50: - | J50: + | K50: + | L50: - | M50: - | N50: - | O50: - | P50: + | Q50: + | R50: - | S50: - | T50: + | U50: + | V50: + | W50: + | X50: + | Y50: - | Z50: + | AA50: + | AB50: + | AC50: + | AD50: + | AE50: + | AF50: + | AG50: + | AH50: + | AI50: + | AJ50: + | AK50: + | AL50: + | AM50: + | AN50: + | AO50: + | AP50: + | AQ50: + | AR50: + | AS50: + | AT50: + | AU50: + | AV50: + | AW50: + | AX50: +
A51: layer4.1.conv1 | B51: 49 | C51: + | D51: - | E51: - | F51: - | G51: - | H51: - | I51: - | J51: - | K51: - | L51: - | M51: - | N51: - | O51: - | P51: + | Q51: + | R51: - | S51: - | T51: - | U51: - | V51: - | W51: + | X51: + | Y51: - | Z51: + | AA51: + | AB51: + | AC51: + | AD51: + | AE51: + | AF51: + | AG51: + | AH51: + | AI51: + | AJ51: + | AK51: + | AL51: + | AM51: + | AN51: + | AO51: + | AP51: + | AQ51: + | AR51: + | AS51: + | AT51: + | AU51: + | AV51: + | AW51: + | AX51: + | AY51: +
A52: layer4.1.conv2 | B52: 50 | C52: + | D52: - | E52: - | F52: - | G52: - | H52: - | I52: - | J52: - | K52: - | L52: - | M52: - | N52: - | O52: - | P52: + | Q52: - | R52: - | S52: - | T52: + | U52: - | V52: + | W52: + | X52: + | Y52: + | Z52: + | AA52: - | AB52: + | AC52: + | AD52: + | AE52: + | AF52: + | AG52: + | AH52: + | AI52: + | AJ52: + | AK52: + | AL52: + | AM52: + | AN52: + | AO52: + | AP52: + | AQ52: + | AR52: + | AS52: + | AT52: + | AU52: + | AV52: + | AW52: + | AX52: + | AY52: + | AZ52: +
A53: layer4.1.conv3 | B53: 51 | C53: + | D53: - | E53: - | F53: - | G53: - | H53: - | I53: - | J53: - | K53: + | L53: - | M53: - | N53: - | O53: - | P53: + | Q53: - | R53: + | S53: - | T53: + | U53: + | V53: - | W53: + | X53: + | Y53: - | Z53: + | AA53: - | AB53: + | AC53: + | AD53: + | AE53: + | AF53: + | AG53: + | AH53: + | AI53: + | AJ53: + | AK53: + | AL53: + | AM53: + | AN53: + | AO53: + | AP53: + | AQ53: + | AR53: - | AS53: + | AT53: + | AU53: + | AV53: + | AW53: + | AX53: + | AY53: + | AZ53: + | BA53: +
A54: layer4.2.conv1 | B54: 52 | C54: - | D54: - | E54: - | F54: - | G54: - | H54: - | I54: - | J54: - | K54: + | L54: - | M54: - | N54: - | O54: - | P54: - | Q54: - | R54: - | S54: - | T54: + | U54: + | V54: + | W54: + | X54: + | Y54: + | Z54: + | AA54: + | AB54: + | AC54: + | AD54: + | AE54: + | AF54: + | AG54: + | AH54: + | AI54: + | AJ54: + | AK54: + | AL54: + | AM54: + | AN54: + | AO54: + | AP54: + | AQ54: + | AR54: - | AS54: + | AT54: + | AU54: + | AV54: + | AW54: + | AX54: + | AY54: + | AZ54: + | BA54: + | BB54: +
A55: layer4.2.conv2 | B55: 53 | C55: - | D55: - | E55: - | F55: - | G55: - | H55: - | I55: - | J55: - | K55: + | L55: - | M55: - | N55: - | O55: - | P55: - | Q55: - | R55: - | S55: + | T55: - | U55: + | V55: - | W55: + | X55: + | Y55: - | Z55: + | AA55: + | AB55: - | AC55: - | AD55: + | AE55: + | AF55: + | AG55: + | AH55: + | AI55: + | AJ55: + | AK55: - | AL55: + | AM55: + | AN55: + | AO55: + | AP55: + | AQ55: + | AR55: - | AS55: + | AT55: + | AU55: + | AV55: + | AW55: - | AX55: + | AY55: - | AZ55: - | BA55: + | BB55: + | BC55: +
A56: layer4.2.conv3 | B56: 54 | C56: - | D56: - | E56: - | F56: - | G56: - | H56: - | I56: - | J56: + | K56: + | L56: - | M56: - | N56: - | O56: - | P56: + | Q56: - | R56: - | S56: - | T56: - | U56: + | V56: + | W56: - | X56: + | Y56: + | Z56: + | AA56: - | AB56: - | AC56: + | AD56: + | AE56: + | AF56: + | AG56: - | AH56: + | AI56: + | AJ56: - | AK56: - | AL56: + | AM56: + | AN56: + | AO56: + | AP56: + | AQ56: + | AR56: - | AS56: - | AT56: + | AU56: + | AV56: + | AW56: + | AX56: + | AY56: + | AZ56: + | BA56: + | BB56: + | BC56: + | BD56: +

Sheet Class_0
B1: features.0 | C1: features.2 | D1: features.4 | E1: features.5 | F1: features.7 | G1: features.9 | H1: features.10 | I1: features.12 | J1: features.14 | K1: features.16 | L1: features.17 | M1: features.19 | N1: features.21 | O1: features.23 | P1: features.24 | Q1: features.26 | R1: features.28 | S1: features.30
A2: features.0 | B2: 1 | C2: 0.41519292 | D2: 0.32484426 | E2: 0.42973768 | F2: 0.29760182 | G2: 0.29762972 | H2: 0.24057084 | I2: 0.20942007 | J2: 0.17225033 | K2: 0.18706651 | L2: 0.17056448 | M2: 0.14175543 | N2: 0.094389765 | O2: 0.11764595 | P2: 0.10896145 | Q2: 0.073013929 | R2: 0.1058914 | S2: 0.1014402
A3: features.2 | B3: 0.41519292 | C3: 1 | D3: 0.68986715 | E3: 0.44876515 | F3: 0.42604352 | G3: 0.38817958 | H3: 0.31019921 | I3: 0.33198694 | J3: 0.16113381 | K3: 0.19908715 | L3: 0.23127714 | M3: 0.26107213 | N3: 0.21384307 | O3: 0.24655173 | P3: 0.2013502 | Q3: 0.11956871 | R3: 0.24760021 | S3: 0.22237559
A4: features.4 | B4: 0.32484426 | C4: 0.68986715 | D4: 1 | E4: 0.41143349 | F4: 0.38812197 | G4: 0.35701845 | H4: 0.2958598 | I4: 0.30935845 | J4: 0.11588966 | K4: 0.1483506 | L4: 0.18773366 | M4: 0.23358234 | N4: 0.19724022 | O4: 0.24267769 | P4: 0.17013953 | Q4: 0.058690013 | R4: 0.21440138 | S4: 0.18828391
A5: features.5 | B5: 0.42973768 | C5: 0.44876515 | D5: 0.41143349 | E5: 1 | F5: 0.45723544 | G5: 0.41296699 | H5: 0.4136801 | I5: 0.34505052 | J5: 0.35425199 | K5: 0.34337406 | L5: 0.30917489 | M5: 0.26198213 | N5: 0.26149178 | O5: 0.26930803 | P5: 0.22893678 | Q5: 0.17484908 | R5: 0.25535566 | S5: 0.24728718
A6: features.7 | B6: 0.29760182 | C6: 0.42604352 | D6: 0.38812197 | E6: 0.45723544 | F6: 1 | G6: 0.82405723 | H6: 0.70286331 | I6: 0.4952514 | J6: 0.46856187 | K6: 0.47383012 | L6: 0.37004999 | M6: 0.30657297 | N6: 0.29744039 | O6: 0.28391588 | P6: 0.28841853 | Q6: 0.15889853 | R6: 0.24648894 | S6: 0.25566087
A7: features.9 | B7: 0.29762972 | C7: 0.38817958 | D7: 0.35701845 | E7: 0.41296699 | F7: 0.82405723 | G7: 1 | H7: 0.68353319 | I7: 0.51718739 | J7: 0.46097495 | K7: 0.48520859 | L7: 0.33870107 | M7: 0.31966749 | N7: 0.26357717 | O7: 0.24899701 | P7: 0.27317423 | Q7: 0.12073087 | R7: 0.19159445 | S7: 0.19770361
A8: features.10 | B8: 0.24057084 | C8: 0.31019921 | D8: 0.2958598 | E8: 0.4136801 | F8: 0.70286331 | G8: 0.68353319 | H8: 1 | I8: 0.56384028 | J8: 0.55208225 | K8: 0.53984218 | L8: 0.50044008 | M8: 0.35022026 | N8: 0.37258289 | O8: 0.34531342 | P8: 0.31037492 | Q8: 0.14859279 | R8: 0.19314984 | S8: 0.20609307
A9: features.12 | B9: 0.20942007 | C9: 0.33198694 | D9: 0.30935845 | E9: 0.34505052 | F9: 0.4952514 | G9: 0.51718739 | H9: 0.56384028 | I9: 1 | J9: 0.58925794 | K9: 0.60568597 | L9: 0.47357702 | M9: 0.39881644 | N9: 0.32203165 | O9: 0.28764419 | P9: 0.32108226 | Q9: 0.11677793 | R9: 0.13378894 | S9: 0.14246384
A10: features.14 | B10: 0.17225033 | C10: 0.16113381 | D10: 0.11588966 | E10: 0.35425199 | F10: 0.46856187 | G10: 0.46097495 | H10: 0.55208225 | I10: 0.58925794 | J10: 1 | K10: 0.82485263 | L10: 0.61037003 | M10: 0.44133217 | N10: 0.44155948 | O10: 0.38972464 | P10: 0.4181047 | Q10: 0.17722502 | R10: 0.14256363 | S10: 0.13796825
A11: features.16 | B11: 0.18706651 | C11: 0.19908715 | D11: 0.1483506 | E11: 0.34337406 | F11: 0.47383012 | G11: 0.48520859 | H11: 0.53984218 | I11: 0.60568597 | J11: 0.82485263 | K11: 1 | L11: 0.62457397 | M11: 0.4687723 | N11: 0.43082371 | O11: 0.35845902 | P11: 0.42017749 | Q11: 0.16068647 | R11: 0.18564339 | S11: 0.1728567
A12: features.17 | B12: 0.17056448 | C12: 0.23127714 | D12: 0.18773366 | E12: 0.30917489 | F12: 0.37004999 | G12: 0.33870107 | H12: 0.50044008 | I12: 0.47357702 | J12: 0.61037003 | K12: 0.62457397 | L12: 1 | M12: 0.53586574 | N12: 0.54483701 | O12: 0.52155822 | P12: 0.48451733 | Q12: 0.21584828 | R12: 0.32947242 | S12: 0.27802012
A13: features.19 | B13: 0.14175543 | C13: 0.26107213 | D13: 0.23358234 | E13: 0.26198213 | F13: 0.30657297 | G13: 0.31966749 | H13: 0.35022026 | I13: 0.39881644 | J13: 0.44133217 | K13: 0.4687723 | L13: 0.53586574 | M13: 1 | N13: 0.49341888 | O13: 0.48140947 | P13: 0.49334299 | Q13: 0.22391498 | R13: 0.3365535 | S13: 0.3222746
... A19: features.30 | B19: 0.1014402 | C19: 0.22237559 | D19: 0.18828391 | E19: 0.24728718 | F19: 0.25566087 | G19: 0.19770361 | H19: 0.20609307 | I19: 0.14246384 | J19: 0.13796825 | K19: 0.1728567 | L19: 0.27802012 | M19: 0.3222746 | N19: 0.31485861 | O19: 0.40686374 | P19: 0.41542917 | Q19: 0.53441426 | R19: 0.88699356 | S19: 1

Sheet Class_1
B1: features.0 | C1: features.2 | D1: features.4 | E1: features.5 | F1: features.7 | G1: features.9 | H1: features.10 | I1: features.12 | J1: features.14 | K1: features.16 | L1: features.17 | M1: features.19 | N1: features.21 | O1: features.23 | P1: features.24 | Q1: features.26 | R1: features.28 | S1: features.30
A2: features.0 | B2: 1 | C2: 0.29373459 | D2: 0.25745242 | E2: 0.20159647 | F2: 0.25285243 | G2: 0.27985144 | H2: 0.30590597 | I2: 0.22318016 | J2: 0.24571081 | K2: 0.21959723 | L2: 0.082559582 | M2: 0.077791023 | N2: -0.018453496 | O2: -0.039726358 | P2: -0.0326759 | Q2: -0.086935845 | R2: -0.058742324 | S2: -0.10599016
A3: features.2 | B3: 0.29373459 | C3: 1 | D3: 0.63105558 | E3: 0.34298447 | F3: 0.27210659 | G3: 0.23397945 | H3: 0.16262636 | I3: 0.13374909 | J3: 0.11101663 | K3: 0.15066582 | L3: 0.18296686 | M3: 0.19888006 | N3: 0.094754369 | O3: -0.11609945 | P3: 0.095761712 | Q3: -0.006862807 | R3: 0.0017300142 | S3: 0.028475338
A4: features.4 | B4: 0.25745242 | C4: 0.63105558 | D4: 1 | E4: 0.43087384 | F4: 0.24917199 | G4: 0.2430441 | H4: 0.17099466 | I4: 0.1258177 | J4: 0.1086848 | K4: 0.10247539 | L4: 0.17106742 | M4: 0.11659015 | N4: 0.062970976 | O4: -0.093344758 | P4: 0.051419769 | Q4: -0.024970658 | R4: -0.011305207 | S4: -0.0045493052
A5: features.5 | B5: 0.20159647 | C5: 0.34298447 | D5: 0.43087384 | E5: 1 | F5: 0.28642749 | G5: 0.1408517 | H5: 0.10673706 | I5: 0.12203667 | J5: 0.089662736 | K5: 0.042182547 | L5: 0.1891138 | M5: 0.061207575 | N5: 0.13043239 | O5: -0.012713545 | P5: 0.11683317 | Q5: 0.0019969163 | R5: 0.040029888 | S5: 0.067674097
A6: features.7 | B6: 0.25285243 | C6: 0.27210659 | D6: 0.24917199 | E6: 0.28642749 | F6: 1 | G6: 0.58859066 | H6: 0.3874128 | I6: 0.34666383 | J6: 0.38968955 | K6: 0.28517473 | L6: 0.19387386 | M6: 0.37373927 | N6: 0.26268717 | O6: 0.0096909992 | P6: 0.18474873 | Q6: 0.1343272 | R6: 0.086407793 | S6: 0.15472172
A7: features.9 | B7: 0.27985144 | C7: 0.23397945 | D7: 0.2430441 | E7: 0.1408517 | F7: 0.58859066 | G7: 1 | H7: 0.63127772 | I7: 0.51773008 | J7: 0.44051216 | K7: 0.53191659 | L7: 0.23158876 | M7: 0.34150485 | N7: 0.14065166 | O7: 0.086678523 | P7: 0.21751284 | Q7: 0.11440302 | R7: 0.11002061 | S7: 0.10602578
A8: features.10 | B8: 0.30590597 | C8: 0.16262636 | D8: 0.17099466 | E8: 0.10673706 | F8: 0.3874128 | G8: 0.63127772 | H8: 1 | I8: 0.5793998 | J8: 0.47841463 | K8: 0.6590434 | L8: 0.26951276 | M8: 0.22518905 | N8: 0.065290104 | O8: 0.10422983 | P8: 0.23227549 | Q8: 0.060297568 | R8: 0.18467371 | S8: 0.062109113
A9: features.12 | B9: 0.22318016 | C9: 0.13374909 | D9: 0.1258177 | E9: 0.12203667 | F9: 0.34666383 | G9: 0.51773008 | H9: 0.5793998 | I9: 1 | J9: 0.44464204 | K9: 0.55256603 | L9: 0.28780461 | M9: 0.18867983 | N9: 0.14223495 | O9: 0.14777133 | P9: 0.17150836 | Q9: 0.037645593 | R9: 0.12735782 | S9: 0.0078706588
A10: features.14 | B10: 0.24571081 | C10: 0.11101663 | D10: 0.1086848 | E10: 0.089662736 | F10: 0.38968955 | G10: 0.44051216 | H10: 0.47841463 | I10: 0.44464204 | J10: 1 | K10: 0.61989767 | L10: 0.13870925 | M10: 0.27672544 | N10: 0.033882261 | O10: 0.056188925 | P10: 0.035238308 | Q10: -0.11086646 | R10: 0.068126141 | S10: -0.090862481
A11: features.16 | B11: 0.21959723 | C11: 0.15066582 | D11: 0.10247539 | E11: 0.042182547 | F11: 0.28517473 | G11: 0.53191659 | H11: 0.6590434 | I11: 0.55256603 | J11: 0.61989767 | K11: 1 | L11: 0.24442314 | M11: 0.28101582 | N11: 0.06098467 | O11: 0.13483839 | P11: 0.16786805 | Q11: -0.034800095 | R11: 0.13036692 | S11: -0.01893941
A12: features.17 | B12: 0.082559582 | C12: 0.18296686 | D12: 0.17106742 | E12: 0.1891138 | F12: 0.19387386 | G12: 0.23158876 | H12: 0.26951276 | I12: 0.28780461 | J12: 0.13870925 | K12: 0.24442314 | L12: 1 | M12: 0.19941992 | N12: 0.35893377 | O12: 0.18397208 | P12: 0.29038041 | Q12: 0.16006425 | R12: 0.16953049 | S12: 0.17193231
A13: features.19 | B13: 0.077791023 | C13: 0.19888006 | D13: 0.11659015 | E13: 0.061207575 | F13: 0.37373927 | G13: 0.34150485 | H13: 0.22518905 | I13: 0.18867983 | J13: 0.27672544 | K13: 0.28101582 | L13: 0.19941992 | M13: 1 | N13: 0.30216334 | O13: 0.0044331746 | P13: 0.30258297 | Q13: 0.31861495 | R13: 0.2479513 | S13: 0.27098567
... A19: features.30 | B19: -0.10599016 | C19: 0.028475338 | D19: -0.0045493052 | E19: 0.067674097 | F19: 0.15472172 | G19: 0.10602578 | H19: 0.062109113 | I19: 0.0078706588 | J19: -0.090862481 | K19: -0.01893941 | L19: 0.17193231 | M19: 0.27098567 | N19: 0.4059548 | O19: 0.17106036 | P19: 0.50626283 | Q19: 0.54760068 | R19: 0.71523781 | S19: 1

Sheet Class_2
B1: features.0 | C1: features.2 | D1: features.4 | E1: features.5 | F1: features.7 | G1: features.9 | H1: features.10 | I1: features.12 | J1: features.14 | K1: features.16 | L1: features.17 | M1: features.19 | N1: features.21 | O1: features.23 | P1: features.24 | Q1: features.26 | R1: features.28 | S1: features.30
A2: features.0 | B2: 1 | C2: -0.086712228 | D2: -0.10641144 | E2: -0.0036869224 | F2: 0.0095669622 | G2: -0.025290658 | H2: -0.12391104 | I2: -0.104856 | J2: -0.11984025 | K2: -0.11003064 | L2: -0.084560584 | M2: -0.06681008 | N2: -0.088222242 | O2: -0.053886539 | P2: -0.045800944 | Q2: 0.082260656 | R2: -0.072656046 | S2: -0.049743897
A3: features.2 | B3: -0.086712228 | C3: 1 | D3: 0.77389024 | E3: 0.50447819 | F3: 0.20243189 | G3: 0.21504496 | H3: 0.090080296 | I3: 0.010080239 | J3: 0.1282105 | K3: 0.13393667 | L3: 0.17080081 | M3: 0.21401216 | N3: 0.17906015 | O3: 0.21445625 | P3: 0.23744525 | Q3: 0.1108272 | R3: 0.17064201 | S3: 0.086804963
A4: features.4 | B4: -0.10641144 | C4: 0.77389024 | D4: 1 | E4: 0.55858942 | F4: 0.22119186 | G4: 0.19099452 | H4: 0.051141492 | I4: -0.012723926 | J4: 0.12531898 | K4: 0.10678947 | L4: 0.16095832 | M4: 0.23327166 | N4: 0.17548135 | O4: 0.2115671 | P4: 0.25785362 | Q4: 0.13522905 | R4: 0.19332074 | S4: 0.089896006
A5: features.5 | B5: -0.0036869224 | C5: 0.50447819 | D5: 0.55858942 | E5: 1 | F5: 0.32620124 | G5: 0.26973116 | H5: 0.088900394 | I5: 0.048741285 | J5: 0.20098084 | K5: 0.16146872 | L5: 0.21727118 | M5: 0.38254955 | N5: 0.29285178 | O5: 0.34600243 | P5: 0.34157444 | Q5: 0.22224372 | R5: 0.32170236 | S5: 0.17560806
A6: features.7 | B6: 0.0095669622 | C6: 0.20243189 | D6: 0.22119186 | E6: 0.32620124 | F6: 1 | G6: 0.76338944 | H6: 0.3554457 | I6: 0.22546388 | J6: 0.21747645 | K6: 0.2168714 | L6: 0.21998574 | M6: 0.27599567 | N6: 0.15095424 | O6: 0.21556104 | P6: 0.21886297 | Q6: 0.20334276 | R6: 0.17507018 | S6: 0.15383962
A7: features.9 | B7: -0.025290658 | C7: 0.21504496 | D7: 0.19099452 | E7: 0.26973116 | F7: 0.76338944 | G7: 1 | H7: 0.50834173 | I7: 0.31078321 | J7: 0.30099536 | K7: 0.33640543 | L7: 0.29462165 | M7: 0.33993155 | N7: 0.24284354 | O7: 0.27085347 | P7: 0.26917012 | Q7: 0.14387684 | R7: 0.24699391 | S7: 0.22124612
A8: features.10 | B8: -0.12391104 | C8: 0.090080296 | D8: 0.051141492 | E8: 0.088900394 | F8: 0.3554457 | G8: 0.50834173 | H8: 1 | I8: 0.70852547 | J8: 0.596114 | K8: 0.64952452 | L8: 0.41694653 | M8: 0.33967371 | N8: 0.36317485 | O8: 0.35395624 | P8: 0.26578317 | Q8: -0.051804388 | R8: 0.31616625 | S8: 0.26666054
A9: features.12 | B9: -0.104856 | C9: 0.010080239 | D9: -0.012723926 | E9: 0.048741285 | F9: 0.22546388 | G9: 0.31078321 | H9: 0.70852547 | I9: 1 | J9: 0.60539628 | K9: 0.62626201 | L9: 0.43073703 | M9: 0.26107388 | N9: 0.28722246 | O9: 0.31597349 | P9: 0.19947427 | Q9: -0.044809466 | R9: 0.28419926 | S9: 0.24672609
A10: features.14 | B10: -0.11984025 | C10: 0.1282105 | D10: 0.12531898 | E10: 0.20098084 | F10: 0.21747645 | G10: 0.30099536 | H10: 0.596114 | I10: 0.60539628 | J10: 1 | K10: 0.79058815 | L10: 0.56674826 | M10: 0.44217896 | N10: 0.36886244 | O10: 0.44029796 | P10: 0.2995892 | Q10: -0.0040733817 | R10: 0.31152919 | S10: 0.26469293
A11: features.16 | B11: -0.11003064 | C11: 0.13393667 | D11: 0.10678947 | E11: 0.16146872 | F11: 0.2168714 | G11: 0.33640543 | H11: 0.64952452 | I11: 0.62626201 | J11: 0.79058815 | K11: 1 | L11: 0.5683116 | M11: 0.43624946 | N11: 0.4184477 | O11: 0.43534455 | P11: 0.32791973 | Q11: -0.02652811 | R11: 0.33590497 | S11: 0.26519182
A12: features.17 | B12: -0.084560584 | C12: 0.17080081 | D12: 0.16095832 | E12: 0.21727118 | F12: 0.21998574 | G12: 0.29462165 | H12: 0.41694653 | I12: 0.43073703 | J12: 0.56674826 | K12: 0.5683116 | L12: 1 | M12: 0.58969974 | N12: 0.47073142 | O12: 0.53469027 | P12: 0.47702438 | Q12: 0.15594796 | R12: 0.37489264 | S12: 0.27175358
A13: features.19 | B13: -0.06681008 | C13: 0.21401216 | D13: 0.23327166 | E13: 0.38254955 | F13: 0.27599567 | G13: 0.33993155 | H13: 0.33967371 | I13: 0.26107388 | J13: 0.44217896 | K13: 0.43624946 | L13: 0.58969974 | M13: 1 | N13: 0.54413226 | O13: 0.57004048 | P13: 0.72554931 | Q13: 0.34033617 | R13: 0.54252194 | S13: 0.40948272
... A19: features.30 | B19: -0.049743897 | C19: 0.086804963 | D19: 0.089896006 | E19: 0.17560806 | F19: 0.15383962 | G19: 0.22124612 | H19: 0.26666054 | I19: 0.24672609 | J19: 0.26469293 | K19: 0.26519182 | L19: 0.27175358 | M19: 0.40948272 | N19: 0.15331655 | O19: 0.24054695 | P19: 0.42089516 | Q19: 0.16029873 | R19: 0.78256856 | S19: 1

Sheet SensitivityLogsAfter
B1: Location of trained models
A2: P1 | B2: /mnt/sdd/basics/vgg16/ | F2: /mnt/sdd/basics/vgg16/loss_vgg16_features.10_0.5.pth /mnt/sdd/basics/vgg16/loss_vgg16_features.24_0.5.pth
F3: /mnt/sdd/basics/vgg16/loss_vgg16_features.12_0.5.pth /mnt/sdd/basics/vgg16/loss_vgg16_features.26_0.5.pth
B4: 0.5 0.6 0.7 0.8 0.9 | F4: /mnt/sdd/basics/vgg16/loss_vgg16_features.14_0.5.pth /mnt/sdd/basics/vgg16/loss_vgg16_features.28_0.5.pth
F5: /mnt/sdd/basics/vgg16/loss_vgg16_features.17_0.5.pth /mnt/sdd/basics/vgg16/loss_vgg16_features.5_0.5.pth
F6: /mnt/sdd/basics/vgg16/loss_vgg16_features.19_0.5.pth /mnt/sdd/basics/vgg16/loss_vgg16_features.7_0.5.pth
F7: /mnt/sdd/basics/vgg16/loss_vgg16_features.21_0.5.pth
F12: Features.17
F13: Features.19
F14: Features.21
F15: Features.23
F16: Features.24
