Workbook

Sheet SensitiveLayers
B1: =Class_0!B1 -> features.0 | C1: =Class_0!C1 -> features.2 | D1: =Class_0!D1 -> features.4 | E1: =Class_0!E1 -> features.5 | F1: =Class_0!F1 -> features.7 | G1: =Class_0!G1 -> features.9 | H1: =Class_0!H1 -> features.10 | I1: =Class_0!I1 -> features.12 | ... S1: =Class_0!S1 -> features.30
A2: Deer | B2: =Class_0!B19 -> 0.1014402 | C2: =Class_0!C19 -> 0.22237559 | D2: =Class_0!D19 -> 0.18828391 | E2: =Class_0!E19 -> 0.24728718 | F2: =Class_0!F19 -> 0.25566087 | G2: =Class_0!G19 -> 0.19770361 | H2: =Class_0!H19 -> 0.20609307 | I2: =Class_0!I19 -> 0.14246384 | ... S2: =Class_0!S19 -> 1
A3: Horse | B3: =Class_1!B19 -> -0.10599016 | C3: =Class_1!C19 -> 0.028475338 | D3: =Class_1!D19 -> -0.0045493052 | E3: =Class_1!E19 -> 0.067674097 | F3: =Class_1!F19 -> 0.15472172 | G3: =Class_1!G19 -> 0.10602578 | H3: =Class_1!H19 -> 0.062109113 | I3: =Class_1!I19 -> 0.0078706588 | ... S3: =Class_1!S19 -> 1
A4: Zebra | B4: =Class_2!B19 -> -0.049743897 | C4: =Class_2!C19 -> 0.086804963 | D4: =Class_2!D19 -> 0.089896006 | E4: =Class_2!E19 -> 0.17560806 | F4: =Class_2!F19 -> 0.15383962 | G4: =Class_2!G19 -> 0.22124612 | H4: =Class_2!H19 -> 0.26666054 | I4: =Class_2!I19 -> 0.24672609 | ... S4: =Class_2!S19 -> 1
A6: Overall corelation | B6: =MIN(B2:B4) -> -0.10599016 | C6: =MIN(C2:C4) -> 0.028475338 | D6: =MIN(D2:D4) -> -0.0045493052 | E6: =MIN(E2:E4) -> 0.067674097 | F6: =MIN(F2:F4) -> 0.15383962 | G6: =MIN(G2:G4) -> 0.10602578 | H6: =MIN(H2:H4) -> 0.062109113 | I6: =MIN(I2:I4) -> 0.0078706588 | ... R6: =MIN(R2:R4) -> 0.71523781
B7: =IF(AND(B2>0,B3>0,B4>0),TRUE,FALSE) -> FALSE | C7: =IF(AND(C2>0,C3>0,C4>0),TRUE,FALSE) -> TRUE | D7: =IF(AND(D2>0,D3>0,D4>0),TRUE,FALSE) -> FALSE | E7: =IF(AND(E2>0,E3>0,E4>0),TRUE,FALSE) -> TRUE | F7: =IF(AND(F2>0,F3>0,F4>0),TRUE,FALSE) -> TRUE | G7: =IF(AND(G2>0,G3>0,G4>0),TRUE,FALSE) -> TRUE | H7: =IF(AND(H2>0,H3>0,H4>0),TRUE,FALSE) -> TRUE | I7: =IF(AND(I2>0,I3>0,I4>0),TRUE,FALSE) -> TRUE | ... R7: =IF(AND(R2>0,R3>0,R4>0),TRUE,FALSE) -> TRUE
A8: Max Corelation layer | B8: =MAX(B6:R6) -> 0.71523781
A9: Affects 2 classes | B9: =IF(OR(AND(B2>0,B3>0), AND(B2>0,B4>0), AND(B3>0,B4>0)), TRUE, FALSE) -> FALSE | C9: =IF(OR(AND(C2>0,C3>0), AND(C2>0,C4>0), AND(C3>0,C4>0)), TRUE, FALSE) -> TRUE | D9: =IF(OR(AND(D2>0,D3>0), AND(D2>0,D4>0), AND(D3>0,D4>0)), TRUE, FALSE) -> TRUE | E9: =IF(OR(AND(E2>0,E3>0), AND(E2>0,E4>0), AND(E3>0,E4>0)), TRUE, FALSE) -> TRUE | F9: =IF(OR(AND(F2>0,F3>0), AND(F2>0,F4>0), AND(F3>0,F4>0)), TRUE, FALSE) -> TRUE | G9: =IF(OR(AND(G2>0,G3>0), AND(G2>0,G4>0), AND(G3>0,G4>0)), TRUE, FALSE) -> TRUE | H9: =IF(OR(AND(H2>0,H3>0), AND(H2>0,H4>0), AND(H3>0,H4>0)), TRUE, FALSE) -> TRUE | I9: =IF(OR(AND(I2>0,I3>0), AND(I2>0,I4>0), AND(I3>0,I4>0)), TRUE, FALSE) -> TRUE | ... S9: =IF(OR(AND(S2>0,S3>0), AND(S2>0,S4>0), AND(S3>0,S4>0)), TRUE, FALSE) -> TRUE

Sheet Class_0
B1: features.0 | C1: features.2 | D1: features.4 | E1: features.5 | F1: features.7 | G1: features.9 | H1: features.10 | I1: features.12 | J1: features.14 | K1: features.16 | L1: features.17 | M1: features.19 | N1: features.21 | O1: features.23 | P1: features.24 | Q1: features.26 | R1: features.28 | S1: features.30
A2: features.0 | B2: 1 | C2: 0.41519292 | D2: 0.32484426 | E2: 0.42973768 | F2: 0.29760182 | G2: 0.29762972 | H2: 0.24057084 | I2: 0.20942007 | J2: 0.17225033 | K2: 0.18706651 | L2: 0.17056448 | M2: 0.14175543 | N2: 0.094389765 | O2: 0.11764595 | P2: 0.10896145 | Q2: 0.073013929 | R2: 0.1058914 | S2: 0.1014402
A3: features.2 | B3: 0.41519292 | C3: 1 | D3: 0.68986715 | E3: 0.44876515 | F3: 0.42604352 | G3: 0.38817958 | H3: 0.31019921 | I3: 0.33198694 | J3: 0.16113381 | K3: 0.19908715 | L3: 0.23127714 | M3: 0.26107213 | N3: 0.21384307 | O3: 0.24655173 | P3: 0.2013502 | Q3: 0.11956871 | R3: 0.24760021 | S3: 0.22237559
A4: features.4 | B4: 0.32484426 | C4: 0.68986715 | D4: 1 | E4: 0.41143349 | F4: 0.38812197 | G4: 0.35701845 | H4: 0.2958598 | I4: 0.30935845 | J4: 0.11588966 | K4: 0.1483506 | L4: 0.18773366 | M4: 0.23358234 | N4: 0.19724022 | O4: 0.24267769 | P4: 0.17013953 | Q4: 0.058690013 | R4: 0.21440138 | S4: 0.18828391
A5: features.5 | B5: 0.42973768 | C5: 0.44876515 | D5: 0.41143349 | E5: 1 | F5: 0.45723544 | G5: 0.41296699 | H5: 0.4136801 | I5: 0.34505052 | J5: 0.35425199 | K5: 0.34337406 | L5: 0.30917489 | M5: 0.26198213 | N5: 0.26149178 | O5: 0.26930803 | P5: 0.22893678 | Q5: 0.17484908 | R5: 0.25535566 | S5: 0.24728718
A6: features.7 | B6: 0.29760182 | C6: 0.42604352 | D6: 0.38812197 | E6: 0.45723544 | F6: 1 | G6: 0.82405723 | H6: 0.70286331 | I6: 0.4952514 | J6: 0.46856187 | K6: 0.47383012 | L6: 0.37004999 | M6: 0.30657297 | N6: 0.29744039 | O6: 0.28391588 | P6: 0.28841853 | Q6: 0.15889853 | R6: 0.24648894 | S6: 0.25566087
A7: features.9 | B7: 0.29762972 | C7: 0.38817958 | D7: 0.35701845 | E7: 0.41296699 | F7: 0.82405723 | G7: 1 | H7: 0.68353319 | I7: 0.51718739 | J7: 0.46097495 | K7: 0.48520859 | L7: 0.33870107 | M7: 0.31966749 | N7: 0.26357717 | O7: 0.24899701 | P7: 0.27317423 | Q7: 0.12073087 | R7: 0.19159445 | S7: 0.19770361
A8: features.10 | B8: 0.24057084 | C8: 0.31019921 | D8: 0.2958598 | E8: 0.4136801 | F8: 0.70286331 | G8: 0.68353319 | H8: 1 | I8: 0.56384028 | J8: 0.55208225 | K8: 0.53984218 | L8: 0.50044008 | M8: 0.35022026 | N8: 0.37258289 | O8: 0.34531342 | P8: 0.31037492 | Q8: 0.14859279 | R8: 0.19314984 | S8: 0.20609307
A9: features.12 | B9: 0.20942007 | C9: 0.33198694 | D9: 0.30935845 | E9: 0.34505052 | F9: 0.4952514 | G9: 0.51718739 | H9: 0.56384028 | I9: 1 | J9: 0.58925794 | K9: 0.60568597 | L9: 0.47357702 | M9: 0.39881644 | N9: 0.32203165 | O9: 0.28764419 | P9: 0.32108226 | Q9: 0.11677793 | R9: 0.13378894 | S9: 0.14246384
A10: features.14 | B10: 0.17225033 | C10: 0.16113381 | D10: 0.11588966 | E10: 0.35425199 | F10: 0.46856187 | G10: 0.46097495 | H10: 0.55208225 | I10: 0.58925794 | J10: 1 | K10: 0.82485263 | L10: 0.61037003 | M10: 0.44133217 | N10: 0.44155948 | O10: 0.38972464 | P10: 0.4181047 | Q10: 0.17722502 | R10: 0.14256363 | S10: 0.13796825
A11: features.16 | B11: 0.18706651 | C11: 0.19908715 | D11: 0.1483506 | E11: 0.34337406 | F11: 0.47383012 | G11: 0.48520859 | H11: 0.53984218 | I11: 0.60568597 | J11: 0.82485263 | K11: 1 | L11: 0.62457397 | M11: 0.4687723 | N11: 0.43082371 | O11: 0.35845902 | P11: 0.42017749 | Q11: 0.16068647 | R11: 0.18564339 | S11: 0.1728567
A12: features.17 | B12: 0.17056448 | C12: 0.23127714 | D12: 0.18773366 | E12: 0.30917489 | F12: 0.37004999 | G12: 0.33870107 | H12: 0.50044008 | I12: 0.47357702 | J12: 0.61037003 | K12: 0.62457397 | L12: 1 | M12: 0.53586574 | N12: 0.54483701 | O12: 0.52155822 | P12: 0.48451733 | Q12: 0.21584828 | R12: 0.32947242 | S12: 0.27802012
A13: features.19 | B13: 0.14175543 | C13: 0.26107213 | D13: 0.23358234 | E13: 0.26198213 | F13: 0.30657297 | G13: 0.31966749 | H13: 0.35022026 | I13: 0.39881644 | J13: 0.44133217 | K13: 0.4687723 | L13: 0.53586574 | M13: 1 | N13: 0.49341888 | O13: 0.48140947 | P13: 0.49334299 | Q13: 0.22391498 | R13: 0.3365535 | S13: 0.3222746
... A19: features.30 | B19: 0.1014402 | C19: 0.22237559 | D19: 0.18828391 | E19: 0.24728718 | F19: 0.25566087 | G19: 0.19770361 | H19: 0.20609307 | I19: 0.14246384 | J19: 0.13796825 | K19: 0.1728567 | L19: 0.27802012 | M19: 0.3222746 | N19: 0.31485861 | O19: 0.40686374 | P19: 0.41542917 | Q19: 0.53441426 | R19: 0.88699356 | S19: 1

Sheet Class_1
B1: features.0 | C1: features.2 | D1: features.4 | E1: features.5 | F1: features.7 | G1: features.9 | H1: features.10 | I1: features.12 | J1: features.14 | K1: features.16 | L1: features.17 | M1: features.19 | N1: features.21 | O1: features.23 | P1: features.24 | Q1: features.26 | R1: features.28 | S1: features.30
A2: features.0 | B2: 1 | C2: 0.29373459 | D2: 0.25745242 | E2: 0.20159647 | F2: 0.25285243 | G2: 0.27985144 | H2: 0.30590597 | I2: 0.22318016 | J2: 0.24571081 | K2: 0.21959723 | L2: 0.082559582 | M2: 0.077791023 | N2: -0.018453496 | O2: -0.039726358 | P2: -0.0326759 | Q2: -0.086935845 | R2: -0.058742324 | S2: -0.10599016
A3: features.2 | B3: 0.29373459 | C3: 1 | D3: 0.63105558 | E3: 0.34298447 | F3: 0.27210659 | G3: 0.23397945 | H3: 0.16262636 | I3: 0.13374909 | J3: 0.11101663 | K3: 0.15066582 | L3: 0.18296686 | M3: 0.19888006 | N3: 0.094754369 | O3: -0.11609945 | P3: 0.095761712 | Q3: -0.006862807 | R3: 0.0017300142 | S3: 0.028475338
A4: features.4 | B4: 0.25745242 | C4: 0.63105558 | D4: 1 | E4: 0.43087384 | F4: 0.24917199 | G4: 0.2430441 | H4: 0.17099466 | I4: 0.1258177 | J4: 0.1086848 | K4: 0.10247539 | L4: 0.17106742 | M4: 0.11659015 | N4: 0.062970976 | O4: -0.093344758 | P4: 0.051419769 | Q4: -0.024970658 | R4: -0.011305207 | S4: -0.0045493052
A5: features.5 | B5: 0.20159647 | C5: 0.34298447 | D5: 0.43087384 | E5: 1 | F5: 0.28642749 | G5: 0.1408517 | H5: 0.10673706 | I5: 0.12203667 | J5: 0.089662736 | K5: 0.042182547 | L5: 0.1891138 | M5: 0.061207575 | N5: 0.13043239 | O5: -0.012713545 | P5: 0.11683317 | Q5: 0.0019969163 | R5: 0.040029888 | S5: 0.067674097
A6: features.7 | B6: 0.25285243 | C6: 0.27210659 | D6: 0.24917199 | E6: 0.28642749 | F6: 1 | G6: 0.58859066 | H6: 0.3874128 | I6: 0.34666383 | J6: 0.38968955 | K6: 0.28517473 | L6: 0.19387386 | M6: 0.37373927 | N6: 0.26268717 | O6: 0.0096909992 | P6: 0.18474873 | Q6: 0.1343272 | R6: 0.086407793 | S6: 0.15472172
A7: features.9 | B7: 0.27985144 | C7: 0.23397945 | D7: 0.2430441 | E7: 0.1408517 | F7: 0.58859066 | G7: 1 | H7: 0.63127772 | I7: 0.51773008 | J7: 0.44051216 | K7: 0.53191659 | L7: 0.23158876 | M7: 0.34150485 | N7: 0.14065166 | O7: 0.086678523 | P7: 0.21751284 | Q7: 0.11440302 | R7: 0.11002061 | S7: 0.10602578
A8: features.10 | B8: 0.30590597 | C8: 0.16262636 | D8: 0.17099466 | E8: 0.10673706 | F8: 0.3874128 | G8: 0.63127772 | H8: 1 | I8: 0.5793998 | J8: 0.47841463 | K8: 0.6590434 | L8: 0.26951276 | M8: 0.22518905 | N8: 0.065290104 | O8: 0.10422983 | P8: 0.23227549 | Q8: 0.060297568 | R8: 0.18467371 | S8: 0.062109113
A9: features.12 | B9: 0.22318016 | C9: 0.13374909 | D9: 0.1258177 | E9: 0.12203667 | F9: 0.34666383 | G9: 0.51773008 | H9: 0.5793998 | I9: 1 | J9: 0.44464204 | K9: 0.55256603 | L9: 0.28780461 | M9: 0.18867983 | N9: 0.14223495 | O9: 0.14777133 | P9: 0.17150836 | Q9: 0.037645593 | R9: 0.12735782 | S9: 0.0078706588
A10: features.14 | B10: 0.24571081 | C10: 0.11101663 | D10: 0.1086848 | E10: 0.089662736 | F10: 0.38968955 | G10: 0.44051216 | H10: 0.47841463 | I10: 0.44464204 | J10: 1 | K10: 0.61989767 | L10: 0.13870925 | M10: 0.27672544 | N10: 0.033882261 | O10: 0.056188925 | P10: 0.035238308 | Q10: -0.11086646 | R10: 0.068126141 | S10: -0.090862481
A11: features.16 | B11: 0.21959723 | C11: 0.15066582 | D11: 0.10247539 | E11: 0.042182547 | F11: 0.28517473 | G11: 0.53191659 | H11: 0.6590434 | I11: 0.55256603 | J11: 0.61989767 | K11: 1 | L11: 0.24442314 | M11: 0.28101582 | N11: 0.06098467 | O11: 0.13483839 | P11: 0.16786805 | Q11: -0.034800095 | R11: 0.13036692 | S11: -0.01893941
A12: features.17 | B12: 0.082559582 | C12: 0.18296686 | D12: 0.17106742 | E12: 0.1891138 | F12: 0.19387386 | G12: 0.23158876 | H12: 0.26951276 | I12: 0.28780461 | J12: 0.13870925 | K12: 0.24442314 | L12: 1 | M12: 0.19941992 | N12: 0.35893377 | O12: 0.18397208 | P12: 0.29038041 | Q12: 0.16006425 | R12: 0.16953049 | S12: 0.17193231
A13: features.19 | B13: 0.077791023 | C13: 0.19888006 | D13: 0.11659015 | E13: 0.061207575 | F13: 0.37373927 | G13: 0.34150485 | H13: 0.22518905 | I13: 0.18867983 | J13: 0.27672544 | K13: 0.28101582 | L13: 0.19941992 | M13: 1 | N13: 0.30216334 | O13: 0.0044331746 | P13: 0.30258297 | Q13: 0.31861495 | R13: 0.2479513 | S13: 0.27098567
... A19: features.30 | B19: -0.10599016 | C19: 0.028475338 | D19: -0.0045493052 | E19: 0.067674097 | F19: 0.15472172 | G19: 0.10602578 | H19: 0.062109113 | I19: 0.0078706588 | J19: -0.090862481 | K19: -0.01893941 | L19: 0.17193231 | M19: 0.27098567 | N19: 0.4059548 | O19: 0.17106036 | P19: 0.50626283 | Q19: 0.54760068 | R19: 0.71523781 | S19: 1

Sheet Class_2
B1: features.0 | C1: features.2 | D1: features.4 | E1: features.5 | F1: features.7 | G1: features.9 | H1: features.10 | I1: features.12 | J1: features.14 | K1: features.16 | L1: features.17 | M1: features.19 | N1: features.21 | O1: features.23 | P1: features.24 | Q1: features.26 | R1: features.28 | S1: features.30
A2: features.0 | B2: 1 | C2: -0.086712228 | D2: -0.10641144 | E2: -0.0036869224 | F2: 0.0095669622 | G2: -0.025290658 | H2: -0.12391104 | I2: -0.104856 | J2: -0.11984025 | K2: -0.11003064 | L2: -0.084560584 | M2: -0.06681008 | N2: -0.088222242 | O2: -0.053886539 | P2: -0.045800944 | Q2: 0.082260656 | R2: -0.072656046 | S2: -0.049743897
A3: features.2 | B3: -0.086712228 | C3: 1 | D3: 0.77389024 | E3: 0.50447819 | F3: 0.20243189 | G3: 0.21504496 | H3: 0.090080296 | I3: 0.010080239 | J3: 0.1282105 | K3: 0.13393667 | L3: 0.17080081 | M3: 0.21401216 | N3: 0.17906015 | O3: 0.21445625 | P3: 0.23744525 | Q3: 0.1108272 | R3: 0.17064201 | S3: 0.086804963
A4: features.4 | B4: -0.10641144 | C4: 0.77389024 | D4: 1 | E4: 0.55858942 | F4: 0.22119186 | G4: 0.19099452 | H4: 0.051141492 | I4: -0.012723926 | J4: 0.12531898 | K4: 0.10678947 | L4: 0.16095832 | M4: 0.23327166 | N4: 0.17548135 | O4: 0.2115671 | P4: 0.25785362 | Q4: 0.13522905 | R4: 0.19332074 | S4: 0.089896006
A5: features.5 | B5: -0.0036869224 | C5: 0.50447819 | D5: 0.55858942 | E5: 1 | F5: 0.32620124 | G5: 0.26973116 | H5: 0.088900394 | I5: 0.048741285 | J5: 0.20098084 | K5: 0.16146872 | L5: 0.21727118 | M5: 0.38254955 | N5: 0.29285178 | O5: 0.34600243 | P5: 0.34157444 | Q5: 0.22224372 | R5: 0.32170236 | S5: 0.17560806
A6: features.7 | B6: 0.0095669622 | C6: 0.20243189 | D6: 0.22119186 | E6: 0.32620124 | F6: 1 | G6: 0.76338944 | H6: 0.3554457 | I6: 0.22546388 | J6: 0.21747645 | K6: 0.2168714 | L6: 0.21998574 | M6: 0.27599567 | N6: 0.15095424 | O6: 0.21556104 | P6: 0.21886297 | Q6: 0.20334276 | R6: 0.17507018 | S6: 0.15383962
A7: features.9 | B7: -0.025290658 | C7: 0.21504496 | D7: 0.19099452 | E7: 0.26973116 | F7: 0.76338944 | G7: 1 | H7: 0.50834173 | I7: 0.31078321 | J7: 0.30099536 | K7: 0.33640543 | L7: 0.29462165 | M7: 0.33993155 | N7: 0.24284354 | O7: 0.27085347 | P7: 0.26917012 | Q7: 0.14387684 | R7: 0.24699391 | S7: 0.22124612
A8: features.10 | B8: -0.12391104 | C8: 0.090080296 | D8: 0.051141492 | E8: 0.088900394 | F8: 0.3554457 | G8: 0.50834173 | H8: 1 | I8: 0.70852547 | J8: 0.596114 | K8: 0.64952452 | L8: 0.41694653 | M8: 0.33967371 | N8: 0.36317485 | O8: 0.35395624 | P8: 0.26578317 | Q8: -0.051804388 | R8: 0.31616625 | S8: 0.26666054
A9: features.12 | B9: -0.104856 | C9: 0.010080239 | D9: -0.012723926 | E9: 0.048741285 | F9: 0.22546388 | G9: 0.31078321 | H9: 0.70852547 | I9: 1 | J9: 0.60539628 | K9: 0.62626201 | L9: 0.43073703 | M9: 0.26107388 | N9: 0.28722246 | O9: 0.31597349 | P9: 0.19947427 | Q9: -0.044809466 | R9: 0.28419926 | S9: 0.24672609
A10: features.14 | B10: -0.11984025 | C10: 0.1282105 | D10: 0.12531898 | E10: 0.20098084 | F10: 0.21747645 | G10: 0.30099536 | H10: 0.596114 | I10: 0.60539628 | J10: 1 | K10: 0.79058815 | L10: 0.56674826 | M10: 0.44217896 | N10: 0.36886244 | O10: 0.44029796 | P10: 0.2995892 | Q10: -0.0040733817 | R10: 0.31152919 | S10: 0.26469293
A11: features.16 | B11: -0.11003064 | C11: 0.13393667 | D11: 0.10678947 | E11: 0.16146872 | F11: 0.2168714 | G11: 0.33640543 | H11: 0.64952452 | I11: 0.62626201 | J11: 0.79058815 | K11: 1 | L11: 0.5683116 | M11: 0.43624946 | N11: 0.4184477 | O11: 0.43534455 | P11: 0.32791973 | Q11: -0.02652811 | R11: 0.33590497 | S11: 0.26519182
A12: features.17 | B12: -0.084560584 | C12: 0.17080081 | D12: 0.16095832 | E12: 0.21727118 | F12: 0.21998574 | G12: 0.29462165 | H12: 0.41694653 | I12: 0.43073703 | J12: 0.56674826 | K12: 0.5683116 | L12: 1 | M12: 0.58969974 | N12: 0.47073142 | O12: 0.53469027 | P12: 0.47702438 | Q12: 0.15594796 | R12: 0.37489264 | S12: 0.27175358
A13: features.19 | B13: -0.06681008 | C13: 0.21401216 | D13: 0.23327166 | E13: 0.38254955 | F13: 0.27599567 | G13: 0.33993155 | H13: 0.33967371 | I13: 0.26107388 | J13: 0.44217896 | K13: 0.43624946 | L13: 0.58969974 | M13: 1 | N13: 0.54413226 | O13: 0.57004048 | P13: 0.72554931 | Q13: 0.34033617 | R13: 0.54252194 | S13: 0.40948272
... A19: features.30 | B19: -0.049743897 | C19: 0.086804963 | D19: 0.089896006 | E19: 0.17560806 | F19: 0.15383962 | G19: 0.22124612 | H19: 0.26666054 | I19: 0.24672609 | J19: 0.26469293 | K19: 0.26519182 | L19: 0.27175358 | M19: 0.40948272 | N19: 0.15331655 | O19: 0.24054695 | P19: 0.42089516 | Q19: 0.16029873 | R19: 0.78256856 | S19: 1

Sheet SensitivityLogsAfter
B1: Location of trained models
A2: P1 | B2: /mnt/sdd/basics/vgg16/ | F2: /mnt/sdd/basics/vgg16/loss_vgg16_features.10_0.5.pth /mnt/sdd/basics/vgg16/loss_vgg16_features.24_0.5.pth
F3: /mnt/sdd/basics/vgg16/loss_vgg16_features.12_0.5.pth /mnt/sdd/basics/vgg16/loss_vgg16_features.26_0.5.pth
B4: 0.5 0.6 0.7 0.8 0.9 | F4: /mnt/sdd/basics/vgg16/loss_vgg16_features.14_0.5.pth /mnt/sdd/basics/vgg16/loss_vgg16_features.28_0.5.pth
F5: /mnt/sdd/basics/vgg16/loss_vgg16_features.17_0.5.pth /mnt/sdd/basics/vgg16/loss_vgg16_features.5_0.5.pth
F6: /mnt/sdd/basics/vgg16/loss_vgg16_features.19_0.5.pth /mnt/sdd/basics/vgg16/loss_vgg16_features.7_0.5.pth
F7: /mnt/sdd/basics/vgg16/loss_vgg16_features.21_0.5.pth
F12: Features.17
F13: Features.19
F14: Features.21
F15: Features.23
F16: Features.24
