Workbook

Sheet Sheet1
A1: Class | B1: =Class_0!B1 -> Mixed_6e.branch1x1.conv | C1: =Class_0!C1 -> sensitivityscore_After_Mixed_6e.branch1x1.conv_0.5 | D1: =Class_0!D1 -> sensitivityscore_After_Mixed_6e.branch1x1.conv_0.6 | E1: =Class_0!E1 -> sensitivityscore_After_Mixed_6e.branch1x1.conv_0.7 | F1: =Class_0!F1 -> Mixed_6e.branch1x1 | G1: =Class_0!G1 -> Mixed_6e.branch7x7_1.conv | H1: =Class_0!H1 -> sensitivityscore_After_Mixed_6e.branch7x7_1.conv_0.5 | I1: =Class_0!I1 -> sensitivityscore_After_Mixed_6e.branch7x7_1.conv_0.6 | ... BV1: =Class_0!BV1 -> 0
A2: 0 | B2: =Class_0!B43 -> 0.087718433 | C2: =Class_0!C43 -> -0.042802473 | D2: =Class_0!D43 -> 0.0046925785 | E2: =Class_0!E43 -> -0.080351237 | F2: =Class_0!F43 -> 0.25953947 | G2: =Class_0!G43 -> -0.044314856 | H2: =Class_0!H43 -> 0.29303209 | I2: =Class_0!I43 -> 0.35042077 | ... AQ2: =Class_0!AQ43 -> 1
A3: 1 | B3: =Class_1!B43 -> -0.17657219 | C3: =Class_1!C43 -> 0.0010179868 | D3: =Class_1!D43 -> -0.029376092 | E3: =Class_1!E43 -> -0.10767259 | F3: =Class_1!F43 -> -0.20144412 | G3: =Class_1!G43 -> -0.021773693 | H3: =Class_1!H43 -> 0.41097772 | I3: =Class_1!I43 -> 0.077567889 | ... AQ3: =Class_1!AQ43 -> 1
A4: 2 | B4: =Class_2!B43 -> -0.42856716 | C4: =Class_2!C43 -> -0.098487106 | D4: =Class_2!D43 -> -0.12979432 | E4: =Class_2!E43 -> -0.010912593 | F4: =Class_2!F43 -> -0.4681809 | G4: =Class_2!G43 -> -0.15979542 | H4: =Class_2!H43 -> -0.10388173 | I4: =Class_2!I43 -> -0.1061427 | ... AQ4: =Class_2!AQ43 -> 1
A5: 3 | B5: =Class_3!B43 -> 0.050717414 | C5: =Class_3!C43 -> -0.12306337 | D5: =Class_3!D43 -> -0.20626317 | E5: =Class_3!E43 -> -0.093591427 | F5: =Class_3!F43 -> 0.18160791 | G5: =Class_3!G43 -> 0.11974803 | H5: =Class_3!H43 -> -0.16046449 | I5: =Class_3!I43 -> -0.058487543 | ... AQ5: =Class_3!AQ43 -> 1
A6: 4 | B6: =Class_4!B43 -> -0.20834262 | C6: =Class_4!C43 -> -0.074840774 | D6: =Class_4!D43 -> -0.059380956 | E6: =Class_4!E43 -> -0.089618746 | F6: =Class_4!F43 -> -0.023044971 | G6: =Class_4!G43 -> -0.13183005 | H6: =Class_4!H43 -> -0.48152449 | I6: =Class_4!I43 -> -0.31416635 | ... AQ6: =Class_4!AQ43 -> 1
A7: 5 | B7: =Class_5!B43 -> 0.43861552 | C7: =Class_5!C43 -> 0.17804268 | D7: =Class_5!D43 -> -0.061058942 | E7: =Class_5!E43 -> -0.092267512 | F7: =Class_5!F43 -> 0.16274645 | G7: =Class_5!G43 -> 0.096270953 | H7: =Class_5!H43 -> -0.099067442 | I7: =Class_5!I43 -> -0.14207175 | ... AQ7: =Class_5!AQ43 -> 1
A8: 6 | B8: =Class_6!B43 -> 0.015892716 | C8: =Class_6!C43 -> 0.23267605 | D8: =Class_6!D43 -> 0.04428948 | E8: =Class_6!E43 -> 0.081528868 | F8: =Class_6!F43 -> -0.080042555 | G8: =Class_6!G43 -> -0.19629669 | H8: =Class_6!H43 -> 0.029866283 | I8: =Class_6!I43 -> -0.0073953154 | ... AQ8: =Class_6!AQ43 -> 1
A9: 7 | B9: =Class_7!B43 -> 0.46847892 | C9: =Class_7!C43 -> 0.24267336 | D9: =Class_7!D43 -> 0.11038373 | E9: =Class_7!E43 -> -0.02577648 | F9: =Class_7!F43 -> 0.030361241 | G9: =Class_7!G43 -> -0.04386372 | H9: =Class_7!H43 -> 0.26371727 | I9: =Class_7!I43 -> -0.18328669 | ... AQ9: =Class_7!AQ43 -> 1
A10: 8 | B10: =Class_8!B43 -> -0.051629765 | C10: =Class_8!C43 -> -0.083165977 | D10: =Class_8!D43 -> -0.16789829 | E10: =Class_8!E43 -> -0.064988998 | F10: =Class_8!F43 -> 0.037363478 | G10: =Class_8!G43 -> 0.011288055 | H10: =Class_8!H43 -> 0.10277883 | I10: =Class_8!I43 -> 0.1367877 | ... AQ10: =Class_8!AQ43 -> 1
A11: 9 | B11: =Class_9!B43 -> 0.16846475 | C11: =Class_9!C43 -> -0.12255907 | D11: =Class_9!D43 -> 0.059876754 | E11: =Class_9!E43 -> -0.06571216 | F11: =Class_9!F43 -> 0.090351506 | G11: =Class_9!G43 -> 0.16900918 | H11: =Class_9!H43 -> 0.14987395 | I11: =Class_9!I43 -> -0.14538294 | ... AQ11: =Class_9!AQ43 -> 1

Sheet Class_0
B1: Mixed_6e.branch1x1.conv | C1: sensitivityscore_After_Mixed_6e.branch1x1.conv_0.5 | D1: sensitivityscore_After_Mixed_6e.branch1x1.conv_0.6 | E1: sensitivityscore_After_Mixed_6e.branch1x1.conv_0.7 | F1: Mixed_6e.branch1x1 | G1: Mixed_6e.branch7x7_1.conv | H1: sensitivityscore_After_Mixed_6e.branch7x7_1.conv_0.5 | I1: sensitivityscore_After_Mixed_6e.branch7x7_1.conv_0.6 | J1: sensitivityscore_After_Mixed_6e.branch7x7_1.conv_0.7 | K1: Mixed_6e.branch7x7_2.conv | L1: sensitivityscore_After_Mixed_6e.branch7x7_2.conv_0.5 | M1: sensitivityscore_After_Mixed_6e.branch7x7_2.conv_0.6 | N1: sensitivityscore_After_Mixed_6e.branch7x7_2.conv_0.7 | O1: Mixed_6e.branch7x7_3.conv | P1: sensitivityscore_After_Mixed_6e.branch7x7_3.conv_0.5 | Q1: sensitivityscore_After_Mixed_6e.branch7x7_3.conv_0.6 | R1: sensitivityscore_After_Mixed_6e.branch7x7_3.conv_0.7 | S1: Mixed_6e.branch7x7dbl_1.conv | T1: sensitivityscore_After_Mixed_6e.branch7x7dbl_1.conv_0.5 | U1: sensitivityscore_After_Mixed_6e.branch7x7dbl_1.conv_0.6 | V1: sensitivityscore_After_Mixed_6e.branch7x7dbl_1.conv_0.7 | W1: Mixed_7b.branch1x1.conv | X1: sensitivityscore_After_Mixed_7b.branch1x1.conv_0.5 | Y1: sensitivityscore_After_Mixed_7b.branch1x1.conv_0.6 | Z1: sensitivityscore_After_Mixed_7b.branch1x1.conv_0.7 | AA1: Mixed_7b.branch3x3_1.conv | AB1: sensitivityscore_After_Mixed_7b.branch3x3_1.conv_0.5 | AC1: sensitivityscore_After_Mixed_7b.branch3x3_1.conv_0.6 | AD1: sensitivityscore_After_Mixed_7b.branch3x3_1.conv_0.7 | AE1: Mixed_7b.branch3x3_2a.conv | AF1: sensitivityscore_After_Mixed_7b.branch3x3_2a.conv_0.5 | AG1: sensitivityscore_After_Mixed_7b.branch3x3_2a.conv_0.6 | AH1: sensitivityscore_After_Mixed_7b.branch3x3_2a.conv_0.7 | AI1: Mixed_7b.branch3x3_2b.conv | AJ1: sensitivityscore_After_Mixed_7b.branch3x3_2b.conv_0.5 | AK1: sensitivityscore_After_Mixed_7b.branch3x3_2b.conv_0.6 | AL1: sensitivityscore_After_Mixed_7b.branch3x3_2b.conv_0.7 | AM1: Mixed_7b.branch3x3dbl_3a | AN1: Mixed_7b.branch_pool.conv | AO1: sensitivityscore_After_Mixed_7b.branch_pool.conv_0.5 | AP1: sensitivityscore_After_Mixed_7b.branch_pool.conv_0.6 | AQ1: sensitivityscore_After_Mixed_7b.branch_pool.conv_0.7
A2: Mixed_6e.branch1x1.conv | B2: 1 | C2: 0.21841233 | D2: 0.28959344 | E2: 0.17972005 | F2: 0.65803499 | G2: 0.26345245 | H2: -0.17783096 | I2: -0.0098955209 | J2: 0.021441438 | K2: 0.0099158232 | L2: 0.066721763 | M2: 0.31108616 | N2: -0.2296752 | O2: 0.07835724 | P2: -0.027497251 | Q2: 0.17365518 | R2: 0.18890533 | S2: 0.33968332 | T2: -0.19737739 | U2: -0.044845325 | V2: -0.095988933 | W2: 0.085131019 | X2: 0.14861512 | Y2: 0.10245205 | Z2: -0.076933846 | AA2: 0.30945063 | AB2: 0.2937752 | AC2: 0.25259759 | AD2: 0.19459749 | AE2: -0.070395842 | AF2: -0.048097276 | AG2: -0.033416571 | AH2: 0.035059195 | AI2: -0.1373933 | AJ2: 0.042117308 | AK2: 0.030017118 | AL2: 0.14593179 | AM2: 0.21154691 | AN2: 0.160097 | AO2: 0.069457237 | AP2: -0.059993454 | AQ2: 0.087718433
A3: sensitivityscore_After_Mixed_6e.branch1x1.conv_0.5 | B3: 0.21841233 | C3: 1 | D3: 0.63076663 | E3: 0.50016035 | F3: 0.17676134 | G3: -0.063795939 | H3: -0.052691006 | I3: 0.23213439 | J3: 0.2052924 | K3: 0.092319644 | L3: 0.13968798 | M3: 0.31998031 | N3: 0.025145388 | O3: -0.064536702 | P3: 0.14513108 | Q3: 0.049388693 | R3: 0.2394424 | S3: 0.26878327 | T3: -0.06656276 | U3: -0.17095095 | V3: -0.19007616 | W3: 0.10851275 | X3: 0.056137508 | Y3: 0.033464674 | Z3: -0.0087067333 | AA3: 0.24296763 | AB3: 0.21156326 | AC3: 0.28020423 | AD3: -0.055217919 | AE3: 0.26215018 | AF3: -0.082451818 | AG3: -0.040830938 | AH3: -0.0031661515 | AI3: -0.086161169 | AJ3: 0.072376569 | AK3: 0.24046292 | AL3: 0.21915167 | AM3: -0.018091498 | AN3: 0.20536149 | AO3: 0.083397523 | AP3: -0.064735415 | AQ3: -0.042802473
A4: sensitivityscore_After_Mixed_6e.branch1x1.conv_0.6 | B4: 0.28959344 | C4: 0.63076663 | D4: 1 | E4: 0.67026017 | F4: 0.22714165 | G4: -0.073802439 | H4: -0.053890624 | I4: 0.13274566 | J4: -0.052726979 | K4: -0.010190929 | L4: -0.039011957 | M4: 0.23867896 | N4: 0.063779605 | O4: -0.03879137 | P4: 0.16758318 | Q4: 0.14609711 | R4: 0.075345853 | S4: 0.068807401 | T4: -0.10317819 | U4: -0.099702532 | V4: -0.19176232 | W4: 0.015375776 | X4: 0.21288254 | Y4: 0.14845761 | Z4: 0.17591618 | AA4: 0.28178131 | AB4: 0.098783542 | AC4: 0.25739976 | AD4: 0.0039212105 | AE4: 0.09902747 | AF4: 0.056200644 | AG4: 0.15589639 | AH4: 0.062875535 | AI4: 0.023872644 | AJ4: 0.082520285 | AK4: 0.16299489 | AL4: 0.060550091 | AM4: 0.098584951 | AN4: 0.18886774 | AO4: 0.15455229 | AP4: 0.14666114 | AQ4: 0.0046925785
A5: sensitivityscore_After_Mixed_6e.branch1x1.conv_0.7 | B5: 0.17972005 | C5: 0.50016035 | D5: 0.67026017 | E5: 1 | F5: 0.16295473 | G5: -0.10926131 | H5: -0.15641183 | I5: -0.0048178556 | J5: 0.039879448 | K5: 0.064425804 | L5: -0.055472169 | M5: 0.23507584 | N5: -0.074074039 | O5: -0.040446785 | P5: 0.1542382 | Q5: 0.01484802 | R5: 0.031414523 | S5: -0.055308311 | T5: -0.06763399 | U5: -0.094562502 | V5: -0.22433353 | W5: 0.058533696 | X5: -0.10310591 | Y5: -0.12677225 | Z5: 0.029207427 | AA5: 0.35057453 | AB5: -0.072731812 | AC5: 0.1640535 | AD5: 0.089588198 | AE5: 0.21154704 | AF5: 0.098750478 | AG5: 0.20421064 | AH5: 0.26674183 | AI5: 0.080302538 | AJ5: 0.11194638 | AK5: 0.27811451 | AL5: 0.094700539 | AM5: -0.057606578 | AN5: 0.16589456 | AO5: 0.16062342 | AP5: 0.086621004 | AQ5: -0.080351237
A6: Mixed_6e.branch1x1 | B6: 0.65803499 | C6: 0.17676134 | D6: 0.22714165 | E6: 0.16295473 | F6: 1 | G6: 0.15365607 | H6: 0.093636805 | I6: -0.062003908 | J6: 0.063116165 | K6: 0.1743098 | L6: 0.017603944 | M6: 0.13492688 | N6: -0.3041098 | O6: 0.25808454 | P6: -0.078430044 | Q6: 0.16918888 | R6: -0.044515001 | S6: 0.30410917 | T6: -0.011822497 | U6: -0.088308006 | V6: -0.10399249 | W6: 0.056476963 | X6: -0.077899372 | Y6: -0.029541196 | Z6: -0.22778157 | AA6: 0.09979073 | AB6: 0.1634736 | AC6: 0.22623104 | AD6: 0.21034575 | AE6: 0.033425649 | AF6: 0.060226457 | AG6: 0.046104123 | AH6: 0.098573057 | AI6: -0.00034761465 | AJ6: 0.10444688 | AK6: 0.200254 | AL6: 0.17489238 | AM6: 0.061240053 | AN6: -0.12155891 | AO6: 0.32889328 | AP6: 0.29064085 | AQ6: 0.25953947
A7: Mixed_6e.branch7x7_1.conv | B7: 0.26345245 | C7: -0.063795939 | D7: -0.073802439 | E7: -0.10926131 | F7: 0.15365607 | G7: 1 | H7: -0.24302409 | I7: -0.5170457 | J7: -0.15830034 | K7: 0.54898633 | L7: 0.26884006 | M7: 0.1910615 | N7: 0.058142256 | O7: 0.52873919 | P7: 0.077536386 | Q7: 0.064474143 | R7: -0.027701409 | S7: 0.23965109 | T7: 0.047497664 | U7: 0.28199643 | V7: 0.31519885 | W7: -0.10056858 | X7: -0.11467404 | Y7: -0.048385723 | Z7: 0.028073619 | AA7: -0.005671697 | AB7: 0.021750337 | AC7: 0.027640983 | AD7: 0.13163369 | AE7: -0.053597987 | AF7: -0.25294172 | AG7: -0.23388624 | AH7: -0.19122882 | AI7: 0.093508326 | AJ7: 0.057174767 | AK7: 0.080754399 | AL7: 0.073199366 | AM7: 0.10084523 | AN7: 0.083831882 | AO7: 0.16035176 | AP7: -0.10818041 | AQ7: -0.044314856
A8: sensitivityscore_After_Mixed_6e.branch7x7_1.conv_0.5 | B8: -0.17783096 | C8: -0.052691006 | D8: -0.053890624 | E8: -0.15641183 | F8: 0.093636805 | G8: -0.24302409 | H8: 1 | I8: 0.47477825 | J8: 0.28025761 | K8: 0.078018252 | L8: -0.11653452 | M8: -0.14501984 | N8: -0.0033749554 | O8: 0.05781443 | P8: 0.092008432 | Q8: 0.15917499 | R8: 0.010106307 | S8: -0.070111116 | T8: 0.03476969 | U8: -0.055777051 | V8: -0.046308963 | W8: -0.09737761 | X8: 0.1641778 | Y8: 0.10089872 | Z8: 0.043724992 | AA8: -0.21940317 | AB8: 0.09638762 | AC8: -0.080552714 | AD8: -0.24650138 | AE8: 0.032829999 | AF8: 0.32522577 | AG8: 0.32774778 | AH8: 0.13893235 | AI8: -0.14743267 | AJ8: 0.22283723 | AK8: 0.15632378 | AL8: 0.11571689 | AM8: 0.095835155 | AN8: -0.24550406 | AO8: 0.024075122 | AP8: 0.265183 | AQ8: 0.29303209
A9: sensitivityscore_After_Mixed_6e.branch7x7_1.conv_0.6 | B9: -0.0098955209 | C9: 0.23213439 | D9: 0.13274566 | E9: -0.0048178556 | F9: -0.062003908 | G9: -0.5170457 | H9: 0.47477825 | I9: 1 | J9: 0.57117936 | K9: -0.25231844 | L9: -0.10487764 | M9: 0.038325033 | N9: -0.02081494 | O9: -0.11537739 | P9: 0.23264385 | Q9: 0.12999496 | R9: 0.27794794 | S9: 0.086760662 | T9: -0.16570105 | U9: -0.22167921 | V9: -0.14352228 | W9: -0.046370646 | X9: 0.33199077 | Y9: 0.13138901 | Z9: 0.11312831 | AA9: -0.0032124538 | AB9: 0.26660439 | AC9: 0.11188284 | AD9: -0.20115527 | AE9: -0.01982868 | AF9: 0.2472021 | AG9: 0.15237933 | AH9: 0.19711517 | AI9: -0.14506759 | AJ9: 0.12799999 | AK9: 0.20637392 | AL9: 0.32145586 | AM9: -0.042185985 | AN9: -0.10509651 | AO9: 0.11390974 | AP9: 0.31243369 | AQ9: 0.35042077
A10: sensitivityscore_After_Mixed_6e.branch7x7_1.conv_0.7 | B10: 0.021441438 | C10: 0.2052924 | D10: -0.052726979 | E10: 0.039879448 | F10: 0.063116165 | G10: -0.15830034 | H10: 0.28025761 | I10: 0.57117936 | J10: 1 | K10: 0.1216409 | L10: 0.050589409 | M10: 0.14790444 | N10: 0.11014611 | O10: 0.05366744 | P10: 0.17520882 | Q10: 0.10253171 | R10: 0.10437553 | S10: 0.23213048 | T10: -0.055906826 | U10: 0.055926783 | V10: 0.21079674 | W10: 0.048925308 | X10: 0.0096437049 | Y10: 0.020486913 | Z10: -0.027520896 | AA10: -0.086536353 | AB10: 0.19235732 | AC10: 0.019356055 | AD10: -0.0050739995 | AE10: 0.088955889 | AF10: 0.026970782 | AG10: 0.094985858 | AH10: 0.21110315 | AI10: -0.036497073 | AJ10: 0.010514547 | AK10: 0.1975663 | AL10: 0.27952407 | AM10: -0.087266271 | AN10: -0.12337316 | AO10: 0.17665512 | AP10: 0.12421418 | AQ10: 0.31934609
A11: Mixed_6e.branch7x7_2.conv | B11: 0.0099158232 | C11: 0.092319644 | D11: -0.010190929 | E11: 0.064425804 | F11: 0.1743098 | G11: 0.54898633 | H11: 0.078018252 | I11: -0.25231844 | J11: 0.1216409 | K11: 1 | L11: 0.20820319 | M11: 0.042295715 | N11: -0.014518352 | O11: 0.74047251 | P11: 0.042041318 | Q11: 0.047375875 | R11: -0.26349684 | S11: 0.10901868 | T11: 0.074439351 | U11: 0.20607041 | V11: 0.24133413 | W11: 0.053912323 | X11: -0.4164928 | Y11: -0.45070125 | Z11: -0.38297587 | AA11: -0.33541501 | AB11: -0.19628603 | AC11: -0.086958174 | AD11: 0.033749459 | AE11: 0.078712579 | AF11: 0.065429787 | AG11: 0.0068927173 | AH11: 0.034837242 | AI11: -0.1606771 | AJ11: 0.12651732 | AK11: 0.152493 | AL11: -0.038967817 | AM11: 0.13373247 | AN11: -0.055241822 | AO11: 0.13543822 | AP11: 0.10061646 | AQ11: 0.073517659
A12: sensitivityscore_After_Mixed_6e.branch7x7_2.conv_0.5 | B12: 0.066721763 | C12: 0.13968798 | D12: -0.039011957 | E12: -0.055472169 | F12: 0.017603944 | G12: 0.26884006 | H12: -0.11653452 | I12: -0.10487764 | J12: 0.050589409 | K12: 0.20820319 | L12: 1 | M12: 0.57379057 | N12: 0.33106519 | O12: 0.22715844 | P12: 0.20179184 | Q12: 0.081268892 | R12: 0.14033405 | S12: 0.093890133 | T12: 0.196994 | U12: 0.12006319 | V12: 0.023697867 | W12: 0.076357816 | X12: -0.18852628 | Y12: 0.064049802 | Z12: -0.11203668 | AA12: -0.037817291 | AB12: 0.041169697 | AC12: -0.15957063 | AD12: -0.048623393 | AE12: 0.018526181 | AF12: -0.10012445 | AG12: -0.2518768 | AH12: -0.033211811 | AI12: -0.017236144 | AJ12: 0.051967367 | AK12: -0.16182989 | AL12: -0.19650966 | AM12: 0.034278511 | AN12: -0.028720088 | AO12: 0.018618175 | AP12: -0.16185256 | AQ12: -0.14300901
A13: sensitivityscore_After_Mixed_6e.branch7x7_2.conv_0.6 | B13: 0.31108616 | C13: 0.31998031 | D13: 0.23867896 | E13: 0.23507584 | F13: 0.13492688 | G13: 0.1910615 | H13: -0.14501984 | I13: 0.038325033 | J13: 0.14790444 | K13: 0.042295715 | L13: 0.57379057 | M13: 1 | N13: 0.23873924 | O13: 0.12066005 | P13: 0.42421718 | Q13: 0.36223008 | R13: 0.2020245 | S13: 0.27816257 | T13: -0.057558626 | U13: -0.06344447 | V13: -0.082750583 | W13: 0.16898325 | X13: -0.087721669 | Y13: 0.078947316 | Z13: -0.053203196 | AA13: 0.079094358 | AB13: 0.38696494 | AC13: 0.12696785 | AD13: 0.011056255 | AE13: 0.1787394 | AF13: -0.15802484 | AG13: -0.081531718 | AH13: -0.045927966 | AI13: 0.036987803 | AJ13: 0.083369127 | AK13: 0.1064802 | AL13: 0.037699057 | AM13: -0.081272722 | AN13: 0.070011073 | AO13: 0.025239357 | AP13: -0.12106768 | AQ13: -0.14558326
... A43: sensitivityscore_After_Mixed_7b.branch_pool.conv_0.7 | B43: 0.087718433 | C43: -0.042802473 | D43: 0.0046925785 | E43: -0.080351237 | F43: 0.25953947 | G43: -0.044314856 | H43: 0.29303209 | I43: 0.35042077 | J43: 0.31934609 | K43: 0.073517659 | L43: -0.14300901 | M43: -0.14558326 | N43: -0.07786144 | O43: 0.21983248 | P43: 0.16915798 | Q43: 0.33486323 | R43: 0.0042658563 | S43: -0.057037414 | T43: -0.068535255 | U43: 0.006658497 | V43: 0.10881701 | W43: -0.040663572 | X43: 0.14282318 | Y43: 0.041838295 | Z43: -0.25634745 | AA43: -0.19011361 | AB43: 0.27555968 | AC43: 0.43013708 | AD43: 0.22582141 | AE43: -0.15716091 | AF43: 0.20415634 | AG43: 0.0075133282 | AH43: -0.0052082803 | AI43: 0.19868286 | AJ43: 0.21591458 | AK43: 0.30121742 | AL43: 0.29295759 | AM43: -0.012761631 | AN43: -0.38936769 | AO43: 0.55398082 | AP43: 0.65649075 | AQ43: 1

Sheet Class_1
B1: Mixed_6e.branch1x1.conv | C1: sensitivityscore_After_Mixed_6e.branch1x1.conv_0.5 | D1: sensitivityscore_After_Mixed_6e.branch1x1.conv_0.6 | E1: sensitivityscore_After_Mixed_6e.branch1x1.conv_0.7 | F1: Mixed_6e.branch1x1 | G1: Mixed_6e.branch7x7_1.conv | H1: sensitivityscore_After_Mixed_6e.branch7x7_1.conv_0.5 | I1: sensitivityscore_After_Mixed_6e.branch7x7_1.conv_0.6 | J1: sensitivityscore_After_Mixed_6e.branch7x7_1.conv_0.7 | K1: Mixed_6e.branch7x7_2.conv | L1: sensitivityscore_After_Mixed_6e.branch7x7_2.conv_0.5 | M1: sensitivityscore_After_Mixed_6e.branch7x7_2.conv_0.6 | N1: sensitivityscore_After_Mixed_6e.branch7x7_2.conv_0.7 | O1: Mixed_6e.branch7x7_3.conv | P1: sensitivityscore_After_Mixed_6e.branch7x7_3.conv_0.5 | Q1: sensitivityscore_After_Mixed_6e.branch7x7_3.conv_0.6 | R1: sensitivityscore_After_Mixed_6e.branch7x7_3.conv_0.7 | S1: Mixed_6e.branch7x7dbl_1.conv | T1: sensitivityscore_After_Mixed_6e.branch7x7dbl_1.conv_0.5 | U1: sensitivityscore_After_Mixed_6e.branch7x7dbl_1.conv_0.6 | V1: sensitivityscore_After_Mixed_6e.branch7x7dbl_1.conv_0.7 | W1: Mixed_7b.branch1x1.conv | X1: sensitivityscore_After_Mixed_7b.branch1x1.conv_0.5 | Y1: sensitivityscore_After_Mixed_7b.branch1x1.conv_0.6 | Z1: sensitivityscore_After_Mixed_7b.branch1x1.conv_0.7 | AA1: Mixed_7b.branch3x3_1.conv | AB1: sensitivityscore_After_Mixed_7b.branch3x3_1.conv_0.5 | AC1: sensitivityscore_After_Mixed_7b.branch3x3_1.conv_0.6 | AD1: sensitivityscore_After_Mixed_7b.branch3x3_1.conv_0.7 | AE1: Mixed_7b.branch3x3_2a.conv | AF1: sensitivityscore_After_Mixed_7b.branch3x3_2a.conv_0.5 | AG1: sensitivityscore_After_Mixed_7b.branch3x3_2a.conv_0.6 | AH1: sensitivityscore_After_Mixed_7b.branch3x3_2a.conv_0.7 | AI1: Mixed_7b.branch3x3_2b.conv | AJ1: sensitivityscore_After_Mixed_7b.branch3x3_2b.conv_0.5 | AK1: sensitivityscore_After_Mixed_7b.branch3x3_2b.conv_0.6 | AL1: sensitivityscore_After_Mixed_7b.branch3x3_2b.conv_0.7 | AM1: Mixed_7b.branch3x3dbl_3a | AN1: Mixed_7b.branch_pool.conv | AO1: sensitivityscore_After_Mixed_7b.branch_pool.conv_0.5 | AP1: sensitivityscore_After_Mixed_7b.branch_pool.conv_0.6 | AQ1: sensitivityscore_After_Mixed_7b.branch_pool.conv_0.7
A2: Mixed_6e.branch1x1.conv | B2: 1 | C2: -0.073709359 | D2: -0.10248636 | E2: -0.083277367 | F2: 0.59514506 | G2: 0.045961501 | H2: 0.22352718 | I2: -0.004970126 | J2: -0.010423182 | K2: 0.0099848076 | L2: 0.1447692 | M2: 0.13721981 | N2: -0.33286997 | O2: -0.071130221 | P2: -0.12935588 | Q2: -0.00064073336 | R2: 0.22031262 | S2: 0.1362065 | T2: 0.042852437 | U2: 0.0068663469 | V2: 0.070276331 | W2: 0.47767338 | X2: -0.24467039 | Y2: -0.16469921 | Z2: -0.020728998 | AA2: 0.23669908 | AB2: -0.083998998 | AC2: -0.12879618 | AD2: -0.25928373 | AE2: 0.22783677 | AF2: 0.22725099 | AG2: 0.18309791 | AH2: 0.14755651 | AI2: 0.30805669 | AJ2: -0.15613678 | AK2: -0.067072162 | AL2: 0.0039372698 | AM2: -0.1519195 | AN2: 0.28313381 | AO2: -0.25876186 | AP2: -0.24696306 | AQ2: -0.17657219
A3: sensitivityscore_After_Mixed_6e.branch1x1.conv_0.5 | B3: -0.073709359 | C3: 1 | D3: 0.6784882 | E3: 0.65007185 | F3: 0.0097106142 | G3: -0.2212527 | H3: 0.15580485 | I3: 0.00047676241 | J3: -0.075648613 | K3: -0.27130102 | L3: -0.16286582 | M3: 0.040531815 | N3: -0.13468345 | O3: -0.28011064 | P3: -0.027128211 | Q3: -0.023421724 | R3: -0.150807 | S3: -0.0090908076 | T3: -0.043561396 | U3: -0.13699712 | V3: -0.23560894 | W3: 0.10842094 | X3: 0.16020646 | Y3: 0.099933198 | Z3: 0.089646826 | AA3: 0.11693749 | AB3: -0.12512657 | AC3: -0.065053623 | AD3: 0.050408733 | AE3: -0.094738963 | AF3: -0.004225076 | AG3: -0.11832893 | AH3: 0.05282151 | AI3: 0.011255877 | AJ3: -0.045994467 | AK3: 0.055198733 | AL3: -0.071520922 | AM3: 0.34317243 | AN3: -0.0058912299 | AO3: -0.018034753 | AP3: -0.12310175 | AQ3: 0.0010179868
A4: sensitivityscore_After_Mixed_6e.branch1x1.conv_0.6 | B4: -0.10248636 | C4: 0.6784882 | D4: 1 | E4: 0.71509024 | F4: 0.090340408 | G4: -0.23830398 | H4: 0.20149252 | I4: 0.12346465 | J4: 0.073591876 | K4: -0.18474737 | L4: -0.289731 | M4: -0.13452252 | N4: -0.035867178 | O4: -0.19313257 | P4: -0.23712712 | Q4: -0.14034417 | R4: -0.38453568 | S4: -0.16050107 | T4: -0.094556139 | U4: -0.10253034 | V4: -0.090507249 | W4: -0.013206093 | X4: 0.1788554 | Y4: 0.064052691 | Z4: -0.14972537 | AA4: 0.065918019 | AB4: -0.14123968 | AC4: 0.029084627 | AD4: -0.0041027788 | AE4: 0.0080629856 | AF4: -0.1681146 | AG4: -0.11950695 | AH4: 0.13465774 | AI4: -0.022855815 | AJ4: 0.046244156 | AK4: 0.094381466 | AL4: -0.01979265 | AM4: 0.26177479 | AN4: 0.058884727 | AO4: 0.05934465 | AP4: -0.036600038 | AQ4: -0.029376092
A5: sensitivityscore_After_Mixed_6e.branch1x1.conv_0.7 | B5: -0.083277367 | C5: 0.65007185 | D5: 0.71509024 | E5: 1 | F5: 0.074292046 | G5: -0.32243979 | H5: 0.12957559 | I5: 0.081305636 | J5: 0.04597585 | K5: -0.39191835 | L5: -0.18347139 | M5: -0.17325736 | N5: -0.045216271 | O5: -0.43676022 | P5: -0.23607205 | Q5: -0.10524628 | R5: -0.1060937 | S5: -0.039113372 | T5: -0.10894368 | U5: 0.0335837 | V5: -0.2044215 | W5: -0.080234006 | X5: 0.20136275 | Y5: 0.13394071 | Z5: 0.052943045 | AA5: 0.0068247082 | AB5: -0.15878278 | AC5: 0.081569032 | AD5: 0.12051953 | AE5: -0.074675226 | AF5: -0.061662284 | AG5: -0.032484348 | AH5: 0.14833731 | AI5: -0.10465235 | AJ5: 0.0076688302 | AK5: 0.069147767 | AL5: -0.11067828 | AM5: 0.25721933 | AN5: 0.14168707 | AO5: -0.083929326 | AP5: -0.12575904 | AQ5: -0.10767259
A6: Mixed_6e.branch1x1 | B6: 0.59514506 | C6: 0.0097106142 | D6: 0.090340408 | E6: 0.074292046 | F6: 1 | G6: -0.13673914 | H6: 0.21308784 | I6: 0.20483786 | J6: -0.057441234 | K6: -0.1296456 | L6: 0.19047332 | M6: 0.17912449 | N6: -0.24040057 | O6: -0.16838577 | P6: -0.23740383 | Q6: -0.084467792 | R6: 0.021254759 | S6: 0.1851698 | T6: 0.12414443 | U6: 0.030079877 | V6: -0.085139657 | W6: 0.22787318 | X6: -0.21243539 | Y6: -0.044995156 | Z6: 0.022216743 | AA6: 0.085570484 | AB6: 0.043713592 | AC6: -0.0060986468 | AD6: -0.12517594 | AE6: 0.050214252 | AF6: 0.13069339 | AG6: -0.0043673596 | AH6: 0.16064453 | AI6: -0.069167639 | AJ6: -0.059153734 | AK6: -0.0044688154 | AL6: -0.021727451 | AM6: -0.16538483 | AN6: 0.22903077 | AO6: -0.32625872 | AP6: -0.31876922 | AQ6: -0.20144412
A7: Mixed_6e.branch7x7_1.conv | B7: 0.045961501 | C7: -0.2212527 | D7: -0.23830398 | E7: -0.32243979 | F7: -0.13673914 | G7: 1 | H7: -0.025941008 | I7: 0.10886842 | J7: 0.2940948 | K7: 0.73407803 | L7: 0.17230671 | M7: 0.099005163 | N7: -0.027067536 | O7: 0.65689584 | P7: -0.2426908 | Q7: 0.063246115 | R7: 0.19662506 | S7: 0.34076686 | T7: -0.15650946 | U7: 0.15345814 | V7: 0.21916736 | W7: -0.083006758 | X7: -0.20877045 | Y7: -0.21248954 | Z7: -0.24454444 | AA7: -0.012959909 | AB7: 0.24902857 | AC7: -0.19997148 | AD7: -0.13490619 | AE7: 0.27219402 | AF7: 0.044586505 | AG7: 0.062152502 | AH7: -0.091883543 | AI7: 0.0054126426 | AJ7: 0.045220478 | AK7: -0.17052318 | AL7: -0.12027992 | AM7: -0.28285105 | AN7: -0.024702805 | AO7: -0.087557809 | AP7: 0.051760164 | AQ7: -0.021773693
A8: sensitivityscore_After_Mixed_6e.branch7x7_1.conv_0.5 | B8: 0.22352718 | C8: 0.15580485 | D8: 0.20149252 | E8: 0.12957559 | F8: 0.21308784 | G8: -0.025941008 | H8: 1 | I8: 0.5568079 | J8: 0.33371985 | K8: 0.19473921 | L8: 0.18969605 | M8: 0.3755192 | N8: 0.16866624 | O8: 0.19023142 | P8: 0.10042368 | Q8: 0.4001442 | R8: 0.24532793 | S8: 0.35472979 | T8: 0.24570122 | U8: 0.29694187 | V8: 0.1285376 | W8: 0.040629607 | X8: -0.33140385 | Y8: -0.45698889 | Z8: -0.43732893 | AA8: 0.094157254 | AB8: 0.20843063 | AC8: -0.2052123 | AD8: -0.18568941 | AE8: 0.42570996 | AF8: 0.51026327 | AG8: 0.31318941 | AH8: 0.29144155 | AI8: -0.041113591 | AJ8: 0.061917186 | AK8: 0.17078552 | AL8: 0.091951485 | AM8: -0.17537206 | AN8: -0.1350295 | AO8: 0.17291552 | AP8: 0.26776954 | AQ8: 0.41097772
A9: sensitivityscore_After_Mixed_6e.branch7x7_1.conv_0.6 | B9: -0.004970126 | C9: 0.00047676241 | D9: 0.12346465 | E9: 0.081305636 | F9: 0.20483786 | G9: 0.10886842 | H9: 0.5568079 | I9: 1 | J9: 0.65836122 | K9: 0.16926351 | L9: 0.37322229 | M9: 0.3475588 | N9: 0.32734286 | O9: 0.21687689 | P9: -0.0099468152 | Q9: 0.31386389 | R9: 0.26544153 | S9: 0.26830937 | T9: 0.20223695 | U9: 0.31692086 | V9: -0.010463917 | W9: -0.25127228 | X9: -0.29002805 | Y9: -0.33840695 | Z9: -0.28127229 | AA9: 0.060299745 | AB9: 0.36954984 | AC9: 0.11476077 | AD9: 0.1411381 | AE9: 0.26841338 | AF9: 0.39261156 | AG9: 0.29719748 | AH9: 0.40669798 | AI9: -0.22859147 | AJ9: 0.25822191 | AK9: 0.26898325 | AL9: 0.19978969 | AM9: -0.3789025 | AN9: 0.027946682 | AO9: -0.02601598 | AP9: -0.012018071 | AQ9: 0.077567889
A10: sensitivityscore_After_Mixed_6e.branch7x7_1.conv_0.7 | B10: -0.010423182 | C10: -0.075648613 | D10: 0.073591876 | E10: 0.04597585 | F10: -0.057441234 | G10: 0.2940948 | H10: 0.33371985 | I10: 0.65836122 | J10: 1 | K10: 0.28628751 | L10: 0.081984683 | M10: 0.16335167 | N10: 0.31700608 | O10: 0.25437693 | P10: -0.23555626 | Q10: 0.16644404 | R10: 0.26549851 | S10: 0.20331266 | T10: 0.16506729 | U10: 0.32728124 | V10: -0.049473472 | W10: -0.30042761 | X10: -0.15624994 | Y10: -0.17622602 | Z10: -0.17859538 | AA10: 0.0677122 | AB10: 0.31946447 | AC10: -0.034501582 | AD10: 0.10248746 | AE10: 0.28839781 | AF10: 0.23151492 | AG10: 0.19753116 | AH10: 0.30833865 | AI10: -0.12100322 | AJ10: -0.020462197 | AK10: 0.0018429217 | AL10: -0.010502189 | AM10: -0.39082677 | AN10: 0.030655896 | AO10: 0.020075959 | AP10: 0.16224555 | AQ10: 0.1829676
A11: Mixed_6e.branch7x7_2.conv | B11: 0.0099848076 | C11: -0.27130102 | D11: -0.18474737 | E11: -0.39191835 | F11: -0.1296456 | G11: 0.73407803 | H11: 0.19473921 | I11: 0.16926351 | J11: 0.28628751 | K11: 1 | L11: 0.17174204 | M11: 0.13945678 | N11: 0.095306946 | O11: 0.86194878 | P11: -0.17973226 | Q11: 0.25808363 | R11: 0.24337369 | S11: 0.37392073 | T11: -0.019599218 | U11: 0.25994604 | V11: 0.3774947 | W11: 0.055883034 | X11: -0.33747573 | Y11: -0.35522517 | Z11: -0.41160505 | AA11: -0.14053499 | AB11: 0.20723298 | AC11: -0.23162406 | AD11: -0.12222356 | AE11: 0.36427951 | AF11: 0.16541968 | AG11: 0.082281039 | AH11: -0.15706274 | AI11: -0.075385659 | AJ11: 0.095133126 | AK11: -0.05288881 | AL11: 0.056276046 | AM11: -0.34385114 | AN11: -0.01932878 | AO11: 0.14887515 | AP11: 0.30835909 | AQ11: 0.33355253
A12: sensitivityscore_After_Mixed_6e.branch7x7_2.conv_0.5 | B12: 0.1447692 | C12: -0.16286582 | D12: -0.289731 | E12: -0.18347139 | F12: 0.19047332 | G12: 0.17230671 | H12: 0.18969605 | I12: 0.37322229 | J12: 0.081984683 | K12: 0.17174204 | L12: 1 | M12: 0.72008481 | N12: 0.17028713 | O12: 0.3212506 | P12: 0.25141313 | Q12: 0.39912685 | R12: 0.48664654 | S12: 0.24208372 | T12: 0.13349844 | U12: 0.22553114 | V12: 0.1637835 | W12: 0.096033059 | X12: -0.54495309 | Y12: -0.4843574 | Z12: -0.26400362 | AA12: 0.03897152 | AB12: 0.14146358 | AC12: 0.11814932 | AD12: 0.048153253 | AE12: 0.10077465 | AF12: 0.35278512 | AG12: 0.22367171 | AH12: 0.20055069 | AI12: -0.024779196 | AJ12: 0.26047429 | AK12: 0.30331387 | AL12: 0.22864279 | AM12: -0.28718229 | AN12: -0.10088353 | AO12: -0.27565225 | AP12: -0.33635791 | AQ12: -0.11796549
A13: sensitivityscore_After_Mixed_6e.branch7x7_2.conv_0.6 | B13: 0.13721981 | C13: 0.040531815 | D13: -0.13452252 | E13: -0.17325736 | F13: 0.17912449 | G13: 0.099005163 | H13: 0.3755192 | I13: 0.3475588 | J13: 0.16335167 | K13: 0.13945678 | L13: 0.72008481 | M13: 1 | N13: 0.29232449 | O13: 0.21359797 | P13: 0.31675977 | Q13: 0.27958285 | R13: 0.3612829 | S13: 0.27529831 | T13: 0.25638613 | U13: 0.23315227 | V13: 0.08438141 | W13: 0.075187951 | X13: -0.53896109 | Y13: -0.50191033 | Z13: -0.3387367 | AA13: 0.049960128 | AB13: 0.27594039 | AC13: 0.086615214 | AD13: 0.07848183 | AE13: 0.15979969 | AF13: 0.37797727 | AG13: 0.21542045 | AH13: 0.33295262 | AI13: -0.05966588 | AJ13: 0.19526158 | AK13: 0.153995 | AL13: 0.15397903 | AM13: -0.28693279 | AN13: -0.21773527 | AO13: -0.22455954 | AP13: -0.3115769 | AQ13: -0.020576338
... A43: sensitivityscore_After_Mixed_7b.branch_pool.conv_0.7 | B43: -0.17657219 | C43: 0.0010179868 | D43: -0.029376092 | E43: -0.10767259 | F43: -0.20144412 | G43: -0.021773693 | H43: 0.41097772 | I43: 0.077567889 | J43: 0.1829676 | K43: 0.33355253 | L43: -0.11796549 | M43: -0.020576338 | N43: 0.12393169 | O43: 0.36796535 | P43: -0.04066048 | Q43: 0.14530311 | R43: 0.10865922 | S43: 0.14867531 | T43: 0.15845911 | U43: 0.14221649 | V43: 0.19972041 | W43: -0.063431869 | X43: -0.060673006 | Y43: -0.1739042 | Z43: -0.28196993 | AA43: 0.16053996 | AB43: -0.02556923 | AC43: -0.33225227 | AD43: -0.26763286 | AE43: 0.43216063 | AF43: 0.24187039 | AG43: 0.096009596 | AH43: -0.026675636 | AI43: 0.087841313 | AJ43: 0.032632993 | AK43: 0.033495522 | AL43: 0.10207839 | AM43: 0.022427681 | AN43: 0.040338288 | AO43: 0.79541355 | AP43: 0.80880208 | AQ43: 1

Sheet Class_2
B1: Mixed_6e.branch1x1.conv | C1: sensitivityscore_After_Mixed_6e.branch1x1.conv_0.5 | D1: sensitivityscore_After_Mixed_6e.branch1x1.conv_0.6 | E1: sensitivityscore_After_Mixed_6e.branch1x1.conv_0.7 | F1: Mixed_6e.branch1x1 | G1: Mixed_6e.branch7x7_1.conv | H1: sensitivityscore_After_Mixed_6e.branch7x7_1.conv_0.5 | I1: sensitivityscore_After_Mixed_6e.branch7x7_1.conv_0.6 | J1: sensitivityscore_After_Mixed_6e.branch7x7_1.conv_0.7 | K1: Mixed_6e.branch7x7_2.conv | L1: sensitivityscore_After_Mixed_6e.branch7x7_2.conv_0.5 | M1: sensitivityscore_After_Mixed_6e.branch7x7_2.conv_0.6 | N1: sensitivityscore_After_Mixed_6e.branch7x7_2.conv_0.7 | O1: Mixed_6e.branch7x7_3.conv | P1: sensitivityscore_After_Mixed_6e.branch7x7_3.conv_0.5 | Q1: sensitivityscore_After_Mixed_6e.branch7x7_3.conv_0.6 | R1: sensitivityscore_After_Mixed_6e.branch7x7_3.conv_0.7 | S1: Mixed_6e.branch7x7dbl_1.conv | T1: sensitivityscore_After_Mixed_6e.branch7x7dbl_1.conv_0.5 | U1: sensitivityscore_After_Mixed_6e.branch7x7dbl_1.conv_0.6 | V1: sensitivityscore_After_Mixed_6e.branch7x7dbl_1.conv_0.7 | W1: Mixed_7b.branch1x1.conv | X1: sensitivityscore_After_Mixed_7b.branch1x1.conv_0.5 | Y1: sensitivityscore_After_Mixed_7b.branch1x1.conv_0.6 | Z1: sensitivityscore_After_Mixed_7b.branch1x1.conv_0.7 | AA1: Mixed_7b.branch3x3_1.conv | AB1: sensitivityscore_After_Mixed_7b.branch3x3_1.conv_0.5 | AC1: sensitivityscore_After_Mixed_7b.branch3x3_1.conv_0.6 | AD1: sensitivityscore_After_Mixed_7b.branch3x3_1.conv_0.7 | AE1: Mixed_7b.branch3x3_2a.conv | AF1: sensitivityscore_After_Mixed_7b.branch3x3_2a.conv_0.5 | AG1: sensitivityscore_After_Mixed_7b.branch3x3_2a.conv_0.6 | AH1: sensitivityscore_After_Mixed_7b.branch3x3_2a.conv_0.7 | AI1: Mixed_7b.branch3x3_2b.conv | AJ1: sensitivityscore_After_Mixed_7b.branch3x3_2b.conv_0.5 | AK1: sensitivityscore_After_Mixed_7b.branch3x3_2b.conv_0.6 | AL1: sensitivityscore_After_Mixed_7b.branch3x3_2b.conv_0.7 | AM1: Mixed_7b.branch3x3dbl_3a | AN1: Mixed_7b.branch_pool.conv | AO1: sensitivityscore_After_Mixed_7b.branch_pool.conv_0.5 | AP1: sensitivityscore_After_Mixed_7b.branch_pool.conv_0.6 | AQ1: sensitivityscore_After_Mixed_7b.branch_pool.conv_0.7
A2: Mixed_6e.branch1x1.conv | B2: 1 | C2: 0.16151561 | D2: 0.1355541 | E2: -0.14397005 | F2: 0.50996606 | G2: 0.12129679 | H2: 0.035468233 | I2: -0.11174963 | J2: 0.099354526 | K2: 0.11120931 | L2: -0.081436924 | M2: -0.080078868 | N2: 0.24831749 | O2: 0.0019921793 | P2: -0.2414753 | Q2: -0.14888767 | R2: 0.043285319 | S2: 0.16740816 | T2: -0.10643597 | U2: 0.0043348108 | V2: -0.070516618 | W2: -0.14926492 | X2: 0.1195231 | Y2: 0.11795855 | Z2: 0.1223384 | AA2: -0.040414101 | AB2: 0.21183298 | AC2: 0.14955674 | AD2: 0.14051515 | AE2: -0.060532968 | AF2: -0.080729239 | AG2: 0.17903067 | AH2: 0.098458079 | AI2: -0.099982003 | AJ2: -0.043003278 | AK2: 0.097913785 | AL2: 0.13567642 | AM2: 0.043481407 | AN2: 0.21228165 | AO2: -0.46264771 | AP2: -0.39398173 | AQ2: -0.42856716
A3: sensitivityscore_After_Mixed_6e.branch1x1.conv_0.5 | B3: 0.16151561 | C3: 1 | D3: 0.57872557 | E3: 0.48339689 | F3: -0.1139252 | G3: -0.059634252 | H3: -0.014053574 | I3: -0.01770576 | J3: 0.041917822 | K3: -0.018664238 | L3: -0.17538311 | M3: 0.20976897 | N3: -0.15826904 | O3: 0.0089928171 | P3: -0.17679733 | Q3: 0.037482029 | R3: 0.016792236 | S3: 0.057527511 | T3: -0.17317219 | U3: -0.21525911 | V3: 0.018562149 | W3: -0.1390572 | X3: -0.0061136969 | Y3: 0.075383332 | Z3: 0.051972047 | AA3: -0.046966755 | AB3: 0.08929136 | AC3: 0.066277202 | AD3: -0.10516593 | AE3: -0.074289465 | AF3: -0.11854866 | AG3: 0.10681009 | AH3: 0.081614498 | AI3: -0.09033701 | AJ3: 0.098945586 | AK3: 0.080050783 | AL3: -0.066205212 | AM3: -0.072965293 | AN3: -0.010537183 | AO3: -0.14035424 | AP3: -0.11836771 | AQ3: -0.098487106
A4: sensitivityscore_After_Mixed_6e.branch1x1.conv_0.6 | B4: 0.1355541 | C4: 0.57872557 | D4: 1 | E4: 0.61212171 | F4: -0.055362455 | G4: 0.1141794 | H4: -0.24590631 | I4: -0.21785756 | J4: -0.10294056 | K4: 0.005118763 | L4: -0.25326067 | M4: 0.10712545 | N4: -0.063240997 | O4: 0.1136688 | P4: -0.28109279 | Q4: -0.13339386 | R4: 0.084378774 | S4: 0.18100983 | T4: -0.1134028 | U4: -0.10839106 | V4: -0.0081210617 | W4: -0.14997195 | X4: -0.014561866 | Y4: -0.029416368 | Z4: -0.097059543 | AA4: 0.020876904 | AB4: -0.007087444 | AC4: 0.02497406 | AD4: -0.086014394 | AE4: -0.064820015 | AF4: -0.1584071 | AG4: 0.28857342 | AH4: 0.16531582 | AI4: 0.028757117 | AJ4: -0.00087581809 | AK4: 0.15262699 | AL4: 0.041806199 | AM4: -0.069483772 | AN4: 0.10549171 | AO4: -0.10054398 | AP4: -0.24313535 | AQ4: -0.12979432
A5: sensitivityscore_After_Mixed_6e.branch1x1.conv_0.7 | B5: -0.14397005 | C5: 0.48339689 | D5: 0.61212171 | E5: 1 | F5: -0.17588438 | G5: -0.021303409 | H5: -0.40636601 | I5: -0.15461586 | J5: -0.15717526 | K5: -0.032338848 | L5: 0.015763149 | M5: 0.08134046 | N5: -0.16102153 | O5: -0.052066913 | P5: 0.031859193 | Q5: 0.078359632 | R5: 0.20288908 | S5: 0.23533853 | T5: -0.22858743 | U5: -0.00077096958 | V5: 0.045102645 | W5: -0.041337466 | X5: -0.038039757 | Y5: -0.069366703 | Z5: -0.066418419 | AA5: 0.020865568 | AB5: 0.050472701 | AC5: 0.03646444 | AD5: -0.097008762 | AE5: -0.1260368 | AF5: -0.030613489 | AG5: 0.095746843 | AH5: 0.01038363 | AI5: 0.15826161 | AJ5: 0.099844673 | AK5: 0.28155911 | AL5: 0.17710098 | AM5: -0.095029244 | AN5: -0.12619214 | AO5: 0.071105594 | AP5: -0.11562726 | AQ5: -0.010912593
A6: Mixed_6e.branch1x1 | B6: 0.50996606 | C6: -0.1139252 | D6: -0.055362455 | E6: -0.17588438 | F6: 1 | G6: 0.055900339 | H6: 0.14119406 | I6: 0.029123413 | J6: 0.19977279 | K6: 0.14024414 | L6: -0.058722549 | M6: 0.051626868 | N6: 0.12824256 | O6: 0.0060209789 | P6: 0.037229887 | Q6: -0.12915748 | R6: 0.019454742 | S6: 0.30202741 | T6: -0.12365986 | U6: -0.0081199624 | V6: -0.059490713 | W6: -0.12906768 | X6: 0.095771669 | Y6: 0.1547849 | Z6: 0.22098077 | AA6: -0.20514821 | AB6: 0.20204461 | AC6: 0.2441007 | AD6: 0.30937945 | AE6: -0.042489836 | AF6: 0.024059843 | AG6: 0.058702452 | AH6: 0.022893205 | AI6: -0.030960266 | AJ6: -0.045154748 | AK6: 0.056137892 | AL6: -0.052332031 | AM6: -0.015983702 | AN6: 0.12877383 | AO6: -0.4861254 | AP6: -0.41568452 | AQ6: -0.4681809
A7: Mixed_6e.branch7x7_1.conv | B7: 0.12129679 | C7: -0.059634252 | D7: 0.1141794 | E7: -0.021303409 | F7: 0.055900339 | G7: 1 | H7: -0.14056114 | I7: -0.095665288 | J7: -0.076031944 | K7: 0.52756986 | L7: -0.12232985 | M7: -0.054729895 | N7: 0.073457991 | O7: 0.45665026 | P7: -0.11376554 | Q7: -0.22158458 | R7: -0.17515417 | S7: 0.088063988 | T7: 0.064041849 | U7: -0.19299411 | V7: -0.22702667 | W7: 0.01023012 | X7: -0.23759281 | Y7: -0.3153533 | Z7: -0.3043521 | AA7: 0.060165383 | AB7: -0.077015224 | AC7: 0.030248481 | AD7: -0.057679552 | AE7: -0.16676918 | AF7: -0.19620769 | AG7: -0.046489555 | AH7: -0.0011162015 | AI7: 0.0046599839 | AJ7: -0.11692636 | AK7: 0.029763128 | AL7: 0.045991587 | AM7: -0.058379902 | AN7: 0.22364233 | AO7: -0.21220605 | AP7: -0.29907207 | AQ7: -0.15979542
A8: sensitivityscore_After_Mixed_6e.branch7x7_1.conv_0.5 | B8: 0.035468233 | C8: -0.014053574 | D8: -0.24590631 | E8: -0.40636601 | F8: 0.14119406 | G8: -0.14056114 | H8: 1 | I8: 0.32341287 | J8: 0.32252049 | K8: 0.071663399 | L8: -0.15100512 | M8: 0.10119799 | N8: 0.044188602 | O8: 0.094237856 | P8: 0.042942663 | Q8: -0.17171053 | R8: -0.30039795 | S8: 0.063084984 | T8: 0.037558663 | U8: -0.035740804 | V8: 0.049963096 | W8: -0.03606706 | X8: -0.027952068 | Y8: 0.14248149 | Z8: 0.15369787 | AA8: -0.063823283 | AB8: 0.1406918 | AC8: 0.074879293 | AD8: 0.30637652 | AE8: 0.092712941 | AF8: 0.10157338 | AG8: -0.091115879 | AH8: 0.21011328 | AI8: -0.36108078 | AJ8: 0.15142683 | AK8: -0.12169497 | AL8: -0.033300111 | AM8: -0.087649016 | AN8: 0.030636173 | AO8: -0.017582135 | AP8: 0.20607589 | AQ8: -0.10388173
A9: sensitivityscore_After_Mixed_6e.branch7x7_1.conv_0.6 | B9: -0.11174963 | C9: -0.01770576 | D9: -0.21785756 | E9: -0.15461586 | F9: 0.029123413 | G9: -0.095665288 | H9: 0.32341287 | I9: 1 | J9: 0.37192313 | K9: 0.011396408 | L9: -0.14781478 | M9: 0.20327021 | N9: 0.20045504 | O9: 0.047397826 | P9: -0.075232266 | Q9: -0.11867012 | R9: 0.052058671 | S9: -0.05608321 | T9: -0.43656382 | U9: -0.37380852 | V9: -0.3891987 | W9: 0.12630292 | X9: 0.036552354 | Y9: -0.023426128 | Z9: -0.016960871 | AA9: -0.099794575 | AB9: -0.058028395 | AC9: -0.056800262 | AD9: -0.037228463 | AE9: 0.022112597 | AF9: 0.08742617 | AG9: 0.034788572 | AH9: -0.10465843 | AI9: -0.038193883 | AJ9: 0.026193349 | AK9: -0.12996453 | AL9: -0.1033363 | AM9: -0.23379142 | AN9: 0.10518732 | AO9: -0.070278178 | AP9: 0.022495586 | AQ9: -0.1061427
A10: sensitivityscore_After_Mixed_6e.branch7x7_1.conv_0.7 | B10: 0.099354526 | C10: 0.041917822 | D10: -0.10294056 | E10: -0.15717526 | F10: 0.19977279 | G10: -0.076031944 | H10: 0.32252049 | I10: 0.37192313 | J10: 1 | K10: -0.10755681 | L10: 0.052109706 | M10: 0.16281701 | N10: 0.034495325 | O10: -0.17795081 | P10: -0.057668518 | Q10: -0.18095728 | R10: 0.040188158 | S10: -0.17873583 | T10: -0.068492797 | U10: -0.052941162 | V10: -0.22907005 | W10: 0.030283581 | X10: 0.034979109 | Y10: -0.052687569 | Z10: 0.041387263 | AA10: -0.084172844 | AB10: -0.18797572 | AC10: -0.024508454 | AD10: -0.0037473485 | AE10: -0.024793577 | AF10: 0.20841795 | AG10: -0.19829325 | AH10: -0.1336755 | AI10: -0.17529713 | AJ10: 0.38935069 | AK10: 0.15987683 | AL10: 0.25923844 | AM10: -0.17294883 | AN10: 0.15232215 | AO10: -0.066263752 | AP10: -0.014756789 | AQ10: -0.11389483
A11: Mixed_6e.branch7x7_2.conv | B11: 0.11120931 | C11: -0.018664238 | D11: 0.005118763 | E11: -0.032338848 | F11: 0.14024414 | G11: 0.52756986 | H11: 0.071663399 | I11: 0.011396408 | J11: -0.10755681 | K11: 1 | L11: 0.12749458 | M11: -0.05856022 | N11: 0.12491355 | O11: 0.66820636 | P11: -0.10462377 | Q11: -0.27384414 | R11: -0.11660564 | S11: 0.21410404 | T11: -0.081190005 | U11: -0.23030832 | V11: -0.1583106 | W11: -0.031706454 | X11: -0.31179304 | Y11: -0.25884916 | Z11: -0.14706858 | AA11: 0.04602528 | AB11: 0.17919262 | AC11: 0.15672234 | AD11: 0.11799857 | AE11: 0.049624998 | AF11: -0.17987241 | AG11: -0.045133968 | AH11: -0.13306182 | AI11: -0.18451312 | AJ11: -0.2125667 | AK11: -0.080995279 | AL11: 0.046789143 | AM11: 0.0024701142 | AN11: 0.16809906 | AO11: -0.21589976 | AP11: -0.072726906 | AQ11: -0.057240473
A12: sensitivityscore_After_Mixed_6e.branch7x7_2.conv_0.5 | B12: -0.081436924 | C12: -0.17538311 | D12: -0.25326067 | E12: 0.015763149 | F12: -0.058722549 | G12: -0.12232985 | H12: -0.15100512 | I12: -0.14781478 | J12: 0.052109706 | K12: 0.12749458 | L12: 1 | M12: 0.38468792 | N12: 0.058735572 | O12: -0.2643946 | P12: 0.25096477 | Q12: 0.3911395 | R12: 0.044569627 | S12: -0.036294039 | T12: 0.024885674 | U12: 0.070470771 | V12: 0.067413064 | W12: 0.0072692467 | X12: -0.27599347 | Y12: -0.13161312 | Z12: -0.17315936 | AA12: -0.023191854 | AB12: -0.04203167 | AC12: 0.010713426 | AD12: 0.07028862 | AE12: -0.025474657 | AF12: -0.26989458 | AG12: -0.14768571 | AH12: -0.26915304 | AI12: -0.045657061 | AJ12: -0.12177684 | AK12: 0.031941741 | AL12: 0.05954343 | AM12: 0.16204414 | AN12: -0.24085613 | AO12: 0.053249016 | AP12: 0.1048263 | AQ12: 0.084935596
A13: sensitivityscore_After_Mixed_6e.branch7x7_2.conv_0.6 | B13: -0.080078868 | C13: 0.20976897 | D13: 0.10712545 | E13: 0.08134046 | F13: 0.051626868 | G13: -0.054729895 | H13: 0.10119799 | I13: 0.20327021 | J13: 0.16281701 | K13: -0.05856022 | L13: 0.38468792 | M13: 1 | N13: 0.22857508 | O13: -0.13958613 | P13: 0.16683701 | Q13: 0.23798055 | R13: -0.016126109 | S13: -0.054949999 | T13: -0.17080349 | U13: -0.17670681 | V13: -0.12238764 | W13: -0.052088518 | X13: 0.030222278 | Y13: 0.20249506 | Z13: -0.050134471 | AA13: 0.095580476 | AB13: -0.045717032 | AC13: 0.11770258 | AD13: 0.19484515 | AE13: 0.095777739 | AF13: -0.24546215 | AG13: -0.056002898 | AH13: -0.17062367 | AI13: -0.0059017462 | AJ13: -0.13871829 | AK13: 0.13793008 | AL13: 0.071559377 | AM13: -0.038591968 | AN13: -0.24323144 | AO13: -0.18689038 | AP13: -0.11784424 | AQ13: 0.0077981011
... A43: sensitivityscore_After_Mixed_7b.branch_pool.conv_0.7 | B43: -0.42856716 | C43: -0.098487106 | D43: -0.12979432 | E43: -0.010912593 | F43: -0.4681809 | G43: -0.15979542 | H43: -0.10388173 | I43: -0.1061427 | J43: -0.11389483 | K43: -0.057240473 | L43: 0.084935596 | M43: 0.0077981011 | N43: -0.00083501219 | O43: 0.23209872 | P43: 0.29961133 | Q43: 0.4596241 | R43: 0.17543194 | S43: -0.15916083 | T43: 0.070366466 | U43: 0.12779528 | V43: 0.066824423 | W43: 0.29331524 | X43: -0.18547248 | Y43: -0.1018533 | Z43: -0.16591178 | AA43: 0.14478155 | AB43: -0.1031736 | AC43: -0.35075477 | AD43: -0.33112383 | AE43: 0.074960338 | AF43: -0.059317147 | AG43: -0.21141482 | AH43: -0.098410371 | AI43: 0.11418456 | AJ43: -0.032863489 | AK43: -0.14655697 | AL43: 0.038292753 | AM43: -0.042316679 | AN43: -0.31372902 | AO43: 0.72705653 | AP43: 0.76821962 | AQ43: 1

Sheet Class_3
B1: Mixed_6e.branch1x1.conv | C1: sensitivityscore_After_Mixed_6e.branch1x1.conv_0.5 | D1: sensitivityscore_After_Mixed_6e.branch1x1.conv_0.6 | E1: sensitivityscore_After_Mixed_6e.branch1x1.conv_0.7 | F1: Mixed_6e.branch1x1 | G1: Mixed_6e.branch7x7_1.conv | H1: sensitivityscore_After_Mixed_6e.branch7x7_1.conv_0.5 | I1: sensitivityscore_After_Mixed_6e.branch7x7_1.conv_0.6 | J1: sensitivityscore_After_Mixed_6e.branch7x7_1.conv_0.7 | K1: Mixed_6e.branch7x7_2.conv | L1: sensitivityscore_After_Mixed_6e.branch7x7_2.conv_0.5 | M1: sensitivityscore_After_Mixed_6e.branch7x7_2.conv_0.6 | N1: sensitivityscore_After_Mixed_6e.branch7x7_2.conv_0.7 | O1: Mixed_6e.branch7x7_3.conv | P1: sensitivityscore_After_Mixed_6e.branch7x7_3.conv_0.5 | Q1: sensitivityscore_After_Mixed_6e.branch7x7_3.conv_0.6 | R1: sensitivityscore_After_Mixed_6e.branch7x7_3.conv_0.7 | S1: Mixed_6e.branch7x7dbl_1.conv | T1: sensitivityscore_After_Mixed_6e.branch7x7dbl_1.conv_0.5 | U1: sensitivityscore_After_Mixed_6e.branch7x7dbl_1.conv_0.6 | V1: sensitivityscore_After_Mixed_6e.branch7x7dbl_1.conv_0.7 | W1: Mixed_7b.branch1x1.conv | X1: sensitivityscore_After_Mixed_7b.branch1x1.conv_0.5 | Y1: sensitivityscore_After_Mixed_7b.branch1x1.conv_0.6 | Z1: sensitivityscore_After_Mixed_7b.branch1x1.conv_0.7 | AA1: Mixed_7b.branch3x3_1.conv | AB1: sensitivityscore_After_Mixed_7b.branch3x3_1.conv_0.5 | AC1: sensitivityscore_After_Mixed_7b.branch3x3_1.conv_0.6 | AD1: sensitivityscore_After_Mixed_7b.branch3x3_1.conv_0.7 | AE1: Mixed_7b.branch3x3_2a.conv | AF1: sensitivityscore_After_Mixed_7b.branch3x3_2a.conv_0.5 | AG1: sensitivityscore_After_Mixed_7b.branch3x3_2a.conv_0.6 | AH1: sensitivityscore_After_Mixed_7b.branch3x3_2a.conv_0.7 | AI1: Mixed_7b.branch3x3_2b.conv | AJ1: sensitivityscore_After_Mixed_7b.branch3x3_2b.conv_0.5 | AK1: sensitivityscore_After_Mixed_7b.branch3x3_2b.conv_0.6 | AL1: sensitivityscore_After_Mixed_7b.branch3x3_2b.conv_0.7 | AM1: Mixed_7b.branch3x3dbl_3a | AN1: Mixed_7b.branch_pool.conv | AO1: sensitivityscore_After_Mixed_7b.branch_pool.conv_0.5 | AP1: sensitivityscore_After_Mixed_7b.branch_pool.conv_0.6 | AQ1: sensitivityscore_After_Mixed_7b.branch_pool.conv_0.7
A2: Mixed_6e.branch1x1.conv | B2: 1 | C2: 0.21877273 | D2: 0.29042638 | E2: 0.23680868 | F2: 0.60707343 | G2: 0.013851895 | H2: -0.19054052 | I2: -0.11338743 | J2: -0.045464176 | K2: -0.086863302 | L2: 0.0070917252 | M2: 0.054496582 | N2: -0.11980194 | O2: -0.042966636 | P2: 0.049742419 | Q2: 0.063099171 | R2: 0.13070417 | S2: 0.012581274 | T2: 0.11334495 | U2: 0.188436 | V2: 0.037985372 | W2: 0.19880585 | X2: 0.058137303 | Y2: 0.14201193 | Z2: 0.064911378 | AA2: 0.30806354 | AB2: -0.046360585 | AC2: 0.059548045 | AD2: 0.079231754 | AE2: 0.35193734 | AF2: -0.00016559563 | AG2: 0.11002553 | AH2: -0.013696834 | AI2: 0.025522701 | AJ2: 0.06935704 | AK2: -0.080967235 | AL2: 0.073370359 | AM2: 0.16603023 | AN2: 0.002442365 | AO2: 0.12522515 | AP2: 0.11007729 | AQ2: 0.050717414
A3: sensitivityscore_After_Mixed_6e.branch1x1.conv_0.5 | B3: 0.21877273 | C3: 1 | D3: 0.6841941 | E3: 0.63227323 | F3: 0.14740623 | G3: -0.19964195 | H3: 0.18409895 | I3: 0.10276938 | J3: 0.033672769 | K3: -0.14402082 | L3: -0.20732375 | M3: -0.20720674 | N3: 0.11043176 | O3: -0.092814864 | P3: -0.1075195 | Q3: -0.24739029 | R3: -0.29595632 | S3: -0.10025674 | T3: -0.082156281 | U3: 0.035513502 | V3: 0.064720192 | W3: 0.061393675 | X3: 0.0185729 | Y3: -0.059291598 | Z3: 0.012303468 | AA3: -0.071755965 | AB3: 0.1079179 | AC3: 0.03515699 | AD3: 0.34223024 | AE3: 0.23475393 | AF3: -0.036919037 | AG3: 0.085364546 | AH3: 0.081744571 | AI3: -0.16484577 | AJ3: -0.061212495 | AK3: -0.0011067157 | AL3: 0.11585424 | AM3: 0.19823065 | AN3: -0.0043415679 | AO3: -0.090656735 | AP3: -0.0034633532 | AQ3: -0.12306337
A4: sensitivityscore_After_Mixed_6e.branch1x1.conv_0.6 | B4: 0.29042638 | C4: 0.6841941 | D4: 1 | E4: 0.75130288 | F4: 0.24909835 | G4: -0.094834297 | H4: 0.064793252 | I4: 0.057294071 | J4: 0.039954031 | K4: -0.19541007 | L4: -0.17662354 | M4: -0.15812349 | N4: 0.012324214 | O4: -0.014431413 | P4: -0.14719737 | Q4: -0.22895652 | R4: -0.27788908 | S4: -0.040061447 | T4: 0.099850939 | U4: 0.077419407 | V4: 0.093900177 | W4: 0.066673437 | X4: 0.13977799 | Y4: -0.078537401 | Z4: 0.049235957 | AA4: -0.085258822 | AB4: 0.057708153 | AC4: -0.080549004 | AD4: 0.25727867 | AE4: 0.25875706 | AF4: -0.096231258 | AG4: -0.0071202825 | AH4: -0.090114879 | AI4: -0.10163727 | AJ4: -0.04667221 | AK4: -0.0091986327 | AL4: 0.17619587 | AM4: 0.148999 | AN4: -0.082517454 | AO4: -0.12878391 | AP4: -0.038335208 | AQ4: -0.20626317
A5: sensitivityscore_After_Mixed_6e.branch1x1.conv_0.7 | B5: 0.23680868 | C5: 0.63227323 | D5: 0.75130288 | E5: 1 | F5: 0.059470837 | G5: -0.099972815 | H5: 0.0010836974 | I5: -0.036770792 | J5: 0.015852062 | K5: -0.14968126 | L5: -0.13362101 | M5: -0.029721326 | N5: 0.048034324 | O5: -0.12459737 | P5: -0.20615999 | Q5: -0.29249016 | R5: -0.044578826 | S5: -0.088704078 | T5: 0.04813419 | U5: -0.034664317 | V5: -0.023247633 | W5: 0.20390107 | X5: 0.15729957 | Y5: -0.067616577 | Z5: 0.052524512 | AA5: 0.011127561 | AB5: 0.081997358 | AC5: -0.062333824 | AD5: 0.10844308 | AE5: 0.1920248 | AF5: 0.012164981 | AG5: 0.12279627 | AH5: -0.0076647018 | AI5: -0.048643359 | AJ5: -0.33555986 | AK5: -0.29801351 | AL5: -0.058196547 | AM5: 0.13907737 | AN5: -0.011664066 | AO5: -0.075421367 | AP5: 0.019335712 | AQ5: -0.093591427
A6: Mixed_6e.branch1x1 | B6: 0.60707343 | C6: 0.14740623 | D6: 0.24909835 | E6: 0.059470837 | F6: 1 | G6: 0.10096833 | H6: -0.063994529 | I6: -0.070638855 | J6: -0.019739703 | K6: -0.094962268 | L6: 0.05974233 | M6: 0.065924927 | N6: -0.074160077 | O6: 0.15723242 | P6: 0.036760499 | Q6: 0.065204318 | R6: 0.099117569 | S6: 0.10582936 | T6: 0.0038767097 | U6: -0.052386694 | V6: 0.021407581 | W6: 0.11253473 | X6: 0.087772262 | Y6: 0.26355501 | Z6: 0.07373092 | AA6: 0.097889426 | AB6: 0.00068863672 | AC6: 0.11861129 | AD6: 0.3662909 | AE6: 0.26776608 | AF6: -0.054495266 | AG6: -0.0084491058 | AH6: 0.018891701 | AI6: -0.0822929 | AJ6: 0.26172399 | AK6: 0.32550339 | AL6: 0.15480661 | AM6: 0.052814694 | AN6: 0.21402457 | AO6: 0.16960878 | AP6: 0.17156715 | AQ6: 0.18160791
A7: Mixed_6e.branch7x7_1.conv | B7: 0.013851895 | C7: -0.19964195 | D7: -0.094834297 | E7: -0.099972815 | F7: 0.10096833 | G7: 1 | H7: 0.07124906 | I7: -0.029751342 | J7: 0.099688083 | K7: 0.31839401 | L7: 0.034926546 | M7: -0.040232458 | N7: 0.027804839 | O7: 0.36639509 | P7: -0.064113714 | Q7: 0.028049681 | R7: 0.13621904 | S7: 0.37465477 | T7: 0.15540081 | U7: -0.077853388 | V7: -0.061784197 | W7: -0.059790379 | X7: 0.029185852 | Y7: 0.47561931 | Z7: 0.23908743 | AA7: -0.006038679 | AB7: -0.26563208 | AC7: -0.19311559 | AD7: -0.021828478 | AE7: -0.10524612 | AF7: -0.14142042 | AG7: -0.04940796 | AH7: -0.092723906 | AI7: 0.18079076 | AJ7: -0.014498959 | AK7: -0.0011488027 | AL7: -0.066373497 | AM7: -0.13755781 | AN7: 0.028493582 | AO7: 0.1646799 | AP7: 0.12470496 | AQ7: 0.11974803
A8: sensitivityscore_After_Mixed_6e.branch7x7_1.conv_0.5 | B8: -0.19054052 | C8: 0.18409895 | D8: 0.064793252 | E8: 0.0010836974 | F8: -0.063994529 | G8: 0.07124906 | H8: 1 | I8: 0.46773973 | J8: 0.24616694 | K8: 0.27117282 | L8: 0.050939269 | M8: -0.15143869 | N8: 0.23541423 | O8: 0.32450707 | P8: 0.037718567 | Q8: 0.0005667683 | R8: -0.15145637 | S8: 0.13567956 | T8: -0.07121876 | U8: 0.065539031 | V8: 0.014721904 | W8: 0.099778029 | X8: -0.19710699 | Y8: -0.07755525 | Z8: -0.28052447 | AA8: -0.023835596 | AB8: -0.1269751 | AC8: 0.13869047 | AD8: 0.27261098 | AE8: 0.020767128 | AF8: -0.050026346 | AG8: 0.073313212 | AH8: -0.048946434 | AI8: 0.04871493 | AJ8: 0.28164468 | AK8: 0.3365942 | AL8: 0.25206216 | AM8: 0.15274811 | AN8: 0.13591924 | AO8: -0.025596107 | AP8: -0.11569261 | AQ8: -0.16046449
A9: sensitivityscore_After_Mixed_6e.branch7x7_1.conv_0.6 | B9: -0.11338743 | C9: 0.10276938 | D9: 0.057294071 | E9: -0.036770792 | F9: -0.070638855 | G9: -0.029751342 | H9: 0.46773973 | I9: 1 | J9: 0.56348349 | K9: 0.15293062 | L9: 0.038269011 | M9: -0.11310305 | N9: 0.023959937 | O9: 0.22133043 | P9: 0.11794711 | Q9: 0.13192127 | R9: 0.01322723 | S9: 0.010874798 | T9: 0.24949258 | U9: 0.1369985 | V9: 0.042381871 | W9: -0.16842505 | X9: -0.0023083564 | Y9: -0.14928477 | Z9: -0.20423589 | AA9: 0.084055175 | AB9: -0.10350508 | AC9: 0.045471051 | AD9: 0.11952269 | AE9: -0.17138362 | AF9: 0.1089567 | AG9: 0.042364461 | AH9: -0.22705153 | AI9: 0.14266738 | AJ9: 0.14036543 | AK9: 0.13632019 | AL9: 0.066080837 | AM9: 0.082224174 | AN9: -0.029556685 | AO9: 0.041053015 | AP9: -0.021584342 | AQ9: -0.058487543
A10: sensitivityscore_After_Mixed_6e.branch7x7_1.conv_0.7 | B10: -0.045464176 | C10: 0.033672769 | D10: 0.039954031 | E10: 0.015852062 | F10: -0.019739703 | G10: 0.099688083 | H10: 0.24616694 | I10: 0.56348349 | J10: 1 | K10: 0.18153368 | L10: -0.0050366883 | M10: -0.28356276 | N10: -0.18260359 | O10: 0.070721606 | P10: 0.34607492 | Q10: 0.27388194 | R10: 0.23944689 | S10: -0.04858076 | T10: -0.00060810948 | U10: -0.045555283 | V10: -0.19537151 | W10: -0.19944454 | X10: 0.25845578 | Y10: 0.037768047 | Z10: 0.10104359 | AA10: 0.087956816 | AB10: -0.12448108 | AC10: -0.097658489 | AD10: -0.019900532 | AE10: -0.19713981 | AF10: 0.16302525 | AG10: 0.30151508 | AH10: 0.06053599 | AI10: 0.096755732 | AJ10: 0.021996913 | AK10: -0.081791248 | AL10: -0.29693786 | AM10: -0.025305567 | AN10: -0.25045513 | AO10: 0.042207721 | AP10: 0.12858361 | AQ10: -0.014666431
A11: Mixed_6e.branch7x7_2.conv | B11: -0.086863302 | C11: -0.14402082 | D11: -0.19541007 | E11: -0.14968126 | F11: -0.094962268 | G11: 0.31839401 | H11: 0.27117282 | I11: 0.15293062 | J11: 0.18153368 | K11: 1 | L11: 0.26553876 | M11: 0.1165495 | N11: 0.10627032 | O11: 0.70821551 | P11: 0.037903579 | Q11: 0.080059198 | R11: 0.1546102 | S11: 0.17149816 | T11: 0.028770888 | U11: 0.074460133 | V11: -0.15369877 | W11: 0.0504173 | X11: -0.010382879 | Y11: 0.1185067 | Z11: -0.076982851 | AA11: 0.093036755 | AB11: -0.20114834 | AC11: 0.046121437 | AD11: -0.0094508869 | AE11: -0.1262309 | AF11: -0.18070877 | AG11: -0.13190712 | AH11: -0.14974103 | AI11: 0.11308649 | AJ11: 0.22448143 | AK11: 0.093360918 | AL11: 0.13680628 | AM11: -0.095027963 | AN11: 0.15911128 | AO11: -0.015729126 | AP11: 0.12573787 | AQ11: -0.073845326
A12: sensitivityscore_After_Mixed_6e.branch7x7_2.conv_0.5 | B12: 0.0070917252 | C12: -0.20732375 | D12: -0.17662354 | E12: -0.13362101 | F12: 0.05974233 | G12: 0.034926546 | H12: 0.050939269 | I12: 0.038269011 | J12: -0.0050366883 | K12: 0.26553876 | L12: 1 | M12: 0.53503416 | N12: 0.27318276 | O12: 0.39535042 | P12: 0.17650489 | Q12: 0.35504628 | R12: 0.35056178 | S12: 0.11043167 | T12: -0.14631104 | U12: -0.19348135 | V12: -0.45660646 | W12: 0.23731158 | X12: 0.2333655 | Y12: 0.30115845 | Z12: 0.16155032 | AA12: 0.13800603 | AB12: 0.057338745 | AC12: 0.28320196 | AD12: 0.10799061 | AE12: -0.083305213 | AF12: 0.025413851 | AG12: 0.064720462 | AH12: -0.059378613 | AI12: 0.11194264 | AJ12: 0.1395535 | AK12: -0.0022861771 | AL12: -0.083515878 | AM12: -0.13808215 | AN12: 0.023161874 | AO12: 0.26844799 | AP12: 0.27714846 | AQ12: 0.21731412
A13: sensitivityscore_After_Mixed_6e.branch7x7_2.conv_0.6 | B13: 0.054496582 | C13: -0.20720674 | D13: -0.15812349 | E13: -0.029721326 | F13: 0.065924927 | G13: -0.040232458 | H13: -0.15143869 | I13: -0.11310305 | J13: -0.28356276 | K13: 0.1165495 | L13: 0.53503416 | M13: 1 | N13: 0.4160779 | O13: 0.25414131 | P13: -0.10163829 | Q13: 0.047795175 | R13: 0.065386841 | S13: 0.17221334 | T13: -0.036545371 | U13: 0.0033424276 | V13: -0.10989886 | W13: 0.27678395 | X13: 0.16658266 | Y13: 0.17832509 | Z13: 0.10507215 | AA13: 0.14079293 | AB13: 0.16139544 | AC13: 0.22834863 | AD13: 0.089271522 | AE13: 0.031851762 | AF13: -0.063599147 | AG13: -0.04009951 | AH13: -0.074841697 | AI13: 0.1761104 | AJ13: 0.13450695 | AK13: 0.059103266 | AL13: 0.093977763 | AM13: 0.04455522 | AN13: -0.0083388093 | AO13: 0.13406528 | AP13: 0.19191896 | AQ13: 0.16857354
... A43: sensitivityscore_After_Mixed_7b.branch_pool.conv_0.7 | B43: 0.050717414 | C43: -0.12306337 | D43: -0.20626317 | E43: -0.093591427 | F43: 0.18160791 | G43: 0.11974803 | H43: -0.16046449 | I43: -0.058487543 | J43: -0.014666431 | K43: -0.073845326 | L43: 0.21731412 | M43: 0.16857354 | N43: -0.1146351 | O43: 0.09988748 | P43: 0.16129395 | Q43: 0.19623448 | R43: 0.24007717 | S43: -0.058164537 | T43: 0.20881929 | U43: -0.27829717 | V43: -0.11671757 | W43: 0.067199517 | X43: 0.19889388 | Y43: 0.36663597 | Z43: 0.27221146 | AA43: 0.18475799 | AB43: -0.034064025 | AC43: 0.038723499 | AD43: -0.17579753 | AE43: -0.070800327 | AF43: 0.30381212 | AG43: 0.14411001 | AH43: 0.082943005 | AI43: 0.044801759 | AJ43: -0.10723372 | AK43: -0.19112984 | AL43: -0.33643686 | AM43: -0.022839447 | AN43: 0.24390711 | AO43: 0.8514756 | AP43: 0.78589981 | AQ43: 1

Sheet Class_4
B1: Mixed_6e.branch1x1.conv | C1: sensitivityscore_After_Mixed_6e.branch1x1.conv_0.5 | D1: sensitivityscore_After_Mixed_6e.branch1x1.conv_0.6 | E1: sensitivityscore_After_Mixed_6e.branch1x1.conv_0.7 | F1: Mixed_6e.branch1x1 | G1: Mixed_6e.branch7x7_1.conv | H1: sensitivityscore_After_Mixed_6e.branch7x7_1.conv_0.5 | I1: sensitivityscore_After_Mixed_6e.branch7x7_1.conv_0.6 | J1: sensitivityscore_After_Mixed_6e.branch7x7_1.conv_0.7 | K1: Mixed_6e.branch7x7_2.conv | L1: sensitivityscore_After_Mixed_6e.branch7x7_2.conv_0.5 | M1: sensitivityscore_After_Mixed_6e.branch7x7_2.conv_0.6 | N1: sensitivityscore_After_Mixed_6e.branch7x7_2.conv_0.7 | O1: Mixed_6e.branch7x7_3.conv | P1: sensitivityscore_After_Mixed_6e.branch7x7_3.conv_0.5 | Q1: sensitivityscore_After_Mixed_6e.branch7x7_3.conv_0.6 | R1: sensitivityscore_After_Mixed_6e.branch7x7_3.conv_0.7 | S1: Mixed_6e.branch7x7dbl_1.conv | T1: sensitivityscore_After_Mixed_6e.branch7x7dbl_1.conv_0.5 | U1: sensitivityscore_After_Mixed_6e.branch7x7dbl_1.conv_0.6 | V1: sensitivityscore_After_Mixed_6e.branch7x7dbl_1.conv_0.7 | W1: Mixed_7b.branch1x1.conv | X1: sensitivityscore_After_Mixed_7b.branch1x1.conv_0.5 | Y1: sensitivityscore_After_Mixed_7b.branch1x1.conv_0.6 | Z1: sensitivityscore_After_Mixed_7b.branch1x1.conv_0.7 | AA1: Mixed_7b.branch3x3_1.conv | AB1: sensitivityscore_After_Mixed_7b.branch3x3_1.conv_0.5 | AC1: sensitivityscore_After_Mixed_7b.branch3x3_1.conv_0.6 | AD1: sensitivityscore_After_Mixed_7b.branch3x3_1.conv_0.7 | AE1: Mixed_7b.branch3x3_2a.conv | AF1: sensitivityscore_After_Mixed_7b.branch3x3_2a.conv_0.5 | AG1: sensitivityscore_After_Mixed_7b.branch3x3_2a.conv_0.6 | AH1: sensitivityscore_After_Mixed_7b.branch3x3_2a.conv_0.7 | AI1: Mixed_7b.branch3x3_2b.conv | AJ1: sensitivityscore_After_Mixed_7b.branch3x3_2b.conv_0.5 | AK1: sensitivityscore_After_Mixed_7b.branch3x3_2b.conv_0.6 | AL1: sensitivityscore_After_Mixed_7b.branch3x3_2b.conv_0.7 | AM1: Mixed_7b.branch3x3dbl_3a | AN1: Mixed_7b.branch_pool.conv | AO1: sensitivityscore_After_Mixed_7b.branch_pool.conv_0.5 | AP1: sensitivityscore_After_Mixed_7b.branch_pool.conv_0.6 | AQ1: sensitivityscore_After_Mixed_7b.branch_pool.conv_0.7
A2: Mixed_6e.branch1x1.conv | B2: 1 | C2: -0.019355832 | D2: -0.15878871 | E2: -0.0067225879 | F2: 0.32901811 | G2: -0.069032619 | H2: 0.39509278 | I2: 0.066807757 | J2: 0.21033771 | K2: 0.086504398 | L2: 0.065027081 | M2: -0.13018446 | N2: -0.18167641 | O2: -0.036843752 | P2: 0.0023685455 | Q2: 0.16096515 | R2: -0.21091846 | S2: -0.089625118 | T2: -0.057326535 | U2: -0.0011433025 | V2: -0.14403993 | W2: 0.26730603 | X2: -0.17945363 | Y2: -0.16365428 | Z2: 0.074361984 | AA2: 0.14105465 | AB2: 0.30486869 | AC2: 0.16339551 | AD2: 0.2138547 | AE2: -0.12767974 | AF2: -0.27501757 | AG2: -0.35116408 | AH2: -0.24812775 | AI2: 0.28084092 | AJ2: -0.23135388 | AK2: -0.31039316 | AL2: -0.26984635 | AM2: -0.013742843 | AN2: 0.34316524 | AO2: 0.067663758 | AP2: 0.010717126 | AQ2: -0.20834262
A3: sensitivityscore_After_Mixed_6e.branch1x1.conv_0.5 | B3: -0.019355832 | C3: 1 | D3: 0.45041529 | E3: 0.4633579 | F3: 0.021184469 | G3: 0.11921964 | H3: 0.081949554 | I3: 0.41002436 | J3: 0.34715494 | K3: 0.18129351 | L3: -0.359369 | M3: -0.071739051 | N3: -0.055207688 | O3: 0.12230254 | P3: 0.12541039 | Q3: -0.12213365 | R3: 0.13172794 | S3: 0.11232589 | T3: 0.23071399 | U3: 0.15195768 | V3: -0.12323287 | W3: -0.095574894 | X3: 0.17730097 | Y3: 0.24829805 | Z3: -0.053976406 | AA3: 0.11455229 | AB3: -0.11602476 | AC3: -0.1991748 | AD3: -0.026241602 | AE3: -0.22713901 | AF3: -0.14062718 | AG3: -0.13519103 | AH3: -0.02855109 | AI3: 0.13916559 | AJ3: 0.14240411 | AK3: 0.11653003 | AL3: 0.19879603 | AM3: -0.054972864 | AN3: 0.11102656 | AO3: -0.1656787 | AP3: -0.050267628 | AQ3: -0.074840774
A4: sensitivityscore_After_Mixed_6e.branch1x1.conv_0.6 | B4: -0.15878871 | C4: 0.45041529 | D4: 1 | E4: 0.75277887 | F4: -0.22250789 | G4: -0.076098321 | H4: 0.26747352 | I4: 0.45248319 | J4: 0.31143114 | K4: 0.15121592 | L4: -0.15998544 | M4: -0.12620626 | N4: -0.0065460347 | O4: 0.098902979 | P4: -0.079779379 | Q4: 0.071935408 | R4: 0.41167035 | S4: 0.30941795 | T4: 0.25307803 | U4: 0.18208037 | V4: -0.086719137 | W4: -0.13089733 | X4: -0.10981785 | Y4: 0.020491285 | Z4: -0.25720264 | AA4: 0.30632305 | AB4: -0.43115812 | AC4: -0.19830243 | AD4: 0.019663403 | AE4: 0.0092321141 | AF4: 0.15907784 | AG4: 0.17833343 | AH4: 0.24371175 | AI4: 0.10824233 | AJ4: 0.30881396 | AK4: 0.14376052 | AL4: 0.16878269 | AM4: 0.11526667 | AN4: 0.065810335 | AO4: -0.22805265 | AP4: -0.21582241 | AQ4: -0.059380956
A5: sensitivityscore_After_Mixed_6e.branch1x1.conv_0.7 | B5: -0.0067225879 | C5: 0.4633579 | D5: 0.75277887 | E5: 1 | F5: -0.11464691 | G5: -0.0073565945 | H5: 0.14740174 | I5: 0.57867497 | J5: 0.07383722 | K5: 0.22487909 | L5: -0.19225773 | M5: -0.061871964 | N5: 0.040038554 | O5: 0.23164288 | P5: -0.17572932 | Q5: 0.0049338909 | R5: 0.23053722 | S5: 0.40788532 | T5: 0.304971 | U5: 0.2106453 | V5: 0.040039021 | W5: 0.018697191 | X5: 0.028152657 | Y5: -0.0091626476 | Z5: -0.22026907 | AA5: 0.30608635 | AB5: -0.43060726 | AC5: -0.30485998 | AD5: 0.024831369 | AE5: 0.004298663 | AF5: -0.0040066418 | AG5: 0.033555125 | AH5: 0.022041569 | AI5: 0.21740388 | AJ5: 0.36007904 | AK5: 0.25815305 | AL5: 0.23577052 | AM5: 0.19794072 | AN5: 0.074552089 | AO5: -0.1641272 | AP5: -0.12347228 | AQ5: -0.089618746
A6: Mixed_6e.branch1x1 | B6: 0.32901811 | C6: 0.021184469 | D6: -0.22250789 | E6: -0.11464691 | F6: 1 | G6: 0.031876809 | H6: -0.050020462 | I6: -0.36707133 | J6: -0.2152861 | K6: -0.010920741 | L6: -0.069834122 | M6: -0.29163157 | N6: -0.14202109 | O6: -0.13161532 | P6: 0.097934988 | Q6: -0.027428317 | R6: -0.27042851 | S6: -0.049069369 | T6: -0.13698776 | U6: -0.1107678 | V6: 0.36550212 | W6: 0.0068653415 | X6: -0.0029828833 | Y6: 0.015094593 | Z6: 0.0592079 | AA6: -0.18284317 | AB6: 0.31390186 | AC6: -0.044469626 | AD6: -0.087371214 | AE6: -0.043830679 | AF6: 0.17020409 | AG6: 0.0062775418 | AH6: 0.033115547 | AI6: -0.039498256 | AJ6: -0.18348152 | AK6: -0.36180262 | AL6: -0.19665397 | AM6: 0.0065557986 | AN6: -0.068414593 | AO6: 0.19767964 | AP6: 0.1707349 | AQ6: -0.023044971
A7: Mixed_6e.branch7x7_1.conv | B7: -0.069032619 | C7: 0.11921964 | D7: -0.076098321 | E7: -0.0073565945 | F7: 0.031876809 | G7: 1 | H7: 0.077394156 | I7: 0.11628375 | J7: 0.17236592 | K7: 0.67866197 | L7: 0.21958236 | M7: 0.21796267 | N7: 0.1360586 | O7: 0.7114812 | P7: -0.31944251 | Q7: -0.47405551 | R7: -0.08910356 | S7: -0.066321862 | T7: -0.3929021 | U7: -0.37597627 | V7: 0.14308983 | W7: 0.35264549 | X7: 0.21911857 | Y7: 0.1910744 | Z7: 0.28170712 | AA7: -0.24922397 | AB7: 0.089800619 | AC7: 0.0056142217 | AD7: 0.21958583 | AE7: -0.13668683 | AF7: -0.034440765 | AG7: -0.074714183 | AH7: -0.18030788 | AI7: -0.11176747 | AJ7: -0.055997079 | AK7: -0.034663315 | AL7: -0.0069794045 | AM7: 0.24588711 | AN7: -0.060230456 | AO7: 0.010119332 | AP7: 0.19975787 | AQ7: -0.13183005
A8: sensitivityscore_After_Mixed_6e.branch7x7_1.conv_0.5 | B8: 0.39509278 | C8: 0.081949554 | D8: 0.26747352 | E8: 0.14740174 | F8: -0.050020462 | G8: 0.077394156 | H8: 1 | I8: 0.33398667 | J8: 0.37661487 | K8: 0.15114408 | L8: 0.4061392 | M8: 0.20066012 | N8: -0.094755246 | O8: 0.17743527 | P8: 0.043280351 | Q8: 0.17377528 | R8: 0.041097293 | S8: 0.030184701 | T8: 0.13488255 | U8: 0.043180063 | V8: -0.19563874 | W8: 0.21355198 | X8: -0.0090219778 | Y8: -0.015623407 | Z8: 0.10076804 | AA8: 0.34356423 | AB8: 0.022472918 | AC8: -0.1678264 | AD8: 0.15019543 | AE8: -0.13336724 | AF8: 0.053993894 | AG8: -0.10538653 | AH8: -0.095204499 | AI8: 0.25028056 | AJ8: -0.098061629 | AK8: -0.027584299 | AL8: -0.00011253734 | AM8: 0.29560129 | AN8: 0.42590088 | AO8: -0.24074023 | AP8: -0.25025901 | AQ8: -0.48152449
A9: sensitivityscore_After_Mixed_6e.branch7x7_1.conv_0.6 | B9: 0.066807757 | C9: 0.41002436 | D9: 0.45248319 | E9: 0.57867497 | F9: -0.36707133 | G9: 0.11628375 | H9: 0.33398667 | I9: 1 | J9: 0.42633871 | K9: 0.09991372 | L9: 0.17620819 | M9: 0.36321971 | N9: 0.19639391 | O9: 0.2650502 | P9: -0.10234542 | Q9: 0.072085387 | R9: 0.088558202 | S9: 0.087778492 | T9: 0.10764243 | U9: 0.20368248 | V9: -0.34955033 | W9: 0.077360462 | X9: 0.25669511 | Y9: 0.15072531 | Z9: 0.046213851 | AA9: 0.1304983 | AB9: -0.24249468 | AC9: -0.2851806 | AD9: 0.078763179 | AE9: -0.075523292 | AF9: -0.14629839 | AG9: -0.11440731 | AH9: -0.06304875 | AI9: 0.22070637 | AJ9: 0.16439727 | AK9: 0.13687859 | AL9: 0.13925857 | AM9: -0.061251132 | AN9: 0.13741594 | AO9: -0.27161721 | AP9: -0.24738023 | AQ9: -0.31416635
A10: sensitivityscore_After_Mixed_6e.branch7x7_1.conv_0.7 | B10: 0.21033771 | C10: 0.34715494 | D10: 0.31143114 | E10: 0.07383722 | F10: -0.2152861 | G10: 0.17236592 | H10: 0.37661487 | I10: 0.42633871 | J10: 1 | K10: 0.19345951 | L10: 0.074252498 | M10: 0.20141988 | N10: -0.034358471 | O10: 0.28565341 | P10: -0.011248168 | Q10: -0.057444709 | R10: -0.088256824 | S10: -0.34851228 | T10: 0.062719152 | U10: 0.19605991 | V10: -0.32101939 | W10: -0.079855026 | X10: 0.088469806 | Y10: 0.17086458 | Z10: 0.1428819 | AA10: 0.074527005 | AB10: 0.026168474 | AC10: 0.0026401474 | AD10: 0.15649242 | AE10: 0.024413055 | AF10: -0.069866844 | AG10: -0.22495719 | AH10: 0.03820566 | AI10: 0.10872438 | AJ10: -0.029673375 | AK10: -0.17701125 | AL10: -0.058295957 | AM10: 0.057757427 | AN10: 0.29895904 | AO10: -0.088553783 | AP10: -0.081320901 | AQ10: -0.095261583
A11: Mixed_6e.branch7x7_2.conv | B11: 0.086504398 | C11: 0.18129351 | D11: 0.15121592 | E11: 0.22487909 | F11: -0.010920741 | G11: 0.67866197 | H11: 0.15114408 | I11: 0.09991372 | J11: 0.19345951 | K11: 1 | L11: 0.17964156 | M11: 0.021869461 | N11: -0.010036109 | O11: 0.74717031 | P11: -0.28174793 | Q11: -0.33014809 | R11: -0.095232776 | S11: 0.17745061 | T11: -0.20622966 | U11: -0.090979145 | V11: 0.32154398 | W11: 0.44961754 | X11: -0.13290164 | Y11: -0.12488213 | Z11: 0.048175367 | AA11: 0.021654943 | AB11: -0.0032624439 | AC11: 0.11040019 | AD11: 0.26749136 | AE11: -0.12575777 | AF11: -0.20516955 | AG11: -0.21040316 | AH11: -0.24981647 | AI11: 0.10068937 | AJ11: 0.16292704 | AK11: 0.11199239 | AL11: 0.25758725 | AM11: 0.28949591 | AN11: -0.15079189 | AO11: -0.026498435 | AP11: -0.03027086 | AQ11: -0.12639213
A12: sensitivityscore_After_Mixed_6e.branch7x7_2.conv_0.5 | B12: 0.065027081 | C12: -0.359369 | D12: -0.15998544 | E12: -0.19225773 | F12: -0.069834122 | G12: 0.21958236 | H12: 0.4061392 | I12: 0.17620819 | J12: 0.074252498 | K12: 0.17964156 | L12: 1 | M12: 0.53945257 | N12: -0.02215786 | O12: 0.37808154 | P12: -0.39454502 | Q12: -0.098224308 | R12: -0.11854556 | S12: -0.2776912 | T12: -0.27083036 | U12: -0.13610991 | V12: -0.0095060494 | W12: 0.30386159 | X12: 0.12323633 | Y12: -0.024456466 | Z12: 0.23287937 | AA12: 0.020584108 | AB12: 0.17824445 | AC12: 0.11421693 | AD12: 0.010113658 | AE12: -0.017738439 | AF12: -0.10350591 | AG12: -0.19572824 | AH12: -0.2335576 | AI12: 0.0849428 | AJ12: -0.23795824 | AK12: -0.15906994 | AL12: 0.0011364628 | AM12: 0.0059174515 | AN12: -0.063014588 | AO12: -0.01736626 | AP12: -0.19161398 | AQ12: -0.35713818
A13: sensitivityscore_After_Mixed_6e.branch7x7_2.conv_0.6 | B13: -0.13018446 | C13: -0.071739051 | D13: -0.12620626 | E13: -0.061871964 | F13: -0.29163157 | G13: 0.21796267 | H13: 0.20066012 | I13: 0.36321971 | J13: 0.20141988 | K13: 0.021869461 | L13: 0.53945257 | M13: 1 | N13: 0.17308371 | O13: 0.50086816 | P13: -0.30702438 | Q13: -0.060636688 | R13: -0.17196861 | S13: -0.30971881 | T13: -0.29278827 | U13: 0.01466755 | V13: -0.02347556 | W13: 0.076388038 | X13: 0.38541346 | Y13: 0.29313425 | Z13: 0.1937864 | AA13: 0.15269169 | AB13: -0.06378529 | AC13: 0.07013142 | AD13: 0.032681216 | AE13: 0.20554248 | AF13: 0.06972244 | AG13: -0.066310843 | AH13: -0.23423427 | AI13: 0.20520159 | AJ13: 0.066980073 | AK13: -0.0054136974 | AL13: 0.1306813 | AM13: -0.050081301 | AN13: 0.16360355 | AO13: 0.028224328 | AP13: 0.053150648 | AQ13: -0.24033124
... A43: sensitivityscore_After_Mixed_7b.branch_pool.conv_0.7 | B43: -0.20834262 | C43: -0.074840774 | D43: -0.059380956 | E43: -0.089618746 | F43: -0.023044971 | G43: -0.13183005 | H43: -0.48152449 | I43: -0.31416635 | J43: -0.095261583 | K43: -0.12639213 | L43: -0.35713818 | M43: -0.24033124 | N43: 0.1040305 | O43: -0.19886799 | P43: -0.0064795426 | Q43: 0.036205906 | R43: 0.082074572 | S43: -0.0013999268 | T43: 0.33621707 | U43: -0.029068014 | V43: 0.035649394 | W43: -0.21382573 | X43: -0.025513719 | Y43: 0.034245453 | Z43: -0.30668781 | AA43: -0.30194318 | AB43: -0.017497966 | AC43: 0.080374892 | AD43: -0.23595447 | AE43: 0.31515876 | AF43: 0.1943012 | AG43: 0.26194374 | AH43: 0.32702269 | AI43: -0.42591993 | AJ43: 0.22198983 | AK43: 0.1056936 | AL43: -0.11671865 | AM43: 0.12051292 | AN43: -0.34005461 | AO43: 0.59812286 | AP43: 0.58423423 | AQ43: 1

Sheet Class_5
B1: Mixed_6e.branch1x1.conv | C1: sensitivityscore_After_Mixed_6e.branch1x1.conv_0.5 | D1: sensitivityscore_After_Mixed_6e.branch1x1.conv_0.6 | E1: sensitivityscore_After_Mixed_6e.branch1x1.conv_0.7 | F1: Mixed_6e.branch1x1 | G1: Mixed_6e.branch7x7_1.conv | H1: sensitivityscore_After_Mixed_6e.branch7x7_1.conv_0.5 | I1: sensitivityscore_After_Mixed_6e.branch7x7_1.conv_0.6 | J1: sensitivityscore_After_Mixed_6e.branch7x7_1.conv_0.7 | K1: Mixed_6e.branch7x7_2.conv | L1: sensitivityscore_After_Mixed_6e.branch7x7_2.conv_0.5 | M1: sensitivityscore_After_Mixed_6e.branch7x7_2.conv_0.6 | N1: sensitivityscore_After_Mixed_6e.branch7x7_2.conv_0.7 | O1: Mixed_6e.branch7x7_3.conv | P1: sensitivityscore_After_Mixed_6e.branch7x7_3.conv_0.5 | Q1: sensitivityscore_After_Mixed_6e.branch7x7_3.conv_0.6 | R1: sensitivityscore_After_Mixed_6e.branch7x7_3.conv_0.7 | S1: Mixed_6e.branch7x7dbl_1.conv | T1: sensitivityscore_After_Mixed_6e.branch7x7dbl_1.conv_0.5 | U1: sensitivityscore_After_Mixed_6e.branch7x7dbl_1.conv_0.6 | V1: sensitivityscore_After_Mixed_6e.branch7x7dbl_1.conv_0.7 | W1: Mixed_7b.branch1x1.conv | X1: sensitivityscore_After_Mixed_7b.branch1x1.conv_0.5 | Y1: sensitivityscore_After_Mixed_7b.branch1x1.conv_0.6 | Z1: sensitivityscore_After_Mixed_7b.branch1x1.conv_0.7 | AA1: Mixed_7b.branch3x3_1.conv | AB1: sensitivityscore_After_Mixed_7b.branch3x3_1.conv_0.5 | AC1: sensitivityscore_After_Mixed_7b.branch3x3_1.conv_0.6 | AD1: sensitivityscore_After_Mixed_7b.branch3x3_1.conv_0.7 | AE1: Mixed_7b.branch3x3_2a.conv | AF1: sensitivityscore_After_Mixed_7b.branch3x3_2a.conv_0.5 | AG1: sensitivityscore_After_Mixed_7b.branch3x3_2a.conv_0.6 | AH1: sensitivityscore_After_Mixed_7b.branch3x3_2a.conv_0.7 | AI1: Mixed_7b.branch3x3_2b.conv | AJ1: sensitivityscore_After_Mixed_7b.branch3x3_2b.conv_0.5 | AK1: sensitivityscore_After_Mixed_7b.branch3x3_2b.conv_0.6 | AL1: sensitivityscore_After_Mixed_7b.branch3x3_2b.conv_0.7 | AM1: Mixed_7b.branch3x3dbl_3a | AN1: Mixed_7b.branch_pool.conv | AO1: sensitivityscore_After_Mixed_7b.branch_pool.conv_0.5 | AP1: sensitivityscore_After_Mixed_7b.branch_pool.conv_0.6 | AQ1: sensitivityscore_After_Mixed_7b.branch_pool.conv_0.7
A2: Mixed_6e.branch1x1.conv | B2: 1 | C2: -0.13044753 | D2: -0.087121482 | E2: -0.097114904 | F2: 0.56388188 | G2: -0.06134279 | H2: 0.12281599 | I2: 0.20725937 | J2: 0.16987739 | K2: 0.14859332 | L2: 0.22706379 | M2: 0.059037184 | N2: -0.1266317 | O2: 0.38100852 | P2: 0.10114001 | Q2: -0.061225787 | R2: 0.12576836 | S2: 0.11193803 | T2: -0.16466819 | U2: -0.04312143 | V2: -0.042443476 | W2: 0.16620159 | X2: -0.19553083 | Y2: -0.38086259 | Z2: -0.19958335 | AA2: 0.0071060434 | AB2: -0.020660321 | AC2: -0.049985111 | AD2: 0.0091533707 | AE2: 0.0046991781 | AF2: -0.15761774 | AG2: -0.052590914 | AH2: -0.05807505 | AI2: 0.19267771 | AJ2: 0.21191278 | AK2: 0.076377093 | AL2: 0.12277265 | AM2: 0.31210111 | AN2: 0.21040861 | AO2: 0.38381176 | AP2: 0.34505154 | AQ2: 0.43861552
A3: sensitivityscore_After_Mixed_6e.branch1x1.conv_0.5 | B3: -0.13044753 | C3: 1 | D3: 0.5562135 | E3: 0.52256997 | F3: -0.066517675 | G3: -0.35415491 | H3: 0.4325602 | I3: -0.022273487 | J3: 0.32472037 | K3: -0.0061567735 | L3: 0.036586752 | M3: 0.024940024 | N3: 0.13125215 | O3: 0.071133542 | P3: 0.16068621 | Q3: 0.093728675 | R3: 0.23189367 | S3: -0.13085363 | T3: -0.054826921 | U3: 0.23343615 | V3: 0.32316815 | W3: 0.13205502 | X3: -0.16223952 | Y3: -0.10315836 | Z3: -0.22685185 | AA3: -0.015129279 | AB3: -0.13574208 | AC3: 0.0022527026 | AD3: -0.15527045 | AE3: -0.26920728 | AF3: 0.076103972 | AG3: 0.31020892 | AH3: 0.40204523 | AI3: 0.1089897 | AJ3: -0.0064517304 | AK3: -0.24544537 | AL3: -0.27512166 | AM3: -0.067294017 | AN3: -0.027108848 | AO3: 0.19992335 | AP3: 0.12187196 | AQ3: 0.17804268
A4: sensitivityscore_After_Mixed_6e.branch1x1.conv_0.6 | B4: -0.087121482 | C4: 0.5562135 | D4: 1 | E4: 0.56180282 | F4: 0.086759971 | G4: -0.53296684 | H4: 0.38736453 | I4: 0.046050651 | J4: 0.20449938 | K4: -0.12333862 | L4: -0.11483044 | M4: 0.21829647 | N4: 0.031421364 | O4: -0.15950228 | P4: 0.046989481 | Q4: 0.20444542 | R4: 0.099721014 | S4: -0.17410839 | T4: -0.19844047 | U4: -0.25174101 | V4: 0.030824224 | W4: -0.015181482 | X4: -0.20208027 | Y4: -0.22713671 | Z4: -0.22711798 | AA4: -0.01679283 | AB4: -0.22355477 | AC4: -0.32012976 | AD4: -0.21662203 | AE4: -0.40471853 | AF4: -0.16728548 | AG4: -0.15591429 | AH4: 0.070001711 | AI4: -0.10390819 | AJ4: 0.081713729 | AK4: -0.10226804 | AL4: -0.13937559 | AM4: -0.15977399 | AN4: -0.020287047 | AO4: 0.17870026 | AP4: 0.069521351 | AQ4: -0.061058942
A5: sensitivityscore_After_Mixed_6e.branch1x1.conv_0.7 | B5: -0.097114904 | C5: 0.52256997 | D5: 0.56180282 | E5: 1 | F5: 0.064521561 | G5: -0.4049607 | H5: 0.52295533 | I5: 0.46221107 | J5: 0.46115606 | K5: -0.14115587 | L5: -0.017436285 | M5: 0.097128179 | N5: -0.053081908 | O5: 0.023849006 | P5: -0.00050319545 | Q5: 0.30485355 | R5: -0.042161742 | S5: -0.17460425 | T5: -0.039156499 | U5: -0.13258207 | V5: 0.16177603 | W5: -0.011368584 | X5: -0.37986974 | Y5: -0.32275616 | Z5: -0.21566446 | AA5: 0.12673699 | AB5: -0.47748854 | AC5: -0.1842055 | AD5: -0.25033421 | AE5: -0.093154764 | AF5: 0.18467815 | AG5: -0.025923829 | AH5: 0.13479202 | AI5: 0.12941838 | AJ5: -0.049352894 | AK5: -0.29729872 | AL5: -0.20360885 | AM5: -0.18232194 | AN5: 0.015137711 | AO5: 0.054594204 | AP5: 0.056481663 | AQ5: -0.092267512
A6: Mixed_6e.branch1x1 | B6: 0.56388188 | C6: -0.066517675 | D6: 0.086759971 | E6: 0.064521561 | F6: 1 | G6: -0.19218891 | H6: 0.094874067 | I6: -0.019334504 | J6: 0.083544188 | K6: -0.060547031 | L6: 0.15213467 | M6: 0.25084024 | N6: -0.071182287 | O6: 0.028022504 | P6: 0.38111077 | Q6: 0.076974943 | R6: 0.16173042 | S6: 0.030247813 | T6: 0.082240373 | U6: 0.071632981 | V6: 0.24898021 | W6: 0.34757988 | X6: -0.11359231 | Y6: -0.25215001 | Z6: -0.20071041 | AA6: -0.25871478 | AB6: -0.16351335 | AC6: -0.17595581 | AD6: -0.17985167 | AE6: -0.044697543 | AF6: -0.50548647 | AG6: -0.26093497 | AH6: 0.0029680739 | AI6: 0.29895202 | AJ6: -0.016659222 | AK6: 0.018587986 | AL6: -0.17030511 | AM6: 0.14332332 | AN6: 0.19604722 | AO6: 0.11848133 | AP6: 0.10242887 | AQ6: 0.16274645
A7: Mixed_6e.branch7x7_1.conv | B7: -0.06134279 | C7: -0.35415491 | D7: -0.53296684 | E7: -0.4049607 | F7: -0.19218891 | G7: 1 | H7: -0.29528213 | I7: -0.38902728 | J7: -0.24264716 | K7: 0.38616396 | L7: 0.045841811 | M7: -0.0051500994 | N7: 0.13320365 | O7: 0.33479078 | P7: -0.26017692 | Q7: -0.44103256 | R7: 0.015180172 | S7: -0.041757121 | T7: 0.014767554 | U7: -0.04544639 | V7: -0.28764058 | W7: -0.12925369 | X7: 0.28830752 | Y7: 0.27096148 | Z7: 0.30428297 | AA7: -0.060300031 | AB7: 0.16116034 | AC7: 0.30988009 | AD7: 0.11356961 | AE7: 0.29854406 | AF7: 0.27130748 | AG7: -0.0073401296 | AH7: 0.042244781 | AI7: -0.14131858 | AJ7: 0.14522721 | AK7: 0.18328326 | AL7: 0.20962347 | AM7: 0.21688993 | AN7: -0.1103037 | AO7: -0.16785297 | AP7: -0.099465753 | AQ7: 0.096270953
A8: sensitivityscore_After_Mixed_6e.branch7x7_1.conv_0.5 | B8: 0.12281599 | C8: 0.4325602 | D8: 0.38736453 | E8: 0.52295533 | F8: 0.094874067 | G8: -0.29528213 | H8: 1 | I8: 0.18765437 | J8: 0.18909835 | K8: 0.069417332 | L8: -0.13280556 | M8: -0.05144699 | N8: -0.12259399 | O8: 0.11944264 | P8: 0.18461892 | Q8: 0.36817258 | R8: 0.099221952 | S8: 0.12293169 | T8: 0.057868728 | U8: 0.043715839 | V8: -0.11676237 | W8: 0.071024067 | X8: -0.39042009 | Y8: -0.28269194 | Z8: -0.11388946 | AA8: 0.23329704 | AB8: -0.45351142 | AC8: -0.18629509 | AD8: -0.39371619 | AE8: 0.10897819 | AF8: 0.078247423 | AG8: 0.2552848 | AH8: 0.2195037 | AI8: 0.28676929 | AJ8: 0.2467644 | AK8: 0.079028701 | AL8: -0.11179721 | AM8: -0.012282177 | AN8: -0.178468 | AO8: 0.18311474 | AP8: 0.24036833 | AQ8: -0.099067442
A9: sensitivityscore_After_Mixed_6e.branch7x7_1.conv_0.6 | B9: 0.20725937 | C9: -0.022273487 | D9: 0.046050651 | E9: 0.46221107 | F9: -0.019334504 | G9: -0.38902728 | H9: 0.18765437 | I9: 1 | J9: 0.53057274 | K9: -0.11875488 | L9: 0.079072208 | M9: 0.052264662 | N9: -0.046024144 | O9: 0.10944369 | P9: -0.25251982 | Q9: 0.24606464 | R9: -0.067622666 | S9: 0.012912291 | T9: -0.048689437 | U9: -0.23571259 | V9: 0.14101673 | W9: -0.29285716 | X9: -0.42167087 | Y9: -0.36448634 | Z9: -0.14468356 | AA9: 0.34662044 | AB9: -0.25398028 | AC9: -0.072477484 | AD9: 0.054054364 | AE9: 0.1004713 | AF9: 0.30372731 | AG9: 0.087455207 | AH9: -0.18199145 | AI9: -0.033575834 | AJ9: 0.027047003 | AK9: -0.027702956 | AL9: -0.0088098009 | AM9: -0.10290986 | AN9: 0.092084593 | AO9: -0.092518599 | AP9: -0.0011796802 | AQ9: -0.14207175
A10: sensitivityscore_After_Mixed_6e.branch7x7_1.conv_0.7 | B10: 0.16987739 | C10: 0.32472037 | D10: 0.20449938 | E10: 0.46115606 | F10: 0.083544188 | G10: -0.24264716 | H10: 0.18909835 | I10: 0.53057274 | J10: 1 | K10: -0.21828969 | L10: 0.070567484 | M10: 0.20697585 | N10: 0.13708454 | O10: 0.052376603 | P10: -0.10578505 | Q10: 0.10924872 | R10: 0.0065907588 | S10: -0.22576795 | T10: -0.1288892 | U10: -0.12831973 | V10: 0.061217875 | W10: -0.10916478 | X10: -0.14820395 | Y10: -0.17088868 | Z10: -0.18107576 | AA10: -0.00088858398 | AB10: -0.10877354 | AC10: 0.0747348 | AD10: 0.099050088 | AE10: 0.010357952 | AF10: 0.1927629 | AG10: 0.091471805 | AH10: 0.27744844 | AI10: -0.32121201 | AJ10: 0.050096107 | AK10: -0.12522367 | AL10: -0.1358518 | AM10: -0.14489313 | AN10: -0.058567052 | AO10: -0.04267857 | AP10: -0.03479872 | AQ10: 0.061818735
A11: Mixed_6e.branch7x7_2.conv | B11: 0.14859332 | C11: -0.0061567735 | D11: -0.12333862 | E11: -0.14115587 | F11: -0.060547031 | G11: 0.38616396 | H11: 0.069417332 | I11: -0.11875488 | J11: -0.21828969 | K11: 1 | L11: 0.031263481 | M11: -0.012270026 | N11: 0.22297683 | O11: 0.6629115 | P11: -0.19509005 | Q11: -0.075446058 | R11: 0.31782585 | S11: 0.1828402 | T11: 0.069669814 | U11: 0.012145204 | V11: 0.022959729 | W11: -0.002507433 | X11: 0.14454915 | Y11: -0.080933618 | Z11: 0.17906041 | AA11: 0.17538545 | AB11: 0.03457935 | AC11: 0.063430544 | AD11: -0.096511993 | AE11: 0.067239222 | AF11: 0.14567664 | AG11: 0.08372979 | AH11: 0.13774135 | AI11: 0.077053841 | AJ11: -0.12381138 | AK11: -0.16741144 | AL11: -0.12442823 | AM11: 0.081847796 | AN11: 0.14128846 | AO11: 0.03638528 | AP11: -0.15851305 | AQ11: 0.1261951
A12: sensitivityscore_After_Mixed_6e.branch7x7_2.conv_0.5 | B12: 0.22706379 | C12: 0.036586752 | D12: -0.11483044 | E12: -0.017436285 | F12: 0.15213467 | G12: 0.045841811 | H12: -0.13280556 | I12: 0.079072208 | J12: 0.070567484 | K12: 0.031263481 | L12: 1 | M12: 0.48021846 | N12: 0.32782295 | O12: 0.1711774 | P12: 0.070159266 | Q12: 0.12014705 | R12: 0.28335016 | S12: -0.22610949 | T12: 0.28900898 | U12: 0.15441791 | V12: 0.32043994 | W12: -0.099260928 | X12: 0.049292967 | Y12: -0.07294496 | Z12: -0.095793778 | AA12: -0.054411542 | AB12: 0.14914864 | AC12: 0.26830822 | AD12: 0.24915703 | AE12: -0.25698147 | AF12: 0.064271633 | AG12: 0.056498431 | AH12: 0.059552814 | AI12: 0.29177723 | AJ12: 0.096586745 | AK12: 0.21048501 | AL12: 0.17881331 | AM12: 0.1478105 | AN12: 0.061931611 | AO12: 0.12737981 | AP12: -0.0059810352 | AQ12: 0.31931837
A13: sensitivityscore_After_Mixed_6e.branch7x7_2.conv_0.6 | B13: 0.059037184 | C13: 0.024940024 | D13: 0.21829647 | E13: 0.097128179 | F13: 0.25084024 | G13: -0.0051500994 | H13: -0.05144699 | I13: 0.052264662 | J13: 0.20697585 | K13: -0.012270026 | L13: 0.48021846 | M13: 1 | N13: 0.44440196 | O13: -0.054492286 | P13: -0.054326409 | Q13: 0.050113952 | R13: 0.26521372 | S13: -0.23476263 | T13: 0.22427104 | U13: -0.054057704 | V13: 0.19029094 | W13: -0.39338095 | X13: -0.15420659 | Y13: -0.17724395 | Z13: -0.23250684 | AA13: -0.15035159 | AB13: -0.14646419 | AC13: -0.18956795 | AD13: -0.19923763 | AE13: -0.16775094 | AF13: -0.22221097 | AG13: -0.30184821 | AH13: 0.13067373 | AI13: -0.18363435 | AJ13: 0.20469516 | AK13: 0.39305106 | AL13: 0.16247819 | AM13: 0.010028028 | AN13: 0.26618299 | AO13: 0.13415386 | AP13: -0.082294737 | AQ13: -0.055189666
... A43: sensitivityscore_After_Mixed_7b.branch_pool.conv_0.7 | B43: 0.43861552 | C43: 0.17804268 | D43: -0.061058942 | E43: -0.092267512 | F43: 0.16274645 | G43: 0.096270953 | H43: -0.099067442 | I43: -0.14207175 | J43: 0.061818735 | K43: 0.1261951 | L43: 0.31931837 | M43: -0.055189666 | N43: -0.013895786 | O43: 0.15378174 | P43: 0.15430023 | Q43: -0.11676053 | R43: 0.20809963 | S43: -0.19941495 | T43: -0.23581924 | U43: 0.05270608 | V43: 0.13286712 | W43: 0.16795151 | X43: 0.031334975 | Y43: -0.032358672 | Z43: -0.23963649 | AA43: -0.10296698 | AB43: 0.23330201 | AC43: 0.19749962 | AD43: 0.15874397 | AE43: -0.12583304 | AF43: -0.015470069 | AG43: -0.05096594 | AH43: -0.12933512 | AI43: 0.22989308 | AJ43: 0.24811734 | AK43: -0.012758254 | AL43: 0.33580044 | AM43: 0.20527779 | AN43: -0.019617212 | AO43: 0.53554099 | AP43: 0.61836121 | AQ43: 1

Sheet Class_6
B1: Mixed_6e.branch1x1.conv | C1: sensitivityscore_After_Mixed_6e.branch1x1.conv_0.5 | D1: sensitivityscore_After_Mixed_6e.branch1x1.conv_0.6 | E1: sensitivityscore_After_Mixed_6e.branch1x1.conv_0.7 | F1: Mixed_6e.branch1x1 | G1: Mixed_6e.branch7x7_1.conv | H1: sensitivityscore_After_Mixed_6e.branch7x7_1.conv_0.5 | I1: sensitivityscore_After_Mixed_6e.branch7x7_1.conv_0.6 | J1: sensitivityscore_After_Mixed_6e.branch7x7_1.conv_0.7 | K1: Mixed_6e.branch7x7_2.conv | L1: sensitivityscore_After_Mixed_6e.branch7x7_2.conv_0.5 | M1: sensitivityscore_After_Mixed_6e.branch7x7_2.conv_0.6 | N1: sensitivityscore_After_Mixed_6e.branch7x7_2.conv_0.7 | O1: Mixed_6e.branch7x7_3.conv | P1: sensitivityscore_After_Mixed_6e.branch7x7_3.conv_0.5 | Q1: sensitivityscore_After_Mixed_6e.branch7x7_3.conv_0.6 | R1: sensitivityscore_After_Mixed_6e.branch7x7_3.conv_0.7 | S1: Mixed_6e.branch7x7dbl_1.conv | T1: sensitivityscore_After_Mixed_6e.branch7x7dbl_1.conv_0.5 | U1: sensitivityscore_After_Mixed_6e.branch7x7dbl_1.conv_0.6 | V1: sensitivityscore_After_Mixed_6e.branch7x7dbl_1.conv_0.7 | W1: Mixed_7b.branch1x1.conv | X1: sensitivityscore_After_Mixed_7b.branch1x1.conv_0.5 | Y1: sensitivityscore_After_Mixed_7b.branch1x1.conv_0.6 | Z1: sensitivityscore_After_Mixed_7b.branch1x1.conv_0.7 | AA1: Mixed_7b.branch3x3_1.conv | AB1: sensitivityscore_After_Mixed_7b.branch3x3_1.conv_0.5 | AC1: sensitivityscore_After_Mixed_7b.branch3x3_1.conv_0.6 | AD1: sensitivityscore_After_Mixed_7b.branch3x3_1.conv_0.7 | AE1: Mixed_7b.branch3x3_2a.conv | AF1: sensitivityscore_After_Mixed_7b.branch3x3_2a.conv_0.5 | AG1: sensitivityscore_After_Mixed_7b.branch3x3_2a.conv_0.6 | AH1: sensitivityscore_After_Mixed_7b.branch3x3_2a.conv_0.7 | AI1: Mixed_7b.branch3x3_2b.conv | AJ1: sensitivityscore_After_Mixed_7b.branch3x3_2b.conv_0.5 | AK1: sensitivityscore_After_Mixed_7b.branch3x3_2b.conv_0.6 | AL1: sensitivityscore_After_Mixed_7b.branch3x3_2b.conv_0.7 | AM1: Mixed_7b.branch3x3dbl_3a | AN1: Mixed_7b.branch_pool.conv | AO1: sensitivityscore_After_Mixed_7b.branch_pool.conv_0.5 | AP1: sensitivityscore_After_Mixed_7b.branch_pool.conv_0.6 | AQ1: sensitivityscore_After_Mixed_7b.branch_pool.conv_0.7
A2: Mixed_6e.branch1x1.conv | B2: 1 | C2: 0.10187816 | D2: 0.12494874 | E2: 0.0086870908 | F2: 0.57230365 | G2: 0.23045156 | H2: -0.39191424 | I2: -0.21071487 | J2: -0.30758701 | K2: -0.026652021 | L2: 0.052385425 | M2: 0.11238381 | N2: 0.35179219 | O2: -0.038072803 | P2: -0.0002951681 | Q2: 0.010995409 | R2: 0.070319784 | S2: 0.13669639 | T2: 0.10561025 | U2: 0.064672162 | V2: -0.060265458 | W2: 0.023529485 | X2: -0.15596096 | Y2: -0.13548978 | Z2: -0.010459937 | AA2: 0.22966467 | AB2: -0.068430147 | AC2: -0.0026013799 | AD2: 0.085207701 | AE2: -0.032769501 | AF2: -0.12381974 | AG2: -0.06951123 | AH2: -0.056755135 | AI2: 0.25893365 | AJ2: 0.0052802037 | AK2: -0.10023206 | AL2: -0.071124646 | AM2: 0.037167712 | AN2: -0.027268781 | AO2: 0.15830805 | AP2: 0.06391782 | AQ2: 0.015892716
A3: sensitivityscore_After_Mixed_6e.branch1x1.conv_0.5 | B3: 0.10187816 | C3: 1 | D3: 0.5735958 | E3: 0.53631065 | F3: -0.12496948 | G3: 0.028737092 | H3: -0.09702113 | I3: 0.051107661 | J3: 0.08578298 | K3: 0.11077049 | L3: 0.20925911 | M3: -0.09351611 | N3: -0.0020422687 | O3: -0.017048172 | P3: -0.045202957 | Q3: 0.0006802357 | R3: -0.19047976 | S3: -0.28931341 | T3: -0.26420464 | U3: -0.29856738 | V3: -0.036947295 | W3: 0.18081013 | X3: -0.24703336 | Y3: -0.32526984 | Z3: -0.14742091 | AA3: -0.15553103 | AB3: -0.28142275 | AC3: -0.24093924 | AD3: -0.15324691 | AE3: 0.034468261 | AF3: -0.045282687 | AG3: -0.022507809 | AH3: 0.070000646 | AI3: 0.016018329 | AJ3: 0.17308086 | AK3: 0.17593075 | AL3: -0.16898505 | AM3: -0.011106294 | AN3: -0.024421374 | AO3: 0.15099072 | AP3: 0.1618277 | AQ3: 0.23267605
A4: sensitivityscore_After_Mixed_6e.branch1x1.conv_0.6 | B4: 0.12494874 | C4: 0.5735958 | D4: 1 | E4: 0.65356329 | F4: -0.18554418 | G4: 0.0095745579 | H4: 0.013150272 | I4: -0.074289649 | J4: -0.14796141 | K4: -0.0080772146 | L4: 0.1339917 | M4: -0.11856904 | N4: 0.070111055 | O4: -0.10903409 | P4: -0.00356545 | Q4: -0.072642966 | R4: -0.18857487 | S4: -0.21425099 | T4: -0.25266011 | U4: -0.13410668 | V4: -0.27465547 | W4: 0.21311319 | X4: -0.15387728 | Y4: -0.22796139 | Z4: 0.10009107 | AA4: -0.031303725 | AB4: -0.1701289 | AC4: -0.27116795 | AD4: -0.29390907 | AE4: 0.024901229 | AF4: -0.032868627 | AG4: 0.00042223263 | AH4: -0.061371939 | AI4: 0.10760632 | AJ4: 0.12176593 | AK4: 0.094684915 | AL4: -0.083635808 | AM4: 0.0946311 | AN4: 0.056670024 | AO4: 0.20144159 | AP4: 0.09967325 | AQ4: 0.04428948
A5: sensitivityscore_After_Mixed_6e.branch1x1.conv_0.7 | B5: 0.0086870908 | C5: 0.53631065 | D5: 0.65356329 | E5: 1 | F5: -0.21249404 | G5: -0.0014907228 | H5: 0.015695598 | I5: 0.075049423 | J5: 0.014581266 | K5: 0.13410106 | L5: 0.10384808 | M5: -0.22489644 | N5: -0.02361814 | O5: -0.029549699 | P5: -0.099769017 | Q5: 0.024620351 | R5: -0.085818008 | S5: -0.22149113 | T5: -0.12342229 | U5: -0.2213211 | V5: -0.10157502 | W5: 0.29387305 | X5: -0.074867249 | Y5: -0.19192766 | Z5: 0.12798907 | AA5: 0.0331994 | AB5: -0.44451365 | AC5: -0.36667757 | AD5: -0.328027 | AE5: -0.081506287 | AF5: -0.21833335 | AG5: -0.07703877 | AH5: -0.076375316 | AI5: 0.093942098 | AJ5: 0.01140042 | AK5: 0.0075896907 | AL5: -0.1359182 | AM5: 0.09544095 | AN5: -0.083843308 | AO5: -0.018838926 | AP5: 0.025618398 | AQ5: 0.081528868
A6: Mixed_6e.branch1x1 | B6: 0.57230365 | C6: -0.12496948 | D6: -0.18554418 | E6: -0.21249404 | F6: 1 | G6: 0.42533267 | H6: -0.079215202 | I6: -0.076651977 | J6: -0.046931579 | K6: 0.09949458 | L6: 0.18736895 | M6: 0.27200465 | N6: 0.26561728 | O6: 0.17339933 | P6: -0.022028476 | Q6: -0.16551737 | R6: -0.21692205 | S6: 0.087543586 | T6: 0.13908683 | U6: 0.0084784302 | V6: 0.0023796725 | W6: -0.18725099 | X6: 0.12059413 | Y6: 0.061289302 | Z6: 0.055246524 | AA6: 0.10433317 | AB6: -0.086862971 | AC6: 0.10723524 | AD6: 0.13929264 | AE6: 0.26274277 | AF6: 0.090475787 | AG6: -0.083644111 | AH6: -0.21393226 | AI6: 0.00029502445 | AJ6: -0.253896 | AK6: -0.27607266 | AL6: -0.30061422 | AM6: -0.15896656 | AN6: 0.12039063 | AO6: 0.098817487 | AP6: 0.041257731 | AQ6: -0.080042555
A7: Mixed_6e.branch7x7_1.conv | B7: 0.23045156 | C7: 0.028737092 | D7: 0.0095745579 | E7: -0.0014907228 | F7: 0.42533267 | G7: 1 | H7: 0.021939386 | I7: -0.0042826275 | J7: 0.042996543 | K7: 0.57471987 | L7: 0.32832095 | M7: 0.023893923 | N7: 0.30298334 | O7: 0.54790933 | P7: 0.25556734 | Q7: -0.052536035 | R7: -0.073833491 | S7: -0.077366869 | T7: 0.16035397 | U7: 0.047048763 | V7: 0.031661897 | W7: -0.2752761 | X7: -0.0791703 | Y7: -0.029089958 | Z7: 0.091689846 | AA7: 0.078891143 | AB7: -0.20262481 | AC7: -0.0281496 | AD7: 0.074437849 | AE7: -0.030202167 | AF7: 0.076999544 | AG7: 0.097904563 | AH7: -0.054179428 | AI7: 0.085362906 | AJ7: -0.066591625 | AK7: -0.19951614 | AL7: -0.36770919 | AM7: -0.10847945 | AN7: 0.20862987 | AO7: -0.024619216 | AP7: -0.018789495 | AQ7: -0.19629669
A8: sensitivityscore_After_Mixed_6e.branch7x7_1.conv_0.5 | B8: -0.39191424 | C8: -0.09702113 | D8: 0.013150272 | E8: 0.015695598 | F8: -0.079215202 | G8: 0.021939386 | H8: 1 | I8: 0.36199499 | J8: 0.38834895 | K8: 0.077176362 | L8: 0.18173403 | M8: 0.1618999 | N8: -0.18837547 | O8: 0.10176852 | P8: 0.20469519 | Q8: 0.16280413 | R8: -0.061469253 | S8: 0.0011979304 | T8: -0.20875012 | U8: -0.026807874 | V8: -0.085137446 | W8: 0.0010902279 | X8: 0.12320324 | Y8: 0.1819601 | Z8: 0.18072183 | AA8: -0.1470301 | AB8: 0.053503993 | AC8: 0.028764495 | AD8: -0.096392066 | AE8: 0.13103018 | AF8: -0.03948572 | AG8: -0.12251875 | AH8: -0.17982524 | AI8: -0.22056927 | AJ8: -0.18471528 | AK8: -0.022234437 | AL8: -0.1836109 | AM8: -0.11246691 | AN8: -0.20369143 | AO8: 0.097515108 | AP8: 0.13213709 | AQ8: 0.029866283
A9: sensitivityscore_After_Mixed_6e.branch7x7_1.conv_0.6 | B9: -0.21071487 | C9: 0.051107661 | D9: -0.074289649 | E9: 0.075049423 | F9: -0.076651977 | G9: -0.0042826275 | H9: 0.36199499 | I9: 1 | J9: 0.69584725 | K9: -0.11483781 | L9: 0.1746051 | M9: 0.22738359 | N9: 0.031459648 | O9: -0.13677769 | P9: -0.20873348 | Q9: -0.082836449 | R9: 0.17275264 | S9: 0.056063095 | T9: 0.053931973 | U9: -0.10235959 | V9: -0.14138398 | W9: -0.31371463 | X9: 0.02183451 | Y9: 0.084411849 | Z9: -0.012295066 | AA9: -0.04281379 | AB9: -0.12120363 | AC9: -0.066146964 | AD9: -0.22002227 | AE9: 0.21243134 | AF9: -0.16707539 | AG9: -0.24299598 | AH9: -0.16466281 | AI9: -0.18156869 | AJ9: -0.2079887 | AK9: -0.22859123 | AL9: 0.0589827 | AM9: 0.11368054 | AN9: -0.27058882 | AO9: -0.25682833 | AP9: -0.20686568 | AQ9: -0.0073953154
A10: sensitivityscore_After_Mixed_6e.branch7x7_1.conv_0.7 | B10: -0.30758701 | C10: 0.08578298 | D10: -0.14796141 | E10: 0.014581266 | F10: -0.046931579 | G10: 0.042996543 | H10: 0.38834895 | I10: 0.69584725 | J10: 1 | K10: -0.12294049 | L10: 0.20729767 | M10: 0.1242635 | N10: 0.080209329 | O10: -0.15686384 | P10: 0.044197655 | Q10: 0.05671279 | R10: 0.21799229 | S10: -0.080523435 | T10: -0.030035396 | U10: 0.020192971 | V10: -0.10682106 | W10: -0.10783299 | X10: 0.27059523 | Y10: 0.2065477 | Z10: 0.15214971 | AA10: -0.065641631 | AB10: -0.19078456 | AC10: 0.028575691 | AD10: 0.028453515 | AE10: 0.040254041 | AF10: 0.033961245 | AG10: -0.073022403 | AH10: -0.028863827 | AI10: -0.2204648 | AJ10: -0.12768028 | AK10: -0.072659713 | AL10: -0.030558594 | AM10: 0.15859373 | AN10: -0.086920883 | AO10: -0.13221152 | AP10: -0.044072177 | AQ10: 0.1189303
A11: Mixed_6e.branch7x7_2.conv | B11: -0.026652021 | C11: 0.11077049 | D11: -0.0080772146 | E11: 0.13410106 | F11: 0.09949458 | G11: 0.57471987 | H11: 0.077176362 | I11: -0.11483781 | J11: -0.12294049 | K11: 1 | L11: 0.25538997 | M11: -0.055014852 | N11: 0.14308198 | O11: 0.62900243 | P11: 0.13889018 | Q11: 0.013315657 | R11: -0.0026671859 | S11: -0.28913741 | T11: 0.28158724 | U11: 0.0278459 | V11: 0.10649835 | W11: -0.07189519 | X11: -0.22145423 | Y11: -0.016964204 | Z11: 0.04837402 | AA11: -0.031946959 | AB11: -0.12375968 | AC11: 0.046395365 | AD11: 0.052750011 | AE11: -0.18494758 | AF11: -0.0060958857 | AG11: -0.0094373834 | AH11: -0.10391825 | AI11: 0.09802376 | AJ11: -0.14014572 | AK11: -0.1466424 | AL11: -0.55968087 | AM11: -0.065141719 | AN11: 0.22291155 | AO11: 0.010470248 | AP11: 0.019149955 | AQ11: -0.12245495
A12: sensitivityscore_After_Mixed_6e.branch7x7_2.conv_0.5 | B12: 0.052385425 | C12: 0.20925911 | D12: 0.1339917 | E12: 0.10384808 | F12: 0.18736895 | G12: 0.32832095 | H12: 0.18173403 | I12: 0.1746051 | J12: 0.20729767 | K12: 0.25538997 | L12: 1 | M12: 0.30897115 | N12: 0.42679988 | O12: 0.0733303 | P12: 0.19620374 | Q12: 0.0062069216 | R12: 0.12089307 | S12: -0.34040941 | T12: -0.10211694 | U12: -0.071698383 | V12: -0.20335711 | W12: 0.091364385 | X12: -0.067978797 | Y12: -0.10202613 | Z12: 0.0088493421 | AA12: 0.020403708 | AB12: -0.36493831 | AC12: -0.12919455 | AD12: -0.1375893 | AE12: 0.092947338 | AF12: -0.11942777 | AG12: -0.1491204 | AH12: -0.22262098 | AI12: -0.112667 | AJ12: -0.20974314 | AK12: -0.26228346 | AL12: -0.3984746 | AM12: 0.055295619 | AN12: 0.16389889 | AO12: 0.099602358 | AP12: 0.11505448 | AQ12: -0.11626648
A13: sensitivityscore_After_Mixed_6e.branch7x7_2.conv_0.6 | B13: 0.11238381 | C13: -0.09351611 | D13: -0.11856904 | E13: -0.22489644 | F13: 0.27200465 | G13: 0.023893923 | H13: 0.1618999 | I13: 0.22738359 | J13: 0.1242635 | K13: -0.055014852 | L13: 0.30897115 | M13: 1 | N13: 0.34986039 | O13: -0.035670094 | P13: 0.10060665 | Q13: -0.20418407 | R13: 0.032455605 | S13: 0.17719297 | T13: 0.065268871 | U13: 0.039427275 | V13: -0.23272817 | W13: 0.078282301 | X13: 0.034145439 | Y13: 0.020759351 | Z13: 0.037859561 | AA13: -0.088046342 | AB13: 0.32989951 | AC13: 0.2743154 | AD13: 0.16089355 | AE13: 0.14276244 | AF13: -0.076187417 | AG13: -0.22951414 | AH13: -0.16385748 | AI13: -0.37800851 | AJ13: -0.14798203 | AK13: -0.11999472 | AL13: -0.26821806 | AM13: 0.073070216 | AN13: -0.11292196 | AO13: 0.089767199 | AP13: 0.16645585 | AQ13: 0.082891621
... A43: sensitivityscore_After_Mixed_7b.branch_pool.conv_0.7 | B43: 0.015892716 | C43: 0.23267605 | D43: 0.04428948 | E43: 0.081528868 | F43: -0.080042555 | G43: -0.19629669 | H43: 0.029866283 | I43: -0.0073953154 | J43: 0.1189303 | K43: -0.12245495 | L43: -0.11626648 | M43: 0.082891621 | N43: -0.12138336 | O43: 0.16338474 | P43: -0.03754341 | Q43: -0.066159263 | R43: 0.29512102 | S43: 0.069656795 | T43: -0.12433944 | U43: -0.17943089 | V43: -0.11429826 | W43: 0.032680799 | X43: -0.020919803 | Y43: 0.034316886 | Z43: 0.10322913 | AA43: -0.063681722 | AB43: 0.22211353 | AC43: 0.15467065 | AD43: 0.20019827 | AE43: -0.085539853 | AF43: 0.15049153 | AG43: 0.073190709 | AH43: 0.2321595 | AI43: -0.24276942 | AJ43: 0.33916437 | AK43: 0.28838293 | AL43: 0.017421475 | AM43: 0.031351183 | AN43: -0.12216322 | AO43: 0.69839288 | AP43: 0.85034776 | AQ43: 1

Sheet Class_7
B1: Mixed_6e.branch1x1.conv | C1: sensitivityscore_After_Mixed_6e.branch1x1.conv_0.5 | D1: sensitivityscore_After_Mixed_6e.branch1x1.conv_0.6 | E1: sensitivityscore_After_Mixed_6e.branch1x1.conv_0.7 | F1: Mixed_6e.branch1x1 | G1: Mixed_6e.branch7x7_1.conv | H1: sensitivityscore_After_Mixed_6e.branch7x7_1.conv_0.5 | I1: sensitivityscore_After_Mixed_6e.branch7x7_1.conv_0.6 | J1: sensitivityscore_After_Mixed_6e.branch7x7_1.conv_0.7 | K1: Mixed_6e.branch7x7_2.conv | L1: sensitivityscore_After_Mixed_6e.branch7x7_2.conv_0.5 | M1: sensitivityscore_After_Mixed_6e.branch7x7_2.conv_0.6 | N1: sensitivityscore_After_Mixed_6e.branch7x7_2.conv_0.7 | O1: Mixed_6e.branch7x7_3.conv | P1: sensitivityscore_After_Mixed_6e.branch7x7_3.conv_0.5 | Q1: sensitivityscore_After_Mixed_6e.branch7x7_3.conv_0.6 | R1: sensitivityscore_After_Mixed_6e.branch7x7_3.conv_0.7 | S1: Mixed_6e.branch7x7dbl_1.conv | T1: sensitivityscore_After_Mixed_6e.branch7x7dbl_1.conv_0.5 | U1: sensitivityscore_After_Mixed_6e.branch7x7dbl_1.conv_0.6 | V1: sensitivityscore_After_Mixed_6e.branch7x7dbl_1.conv_0.7 | W1: Mixed_7b.branch1x1.conv | X1: sensitivityscore_After_Mixed_7b.branch1x1.conv_0.5 | Y1: sensitivityscore_After_Mixed_7b.branch1x1.conv_0.6 | Z1: sensitivityscore_After_Mixed_7b.branch1x1.conv_0.7 | AA1: Mixed_7b.branch3x3_1.conv | AB1: sensitivityscore_After_Mixed_7b.branch3x3_1.conv_0.5 | AC1: sensitivityscore_After_Mixed_7b.branch3x3_1.conv_0.6 | AD1: sensitivityscore_After_Mixed_7b.branch3x3_1.conv_0.7 | AE1: Mixed_7b.branch3x3_2a.conv | AF1: sensitivityscore_After_Mixed_7b.branch3x3_2a.conv_0.5 | AG1: sensitivityscore_After_Mixed_7b.branch3x3_2a.conv_0.6 | AH1: sensitivityscore_After_Mixed_7b.branch3x3_2a.conv_0.7 | AI1: Mixed_7b.branch3x3_2b.conv | AJ1: sensitivityscore_After_Mixed_7b.branch3x3_2b.conv_0.5 | AK1: sensitivityscore_After_Mixed_7b.branch3x3_2b.conv_0.6 | AL1: sensitivityscore_After_Mixed_7b.branch3x3_2b.conv_0.7 | AM1: Mixed_7b.branch3x3dbl_3a | AN1: Mixed_7b.branch_pool.conv | AO1: sensitivityscore_After_Mixed_7b.branch_pool.conv_0.5 | AP1: sensitivityscore_After_Mixed_7b.branch_pool.conv_0.6 | AQ1: sensitivityscore_After_Mixed_7b.branch_pool.conv_0.7
A2: Mixed_6e.branch1x1.conv | B2: 1 | C2: 0.19337575 | D2: 0.13575489 | E2: 0.010504243 | F2: 0.4910276 | G2: 0.4244081 | H2: 0.17476084 | I2: -0.35325422 | J2: -0.18193614 | K2: -0.013264018 | L2: -0.10356554 | M2: -0.11624663 | N2: 0.13465752 | O2: 0.15955405 | P2: -0.53746226 | Q2: -0.53695237 | R2: -0.40772965 | S2: 0.038384324 | T2: -0.12879912 | U2: -0.064394857 | V2: -0.16330418 | W2: 0.49842946 | X2: -0.053524096 | Y2: 0.094191467 | Z2: -0.041120894 | AA2: 0.22988249 | AB2: 0.35581564 | AC2: 0.075780452 | AD2: 0.17478009 | AE2: -0.12468747 | AF2: -0.06618328 | AG2: -0.092989455 | AH2: 0.093466197 | AI2: 0.35880389 | AJ2: -0.097795977 | AK2: -0.066993906 | AL2: -0.30632446 | AM2: 0.58967504 | AN2: -0.16497579 | AO2: 0.38537057 | AP2: 0.35961035 | AQ2: 0.46847892
A3: sensitivityscore_After_Mixed_6e.branch1x1.conv_0.5 | B3: 0.19337575 | C3: 1 | D3: 0.69103032 | E3: 0.4887466 | F3: 0.075146826 | G3: -0.20280375 | H3: 0.28521441 | I3: -0.18186387 | J3: -3.6849461e-05 | K3: -0.19285402 | L3: 0.02760075 | M3: 0.29676621 | N3: 0.37592664 | O3: 0.048601504 | P3: -0.0028801059 | Q3: -0.12436169 | R3: -0.041922978 | S3: -0.2193904 | T3: 0.092345101 | U3: -0.20352595 | V3: 0.12435229 | W3: -0.033992472 | X3: -0.42792687 | Y3: -0.28085667 | Z3: -0.25427631 | AA3: 0.15707719 | AB3: 0.0076481672 | AC3: 0.16197214 | AD3: 0.26059673 | AE3: -0.068777429 | AF3: -0.14158247 | AG3: -0.083639457 | AH3: -0.048953631 | AI3: 0.20988784 | AJ3: 0.10822143 | AK3: 0.20043218 | AL3: 0.27438706 | AM3: -0.027400412 | AN3: 0.1018321 | AO3: 0.2607495 | AP3: 0.27195588 | AQ3: 0.24267336
A4: sensitivityscore_After_Mixed_6e.branch1x1.conv_0.6 | B4: 0.13575489 | C4: 0.69103032 | D4: 1 | E4: 0.81348164 | F4: -0.037637011 | G4: -0.11337183 | H4: 0.23149725 | I4: -0.13683237 | J4: -0.13039312 | K4: -0.26182686 | L4: 0.059761563 | M4: 0.32623824 | N4: 0.3184417 | O4: 0.050566391 | P4: -0.010630964 | Q4: 0.013521787 | R4: 0.02024136 | S4: -0.35646468 | T4: 0.24691363 | U4: 0.056242591 | V4: 0.24576461 | W4: -0.12982779 | X4: -0.38373264 | Y4: -0.17825017 | Z4: -0.16121283 | AA4: 0.10025485 | AB4: 0.084621094 | AC4: 0.1762645 | AD4: 0.13044238 | AE4: -0.29468236 | AF4: -0.22872998 | AG4: -0.10320685 | AH4: -0.059555068 | AI4: 0.24543602 | AJ4: 0.059787876 | AK4: 0.13757361 | AL4: 0.1501573 | AM4: 0.10203742 | AN4: 0.15968861 | AO4: 0.15784622 | AP4: 0.18118639 | AQ4: 0.11038373
A5: sensitivityscore_After_Mixed_6e.branch1x1.conv_0.7 | B5: 0.010504243 | C5: 0.4887466 | D5: 0.81348164 | E5: 1 | F5: -0.17189735 | G5: -0.16568184 | H5: 0.0075075664 | I5: -0.078526807 | J5: -0.15397201 | K5: -0.19390577 | L5: -0.021862584 | M5: 0.19524322 | N5: 0.12622037 | O5: -0.0024193238 | P5: -0.025274984 | Q5: 0.013246898 | R5: -0.056169545 | S5: -0.26958938 | T5: 0.27285225 | U5: 0.091866955 | V5: 0.12805761 | W5: -0.0069224092 | X5: -0.34576796 | Y5: -0.10897423 | Z5: -0.11358554 | AA5: -0.052592871 | AB5: 0.071083133 | AC5: 0.065863391 | AD5: -0.083125677 | AE5: -0.36874853 | AF5: -0.11134321 | AG5: -0.17400627 | AH5: -0.042535837 | AI5: 0.26310094 | AJ5: -0.086461383 | AK5: -0.043875289 | AL5: 0.14890936 | AM5: 0.17486943 | AN5: 0.04194187 | AO5: 0.071184709 | AP5: -0.014880844 | AQ5: -0.02577648
A6: Mixed_6e.branch1x1 | B6: 0.4910276 | C6: 0.075146826 | D6: -0.037637011 | E6: -0.17189735 | F6: 1 | G6: 0.16456344 | H6: 0.075273742 | I6: -0.28539612 | J6: -0.26021552 | K6: -0.065847328 | L6: -0.0089642793 | M6: -0.11828404 | N6: 0.092031188 | O6: -0.015298486 | P6: -0.30524558 | Q6: -0.39096724 | R6: -0.47163931 | S6: 0.059799388 | T6: -0.070401056 | U6: -0.072942819 | V6: -0.1213398 | W6: 0.044288227 | X6: -0.08974023 | Y6: 0.067265287 | Z6: -0.029108768 | AA6: -0.027731228 | AB6: 0.16162999 | AC6: 0.23558786 | AD6: 0.080238729 | AE6: 0.0087038534 | AF6: 0.01560047 | AG6: -0.12718262 | AH6: 0.31080391 | AI6: -0.1475769 | AJ6: 0.01469669 | AK6: 0.22684163 | AL6: 0.043089087 | AM6: 0.28281872 | AN6: 0.022298765 | AO6: 0.13551582 | AP6: 0.11259398 | AQ6: 0.030361241
A7: Mixed_6e.branch7x7_1.conv | B7: 0.4244081 | C7: -0.20280375 | D7: -0.11337183 | E7: -0.16568184 | F7: 0.16456344 | G7: 1 | H7: 0.15058393 | I7: 0.037662795 | J7: 0.14281171 | K7: 0.45619683 | L7: -0.42716408 | M7: -0.42414888 | N7: -0.11489914 | O7: 0.50393476 | P7: -0.39141839 | Q7: -0.31487591 | R7: -0.22802603 | S7: 0.25448199 | T7: -0.17332078 | U7: -0.10642793 | V7: -0.36434412 | W7: 0.17880793 | X7: -0.193208 | Y7: 0.01102176 | Z7: -0.0099542493 | AA7: 0.11567849 | AB7: 0.23049007 | AC7: 0.020322491 | AD7: -0.14066633 | AE7: 0.061094315 | AF7: 0.012957 | AG7: -0.083387338 | AH7: -0.12206492 | AI7: -0.13667324 | AJ7: -0.28627065 | AK7: -0.34999484 | AL7: -0.38350551 | AM7: 0.22523182 | AN7: -0.036077971 | AO7: -0.056721687 | AP7: -0.081448886 | AQ7: -0.04386372
A8: sensitivityscore_After_Mixed_6e.branch7x7_1.conv_0.5 | B8: 0.17476084 | C8: 0.28521441 | D8: 0.23149725 | E8: 0.0075075664 | F8: 0.075273742 | G8: 0.15058393 | H8: 1 | I8: 0.020621382 | J8: 0.29759577 | K8: 0.12551989 | L8: -0.19344259 | M8: 0.060836121 | N8: 0.24958527 | O8: 0.1247916 | P8: -0.015567671 | Q8: 0.18165666 | R8: 0.035948137 | S8: -0.30613529 | T8: -0.10110954 | U8: -0.048762535 | V8: -0.014846787 | W8: -0.10393066 | X8: 0.012787774 | Y8: 0.18192486 | Z8: 0.23535491 | AA8: 0.13168764 | AB8: 0.10432979 | AC8: 0.26678557 | AD8: 0.17264969 | AE8: 0.043534358 | AF8: -0.25792905 | AG8: -0.074783525 | AH8: -0.18198694 | AI8: 0.12439537 | AJ8: 0.25657471 | AK8: 0.15585286 | AL8: 0.15471642 | AM8: 0.11341617 | AN8: 0.34393193 | AO8: 0.22143315 | AP8: 0.35340475 | AQ8: 0.26371727
A9: sensitivityscore_After_Mixed_6e.branch7x7_1.conv_0.6 | B9: -0.35325422 | C9: -0.18186387 | D9: -0.13683237 | E9: -0.078526807 | F9: -0.28539612 | G9: 0.037662795 | H9: 0.020621382 | I9: 1 | J9: 0.41357925 | K9: -0.06209566 | L9: -0.22532763 | M9: -0.081944171 | N9: -0.095924678 | O9: -0.22239521 | P9: 0.027117905 | Q9: 0.19548531 | R9: 0.40980249 | S9: 0.094303376 | T9: 0.14013535 | U9: -0.059409751 | V9: -0.3693888 | W9: -0.016052861 | X9: 0.11058058 | Y9: 0.17886295 | Z9: 0.045162157 | AA9: -0.19212526 | AB9: -0.05987056 | AC9: -0.13688504 | AD9: -0.15431771 | AE9: 0.072824316 | AF9: 0.38826946 | AG9: 0.33348266 | AH9: -0.026707045 | AI9: -0.27187449 | AJ9: 0.19212178 | AK9: 0.11166094 | AL9: 0.043892812 | AM9: 0.0078172205 | AN9: -0.18030545 | AO9: -0.10322383 | AP9: -0.10992472 | AQ9: -0.18328669
A10: sensitivityscore_After_Mixed_6e.branch7x7_1.conv_0.7 | B10: -0.18193614 | C10: -3.6849461e-05 | D10: -0.13039312 | E10: -0.15397201 | F10: -0.26021552 | G10: 0.14281171 | H10: 0.29759577 | I10: 0.41357925 | J10: 1 | K10: 0.058419096 | L10: -0.17236749 | M10: -0.052347256 | N10: 0.0059905808 | O10: 0.1703915 | P10: 0.018691596 | Q10: 0.03055191 | R10: 0.14791323 | S10: 0.14484479 | T10: -0.32374424 | U10: -0.22707957 | V10: -0.20703172 | W10: 0.056001344 | X10: 0.22089803 | Y10: 0.20793448 | Z10: 0.18784892 | AA10: 0.011215306 | AB10: -0.0086049002 | AC10: 0.05289062 | AD10: 0.080082883 | AE10: -0.094871147 | AF10: 0.15492045 | AG10: 0.13013495 | AH10: -0.015027405 | AI10: -0.17701249 | AJ10: -0.018919654 | AK10: -0.070256769 | AL10: -0.010344376 | AM10: 0.037472554 | AN10: -0.21647322 | AO10: -0.14429185 | AP10: -0.025403835 | AQ10: -0.12506103
A11: Mixed_6e.branch7x7_2.conv | B11: -0.013264018 | C11: -0.19285402 | D11: -0.26182686 | E11: -0.19390577 | F11: -0.065847328 | G11: 0.45619683 | H11: 0.12551989 | I11: -0.06209566 | J11: 0.058419096 | K11: 1 | L11: -0.26512165 | M11: -0.22249885 | N11: -0.21047681 | O11: 0.57514247 | P11: 0.11836678 | Q11: 0.07431063 | R11: -0.16185617 | S11: 0.12865746 | T11: -0.039517895 | U11: -0.11955622 | V11: -0.18885506 | W11: 0.04372883 | X11: -0.0029944261 | Y11: 0.064269594 | Z11: 0.097419767 | AA11: -0.054627244 | AB11: 0.025249743 | AC11: 0.024482237 | AD11: -0.027265876 | AE11: -0.083471559 | AF11: -0.03147994 | AG11: -0.092789808 | AH11: -0.18339771 | AI11: -0.30953125 | AJ11: 0.085884115 | AK11: -0.076996949 | AL11: 0.068548105 | AM11: -0.036640914 | AN11: 0.075608178 | AO11: -0.2813805 | AP11: -0.16826463 | AQ11: -0.14838661
A12: sensitivityscore_After_Mixed_6e.branch7x7_2.conv_0.5 | B12: -0.10356554 | C12: 0.02760075 | D12: 0.059761563 | E12: -0.021862584 | F12: -0.0089642793 | G12: -0.42716408 | H12: -0.19344259 | I12: -0.22532763 | J12: -0.17236749 | K12: -0.26512165 | L12: 1 | M12: 0.65326299 | N12: 0.15676914 | O12: -0.18375411 | P12: 0.2844097 | Q12: 0.19078317 | R12: 0.19174928 | S12: -0.066225986 | T12: 0.10953096 | U12: 0.39509973 | V12: 0.36325657 | W12: -0.23218107 | X12: 0.18736407 | Y12: 0.035011976 | Z12: 0.14023257 | AA12: 0.048086534 | AB12: -0.18676915 | AC12: -0.031748218 | AD12: 0.052879866 | AE12: 0.068433108 | AF12: 0.022881834 | AG12: 0.019115835 | AH12: 0.080194036 | AI12: -0.15061524 | AJ12: 0.23342499 | AK12: 0.43838017 | AL12: 0.37002433 | AM12: -0.12446977 | AN12: 0.31625357 | AO12: -0.057348332 | AP12: 0.047626574 | AQ12: -0.070099612
A13: sensitivityscore_After_Mixed_6e.branch7x7_2.conv_0.6 | B13: -0.11624663 | C13: 0.29676621 | D13: 0.32623824 | E13: 0.19524322 | F13: -0.11828404 | G13: -0.42414888 | H13: 0.060836121 | I13: -0.081944171 | J13: -0.052347256 | K13: -0.22249885 | L13: 0.65326299 | M13: 1 | N13: 0.34780949 | O13: -0.24230485 | P13: 0.44374327 | Q13: 0.21906874 | R13: 0.072427305 | S13: -0.26056686 | T13: 0.20357927 | U13: 0.25311939 | V13: 0.36818737 | W13: -0.22723571 | X13: -0.093219028 | Y13: -0.22819935 | Z13: -0.17175574 | AA13: -0.091009087 | AB13: -0.3702224 | AC13: -0.14140272 | AD13: -0.072251411 | AE13: 0.094476068 | AF13: -0.11767572 | AG13: -0.17177572 | AH13: -0.17702761 | AI13: -0.12652422 | AJ13: 0.1092839 | AK13: 0.31851558 | AL13: 0.35565401 | AM13: -0.043451979 | AN13: 0.22181045 | AO13: 0.031997657 | AP13: 0.10386042 | AQ13: -0.0081514365
... A43: sensitivityscore_After_Mixed_7b.branch_pool.conv_0.7 | B43: 0.46847892 | C43: 0.24267336 | D43: 0.11038373 | E43: -0.02577648 | F43: 0.030361241 | G43: -0.04386372 | H43: 0.26371727 | I43: -0.18328669 | J43: -0.12506103 | K43: -0.14838661 | L43: -0.070099612 | M43: -0.0081514365 | N43: 0.19787671 | O43: -0.021630222 | P43: -0.066636842 | Q43: -0.41052308 | R43: 0.051865558 | S43: -0.080139915 | T43: -0.079703257 | U43: -0.036358958 | V43: -0.069765944 | W43: 0.21558182 | X43: -0.025403949 | Y43: 0.026141346 | Z43: -0.16127702 | AA43: 0.32839892 | AB43: 0.33282051 | AC43: 0.14687615 | AD43: 0.39920088 | AE43: 0.073213524 | AF43: -0.15474896 | AG43: -0.10962771 | AH43: -0.034735468 | AI43: 0.35386743 | AJ43: 0.21141119 | AK43: 0.091781865 | AL43: -0.0059007355 | AM43: 0.2220455 | AN43: -0.10826221 | AO43: 0.78244236 | AP43: 0.79596358 | AQ43: 1

Sheet Class_8
B1: Mixed_6e.branch1x1.conv | C1: sensitivityscore_After_Mixed_6e.branch1x1.conv_0.5 | D1: sensitivityscore_After_Mixed_6e.branch1x1.conv_0.6 | E1: sensitivityscore_After_Mixed_6e.branch1x1.conv_0.7 | F1: Mixed_6e.branch1x1 | G1: Mixed_6e.branch7x7_1.conv | H1: sensitivityscore_After_Mixed_6e.branch7x7_1.conv_0.5 | I1: sensitivityscore_After_Mixed_6e.branch7x7_1.conv_0.6 | J1: sensitivityscore_After_Mixed_6e.branch7x7_1.conv_0.7 | K1: Mixed_6e.branch7x7_2.conv | L1: sensitivityscore_After_Mixed_6e.branch7x7_2.conv_0.5 | M1: sensitivityscore_After_Mixed_6e.branch7x7_2.conv_0.6 | N1: sensitivityscore_After_Mixed_6e.branch7x7_2.conv_0.7 | O1: Mixed_6e.branch7x7_3.conv | P1: sensitivityscore_After_Mixed_6e.branch7x7_3.conv_0.5 | Q1: sensitivityscore_After_Mixed_6e.branch7x7_3.conv_0.6 | R1: sensitivityscore_After_Mixed_6e.branch7x7_3.conv_0.7 | S1: Mixed_6e.branch7x7dbl_1.conv | T1: sensitivityscore_After_Mixed_6e.branch7x7dbl_1.conv_0.5 | U1: sensitivityscore_After_Mixed_6e.branch7x7dbl_1.conv_0.6 | V1: sensitivityscore_After_Mixed_6e.branch7x7dbl_1.conv_0.7 | W1: Mixed_7b.branch1x1.conv | X1: sensitivityscore_After_Mixed_7b.branch1x1.conv_0.5 | Y1: sensitivityscore_After_Mixed_7b.branch1x1.conv_0.6 | Z1: sensitivityscore_After_Mixed_7b.branch1x1.conv_0.7 | AA1: Mixed_7b.branch3x3_1.conv | AB1: sensitivityscore_After_Mixed_7b.branch3x3_1.conv_0.5 | AC1: sensitivityscore_After_Mixed_7b.branch3x3_1.conv_0.6 | AD1: sensitivityscore_After_Mixed_7b.branch3x3_1.conv_0.7 | AE1: Mixed_7b.branch3x3_2a.conv | AF1: sensitivityscore_After_Mixed_7b.branch3x3_2a.conv_0.5 | AG1: sensitivityscore_After_Mixed_7b.branch3x3_2a.conv_0.6 | AH1: sensitivityscore_After_Mixed_7b.branch3x3_2a.conv_0.7 | AI1: Mixed_7b.branch3x3_2b.conv | AJ1: sensitivityscore_After_Mixed_7b.branch3x3_2b.conv_0.5 | AK1: sensitivityscore_After_Mixed_7b.branch3x3_2b.conv_0.6 | AL1: sensitivityscore_After_Mixed_7b.branch3x3_2b.conv_0.7 | AM1: Mixed_7b.branch3x3dbl_3a | AN1: Mixed_7b.branch_pool.conv | AO1: sensitivityscore_After_Mixed_7b.branch_pool.conv_0.5 | AP1: sensitivityscore_After_Mixed_7b.branch_pool.conv_0.6 | AQ1: sensitivityscore_After_Mixed_7b.branch_pool.conv_0.7
A2: Mixed_6e.branch1x1.conv | B2: 1 | C2: 0.11909227 | D2: 0.03089167 | E2: 0.15022709 | F2: 0.18970373 | G2: -0.0026944156 | H2: -0.14585902 | I2: -0.34894389 | J2: 0.12647651 | K2: 0.15426954 | L2: -0.139772 | M2: -0.22291654 | N2: -0.25024164 | O2: -0.073942927 | P2: -0.34354453 | Q2: -0.039117585 | R2: -0.16935803 | S2: -0.077906765 | T2: -0.026273883 | U2: -0.1050459 | V2: 0.10147917 | W2: -0.013793408 | X2: 0.13560441 | Y2: 0.12818308 | Z2: 0.034655972 | AA2: 0.17102693 | AB2: -0.1730825 | AC2: -0.009701975 | AD2: -0.018738131 | AE2: 0.25245928 | AF2: 0.42684823 | AG2: 0.28014951 | AH2: 0.27818138 | AI2: 0.20214631 | AJ2: -0.10849197 | AK2: 0.15801379 | AL2: 0.22727717 | AM2: 0.059419168 | AN2: 0.077860302 | AO2: -0.031123492 | AP2: 0.036022717 | AQ2: -0.051629765
A3: sensitivityscore_After_Mixed_6e.branch1x1.conv_0.5 | B3: 0.11909227 | C3: 1 | D3: 0.70151645 | E3: 0.51891338 | F3: -0.1574226 | G3: 0.012092117 | H3: 0.2871834 | I3: -0.1795337 | J3: -0.02106361 | K3: -0.092088839 | L3: 0.17976346 | M3: 0.17925778 | N3: -0.067472225 | O3: -0.068312768 | P3: -0.063690582 | Q3: -0.088927564 | R3: 0.175746 | S3: 0.13569732 | T3: 0.00057062355 | U3: -0.048529716 | V3: 0.17404329 | W3: -0.16000889 | X3: -0.045074919 | Y3: -0.065075766 | Z3: 0.030364497 | AA3: 0.047775394 | AB3: 0.11902805 | AC3: -0.10329245 | AD3: 0.020976467 | AE3: -0.056588404 | AF3: 0.093247042 | AG3: 0.13437253 | AH3: 0.15571761 | AI3: -0.037035448 | AJ3: 0.036004358 | AK3: 0.12374897 | AL3: 0.048864663 | AM3: -0.30755359 | AN3: -0.036504567 | AO3: -0.04887774 | AP3: -0.01019912 | AQ3: -0.083165977
A4: sensitivityscore_After_Mixed_6e.branch1x1.conv_0.6 | B4: 0.03089167 | C4: 0.70151645 | D4: 1 | E4: 0.65863728 | F4: -0.03261707 | G4: -0.14591164 | H4: 0.36448014 | I4: 0.029401365 | J4: -0.073469056 | K4: -0.1852045 | L4: 0.27392912 | M4: 0.17893887 | N4: 0.070773232 | O4: -0.16030886 | P4: -0.14600341 | Q4: -0.1236098 | R4: 0.25786311 | S4: 0.066808365 | T4: -0.14833071 | U4: -0.23660223 | V4: -0.097120383 | W4: -0.15126533 | X4: 0.025235472 | Y4: -0.057869123 | Z4: -0.1274467 | AA4: 0.080971967 | AB4: 0.011019356 | AC4: -0.19767212 | AD4: 0.0060423732 | AE4: 0.07842289 | AF4: -0.16079285 | AG4: 0.10544371 | AH4: -0.023163195 | AI4: -0.21883467 | AJ4: -0.12086056 | AK4: 0.078666194 | AL4: -0.10370564 | AM4: -0.16959377 | AN4: -0.028266108 | AO4: -0.10253209 | AP4: -0.083416878 | AQ4: -0.16789829
A5: sensitivityscore_After_Mixed_6e.branch1x1.conv_0.7 | B5: 0.15022709 | C5: 0.51891338 | D5: 0.65863728 | E5: 1 | F5: -0.23995411 | G5: -0.17758493 | H5: 0.15424304 | I5: -0.088061068 | J5: 0.032223607 | K5: -0.10918724 | L5: 0.21881641 | M5: 0.022507439 | N5: -0.093967421 | O5: -0.038272055 | P5: -0.24812366 | Q5: -0.092244119 | R5: 0.035212082 | S5: 0.048667659 | T5: -0.043784252 | U5: -0.046520451 | V5: -0.23640458 | W5: -0.32110723 | X5: -0.019781201 | Y5: -0.0099401856 | Z5: 0.018363485 | AA5: 0.25820187 | AB5: 0.0017513783 | AC5: -0.21906261 | AD5: -0.084790631 | AE5: 0.022391751 | AF5: -0.066865216 | AG5: 0.18262922 | AH5: 0.19980763 | AI5: -0.084735153 | AJ5: -0.0047009424 | AK5: 0.1696385 | AL5: 0.17469491 | AM5: -0.071116873 | AN5: -0.12169928 | AO5: 0.009849233 | AP5: 0.0045683188 | AQ5: -0.064988998
A6: Mixed_6e.branch1x1 | B6: 0.18970373 | C6: -0.1574226 | D6: -0.03261707 | E6: -0.23995411 | F6: 1 | G6: 0.042247823 | H6: 0.039125628 | I6: 0.1655517 | J6: 0.086180116 | K6: 0.14070439 | L6: -0.051913023 | M6: -0.0090837418 | N6: 0.10712411 | O6: 0.14963718 | P6: 0.085943965 | Q6: 0.17128113 | R6: -0.085561071 | S6: 0.077535368 | T6: 0.06081516 | U6: 0.018266821 | V6: 0.20567042 | W6: 0.035907005 | X6: -0.23263432 | Y6: -0.16164493 | Z6: -0.36830114 | AA6: 0.04961748 | AB6: -0.31649454 | AC6: 0.012484386 | AD6: 0.071732279 | AE6: 0.35025918 | AF6: 0.051782696 | AG6: 0.090817988 | AH6: 0.017087395 | AI6: 0.067018149 | AJ6: -0.1907565 | AK6: -0.093935231 | AL6: -0.037980297 | AM6: -0.026497471 | AN6: 0.12225062 | AO6: -0.01622362 | AP6: 0.033210526 | AQ6: 0.037363478
A7: Mixed_6e.branch7x7_1.conv | B7: -0.0026944156 | C7: 0.012092117 | D7: -0.14591164 | E7: -0.17758493 | F7: 0.042247823 | G7: 1 | H7: 0.32092469 | I7: -0.11927231 | J7: -0.021837148 | K7: 0.5134288 | L7: -0.038304708 | M7: 0.013428437 | N7: -0.017650491 | O7: 0.40287266 | P7: 0.032794674 | Q7: 0.16113974 | R7: 0.044754399 | S7: 0.068212007 | T7: 0.12144712 | U7: 0.13544776 | V7: 0.052654865 | W7: -0.036520434 | X7: -0.035056536 | Y7: -0.07453585 | Z7: -0.076246623 | AA7: -0.28910941 | AB7: 0.09949528 | AC7: 0.25028467 | AD7: -0.016543227 | AE7: -0.22094278 | AF7: 0.13312015 | AG7: -0.073639931 | AH7: 0.079440174 | AI7: -0.021494138 | AJ7: 0.045513273 | AK7: 0.045303412 | AL7: 0.25690333 | AM7: -0.30769172 | AN7: 0.055410429 | AO7: 0.073013706 | AP7: 0.10260887 | AQ7: 0.011288055
A8: sensitivityscore_After_Mixed_6e.branch7x7_1.conv_0.5 | B8: -0.14585902 | C8: 0.2871834 | D8: 0.36448014 | E8: 0.15424304 | F8: 0.039125628 | G8: 0.32092469 | H8: 1 | I8: 0.13385925 | J8: 0.15965187 | K8: -0.035794581 | L8: 0.023731935 | M8: 0.066626809 | N8: 0.077862666 | O8: -0.018146135 | P8: -0.17124356 | Q8: -0.015216898 | R8: 0.079157332 | S8: 0.11042517 | T8: -0.0077738154 | U8: -0.080975932 | V8: -0.11468803 | W8: -0.19257443 | X8: -0.1006393 | Y8: -0.23883054 | Z8: -0.13890738 | AA8: -0.20845375 | AB8: 0.083776886 | AC8: 0.23454661 | AD8: 0.16313152 | AE8: -0.10832737 | AF8: -0.23961788 | AG8: -0.099800892 | AH8: -0.12628431 | AI8: -0.22135448 | AJ8: 0.21156532 | AK8: 0.152385 | AL8: 0.071162733 | AM8: -0.10258607 | AN8: 0.23360648 | AO8: 0.30761241 | AP8: 0.15812532 | AQ8: 0.10277883
A9: sensitivityscore_After_Mixed_6e.branch7x7_1.conv_0.6 | B9: -0.34894389 | C9: -0.1795337 | D9: 0.029401365 | E9: -0.088061068 | F9: 0.1655517 | G9: -0.11927231 | H9: 0.13385925 | I9: 1 | J9: 0.36019584 | K9: -0.19056906 | L9: -0.14832783 | M9: -0.062500157 | N9: 0.25559735 | O9: -0.10061832 | P9: 0.18428465 | Q9: -0.045472892 | R9: 0.083896982 | S9: -0.12047221 | T9: -0.073333117 | U9: 0.15267453 | V9: 0.14952126 | W9: -0.091325486 | X9: -0.31228429 | Y9: -0.23111054 | Z9: -0.26824743 | AA9: 0.047348632 | AB9: -0.18033107 | AC9: -0.069565338 | AD9: -0.079987817 | AE9: 0.2165622 | AF9: -0.30577155 | AG9: -0.053746224 | AH9: -0.13137493 | AI9: -0.17951665 | AJ9: 0.019339728 | AK9: 0.12749878 | AL9: -0.11376904 | AM9: 0.19029208 | AN9: 0.03207921 | AO9: 0.045375604 | AP9: -0.036098507 | AQ9: 0.1367877
A10: sensitivityscore_After_Mixed_6e.branch7x7_1.conv_0.7 | B10: 0.12647651 | C10: -0.02106361 | D10: -0.073469056 | E10: 0.032223607 | F10: 0.086180116 | G10: -0.021837148 | H10: 0.15965187 | I10: 0.36019584 | J10: 1 | K10: -0.035300301 | L10: -0.014511811 | M10: 0.19402575 | N10: 0.16974135 | O10: -0.088296271 | P10: -0.0034620006 | Q10: -0.18573548 | R10: -0.15487024 | S10: -0.066563578 | T10: -0.16249068 | U10: 0.0012015794 | V10: 0.033562273 | W10: 0.080203767 | X10: -0.093863021 | Y10: -0.21414924 | Z10: -0.20392238 | AA10: -0.11323859 | AB10: -0.20835676 | AC10: -0.14608501 | AD10: 0.092820276 | AE10: 0.017761512 | AF10: -0.0066461678 | AG10: 0.24760319 | AH10: 0.14547774 | AI10: 0.066130739 | AJ10: 0.19479115 | AK10: 0.077077591 | AL10: 0.20008449 | AM10: 0.21875493 | AN10: 0.32082892 | AO10: 0.36780097 | AP10: 0.26577671 | AQ10: 0.50080566
A11: Mixed_6e.branch7x7_2.conv | B11: 0.15426954 | C11: -0.092088839 | D11: -0.1852045 | E11: -0.10918724 | F11: 0.14070439 | G11: 0.5134288 | H11: -0.035794581 | I11: -0.19056906 | J11: -0.035300301 | K11: 1 | L11: -0.071976947 | M11: 0.07237914 | N11: -0.20019099 | O11: 0.84506324 | P11: -0.072463226 | Q11: -0.056223151 | R11: -0.13798365 | S11: -0.031679616 | T11: -0.02455826 | U11: -0.014539176 | V11: -0.02545649 | W11: 0.020245484 | X11: 0.10366561 | Y11: -0.12533956 | Z11: -0.084151797 | AA11: -0.19647632 | AB11: -0.12577324 | AC11: 0.19464551 | AD11: -0.052784795 | AE11: 0.013190811 | AF11: 0.17323851 | AG11: -0.032218279 | AH11: 0.075975835 | AI11: 0.12525863 | AJ11: -0.034921602 | AK11: -0.071663403 | AL11: 0.19646829 | AM11: -0.29558554 | AN11: -0.10600994 | AO11: -0.012720607 | AP11: 0.046018387 | AQ11: -0.10452228
A12: sensitivityscore_After_Mixed_6e.branch7x7_2.conv_0.5 | B12: -0.139772 | C12: 0.17976346 | D12: 0.27392912 | E12: 0.21881641 | F12: -0.051913023 | G12: -0.038304708 | H12: 0.023731935 | I12: -0.14832783 | J12: -0.014511811 | K12: -0.071976947 | L12: 1 | M12: 0.39868063 | N12: 0.28761299 | O12: -0.1591506 | P12: -0.052828578 | Q12: 0.026539326 | R12: 0.11950856 | S12: 0.077667721 | T12: -0.25942929 | U12: -0.28073141 | V12: -0.25157445 | W12: 0.13571632 | X12: 0.17878892 | Y12: 0.10320376 | Z12: 0.073490369 | AA12: -0.17500571 | AB12: 0.059343178 | AC12: -0.03118116 | AD12: 0.14848303 | AE12: 0.30141304 | AF12: -0.049602954 | AG12: 0.032156199 | AH12: 0.037439886 | AI12: -0.18145443 | AJ12: -0.07037923 | AK12: -0.036281753 | AL12: -0.19466509 | AM12: -0.18460047 | AN12: 0.084615944 | AO12: -0.085858111 | AP12: -0.034197145 | AQ12: 0.049366009
A13: sensitivityscore_After_Mixed_6e.branch7x7_2.conv_0.6 | B13: -0.22291654 | C13: 0.17925778 | D13: 0.17893887 | E13: 0.022507439 | F13: -0.0090837418 | G13: 0.013428437 | H13: 0.066626809 | I13: -0.062500157 | J13: 0.19402575 | K13: 0.07237914 | L13: 0.39868063 | M13: 1 | N13: 0.38769579 | O13: 0.13024737 | P13: 0.18757312 | Q13: 0.022533377 | R13: 0.29091076 | S13: 0.29098664 | T13: -0.06209219 | U13: -0.079705919 | V13: -0.19862837 | W13: 0.2879802 | X13: -0.059508579 | Y13: -0.29655225 | Z13: -0.17794322 | AA13: -0.18695948 | AB13: 0.049672286 | AC13: -0.035192766 | AD13: 0.27302636 | AE13: -0.17676206 | AF13: -0.20362058 | AG13: -0.024558108 | AH13: -0.25779266 | AI13: -0.08562794 | AJ13: -0.22899465 | AK13: -0.2877484 | AL13: -0.25873658 | AM13: -0.263109 | AN13: -0.17677855 | AO13: 0.026868908 | AP13: 0.063831778 | AQ13: 0.18628901
... A43: sensitivityscore_After_Mixed_7b.branch_pool.conv_0.7 | B43: -0.051629765 | C43: -0.083165977 | D43: -0.16789829 | E43: -0.064988998 | F43: 0.037363478 | G43: 0.011288055 | H43: 0.10277883 | I43: 0.1367877 | J43: 0.50080566 | K43: -0.10452228 | L43: 0.049366009 | M43: 0.18628901 | N43: 0.12592983 | O43: -0.16121597 | P43: 0.26580872 | Q43: -0.01126028 | R43: -0.079525003 | S43: -0.073493229 | T43: -0.0016633661 | U43: 0.28110985 | V43: 0.13472604 | W43: 0.30565265 | X43: -0.21245767 | Y43: -0.15866834 | Z43: -0.036036398 | AA43: -0.042677309 | AB43: -0.065557 | AC43: -0.030852409 | AD43: 0.21517384 | AE43: 0.054876036 | AF43: -0.30621629 | AG43: -0.10295616 | AH43: -0.15777122 | AI43: -0.080737612 | AJ43: 0.21098487 | AK43: 0.32242789 | AL43: 0.26738795 | AM43: 0.094544086 | AN43: 0.18852213 | AO43: 0.86296013 | AP43: 0.82919484 | AQ43: 1

Sheet Class_9
B1: Mixed_6e.branch1x1.conv | C1: sensitivityscore_After_Mixed_6e.branch1x1.conv_0.5 | D1: sensitivityscore_After_Mixed_6e.branch1x1.conv_0.6 | E1: sensitivityscore_After_Mixed_6e.branch1x1.conv_0.7 | F1: Mixed_6e.branch1x1 | G1: Mixed_6e.branch7x7_1.conv | H1: sensitivityscore_After_Mixed_6e.branch7x7_1.conv_0.5 | I1: sensitivityscore_After_Mixed_6e.branch7x7_1.conv_0.6 | J1: sensitivityscore_After_Mixed_6e.branch7x7_1.conv_0.7 | K1: Mixed_6e.branch7x7_2.conv | L1: sensitivityscore_After_Mixed_6e.branch7x7_2.conv_0.5 | M1: sensitivityscore_After_Mixed_6e.branch7x7_2.conv_0.6 | N1: sensitivityscore_After_Mixed_6e.branch7x7_2.conv_0.7 | O1: Mixed_6e.branch7x7_3.conv | P1: sensitivityscore_After_Mixed_6e.branch7x7_3.conv_0.5 | Q1: sensitivityscore_After_Mixed_6e.branch7x7_3.conv_0.6 | R1: sensitivityscore_After_Mixed_6e.branch7x7_3.conv_0.7 | S1: Mixed_6e.branch7x7dbl_1.conv | T1: sensitivityscore_After_Mixed_6e.branch7x7dbl_1.conv_0.5 | U1: sensitivityscore_After_Mixed_6e.branch7x7dbl_1.conv_0.6 | V1: sensitivityscore_After_Mixed_6e.branch7x7dbl_1.conv_0.7 | W1: Mixed_7b.branch1x1.conv | X1: sensitivityscore_After_Mixed_7b.branch1x1.conv_0.5 | Y1: sensitivityscore_After_Mixed_7b.branch1x1.conv_0.6 | Z1: sensitivityscore_After_Mixed_7b.branch1x1.conv_0.7 | AA1: Mixed_7b.branch3x3_1.conv | AB1: sensitivityscore_After_Mixed_7b.branch3x3_1.conv_0.5 | AC1: sensitivityscore_After_Mixed_7b.branch3x3_1.conv_0.6 | AD1: sensitivityscore_After_Mixed_7b.branch3x3_1.conv_0.7 | AE1: Mixed_7b.branch3x3_2a.conv | AF1: sensitivityscore_After_Mixed_7b.branch3x3_2a.conv_0.5 | AG1: sensitivityscore_After_Mixed_7b.branch3x3_2a.conv_0.6 | AH1: sensitivityscore_After_Mixed_7b.branch3x3_2a.conv_0.7 | AI1: Mixed_7b.branch3x3_2b.conv | AJ1: sensitivityscore_After_Mixed_7b.branch3x3_2b.conv_0.5 | AK1: sensitivityscore_After_Mixed_7b.branch3x3_2b.conv_0.6 | AL1: sensitivityscore_After_Mixed_7b.branch3x3_2b.conv_0.7 | AM1: Mixed_7b.branch3x3dbl_3a | AN1: Mixed_7b.branch_pool.conv | AO1: sensitivityscore_After_Mixed_7b.branch_pool.conv_0.5 | AP1: sensitivityscore_After_Mixed_7b.branch_pool.conv_0.6 | AQ1: sensitivityscore_After_Mixed_7b.branch_pool.conv_0.7
A2: Mixed_6e.branch1x1.conv | B2: 1 | C2: -0.21803921 | D2: -0.10203742 | E2: -0.17151537 | F2: 0.38373663 | G2: -0.098716857 | H2: -0.017948194 | I2: -0.12450145 | J2: -0.054698253 | K2: 0.021645365 | L2: -0.12410038 | M2: -0.1245777 | N2: 0.25516001 | O2: 0.05446992 | P2: -0.12205064 | Q2: -0.014423952 | R2: 0.018505011 | S2: 0.27055496 | T2: 0.1147452 | U2: 0.23563795 | V2: -0.053060714 | W2: 0.072626662 | X2: -0.057851051 | Y2: 0.058974212 | Z2: 0.012585128 | AA2: -0.015811858 | AB2: -0.014019635 | AC2: 0.06005662 | AD2: -0.056338935 | AE2: 0.11261569 | AF2: 0.070563081 | AG2: 0.31539926 | AH2: 0.21719373 | AI2: 0.087198253 | AJ2: -0.050059504 | AK2: -0.21028835 | AL2: -0.1445848 | AM2: -0.059600273 | AN2: 0.26906572 | AO2: 0.16839192 | AP2: 0.13901347 | AQ2: 0.16846475
A3: sensitivityscore_After_Mixed_6e.branch1x1.conv_0.5 | B3: -0.21803921 | C3: 1 | D3: 0.70722559 | E3: 0.66029396 | F3: -0.19604182 | G3: 0.11059117 | H3: 0.16995344 | I3: 0.048933123 | J3: -0.0043583823 | K3: 0.092712129 | L3: 0.01208199 | M3: 0.047202899 | N3: -0.17490426 | O3: 0.19150518 | P3: 0.036564043 | Q3: 0.096900602 | R3: -0.12122893 | S3: 0.023083101 | T3: -0.020695723 | U3: -0.033048716 | V3: 0.021858751 | W3: -0.08426558 | X3: 0.18940565 | Y3: 0.1442195 | Z3: 0.23486362 | AA3: -0.030177827 | AB3: -0.13674469 | AC3: -0.26830122 | AD3: -0.17704837 | AE3: -0.11478348 | AF3: -0.14552537 | AG3: -0.043986439 | AH3: 0.067035991 | AI3: -0.040709618 | AJ3: 0.029643866 | AK3: 0.16707712 | AL3: 0.18898885 | AM3: -0.22100795 | AN3: 0.18816756 | AO3: -0.26649036 | AP3: -0.28429699 | AQ3: -0.12255907
A4: sensitivityscore_After_Mixed_6e.branch1x1.conv_0.6 | B4: -0.10203742 | C4: 0.70722559 | D4: 1 | E4: 0.63308142 | F4: -0.021106525 | G4: 0.05473294 | H4: 0.08926061 | I4: -0.031112344 | J4: -0.13239006 | K4: 0.14423195 | L4: -0.10836303 | M4: -0.066071387 | N4: -0.024757757 | O4: 0.23151397 | P4: -0.00062464015 | Q4: 0.066884847 | R4: -0.25323506 | S4: 0.067675749 | T4: 0.089624018 | U4: -0.091055042 | V4: -0.049393955 | W4: -0.037499748 | X4: 0.31967141 | Y4: 0.31730075 | Z4: 0.2341832 | AA4: -0.025136129 | AB4: 0.025180152 | AC4: -0.15164822 | AD4: 0.0044630402 | AE4: -0.13021336 | AF4: -0.12580163 | AG4: -0.011699398 | AH4: 0.011693004 | AI4: -0.15654145 | AJ4: 0.27927964 | AK4: 0.25358242 | AL4: 0.38583322 | AM4: -0.19479608 | AN4: 0.07080412 | AO4: -0.13692027 | AP4: -0.15664552 | AQ4: 0.059876754
A5: sensitivityscore_After_Mixed_6e.branch1x1.conv_0.7 | B5: -0.17151537 | C5: 0.66029396 | D5: 0.63308142 | E5: 1 | F5: 0.030351728 | G5: 0.19669403 | H5: 0.10030475 | I5: 0.061811351 | J5: 0.027099393 | K5: 0.2696424 | L5: -0.0316016 | M5: -0.10491268 | N5: -0.20472249 | O5: 0.26592855 | P5: 0.11170996 | Q5: 0.18714121 | R5: -0.03598165 | S5: 0.33957833 | T5: 0.13858017 | U5: 0.079869335 | V5: -0.0013598301 | W5: 0.088777274 | X5: 0.12655572 | Y5: -0.052494864 | Z5: -0.085141935 | AA5: -0.020141855 | AB5: 0.082321667 | AC5: 0.0090696349 | AD5: 0.13711919 | AE5: -0.028078564 | AF5: -0.024315095 | AG5: -0.063331793 | AH5: 0.076834595 | AI5: -0.12430472 | AJ5: -0.026213595 | AK5: 0.013526995 | AL5: 0.095228943 | AM5: -0.15509302 | AN5: 0.028522177 | AO5: -0.22307431 | AP5: -0.27136214 | AQ5: -0.06571216
A6: Mixed_6e.branch1x1 | B6: 0.38373663 | C6: -0.19604182 | D6: -0.021106525 | E6: 0.030351728 | F6: 1 | G6: -0.019222705 | H6: -0.080356629 | I6: -0.31295363 | J6: -0.054365182 | K6: 0.040503977 | L6: -0.069810554 | M6: -0.082173139 | N6: 0.032062351 | O6: -0.0031633973 | P6: -0.044543885 | Q6: 0.038776891 | R6: -0.055036114 | S6: 0.29251091 | T6: -0.023076371 | U6: 0.15877921 | V6: 0.01750707 | W6: -0.0040339322 | X6: -0.09251932 | Y6: 0.0966114 | Z6: 0.014199852 | AA6: -0.046839518 | AB6: 0.14094107 | AC6: 0.26477631 | AD6: 0.03360163 | AE6: -0.19124996 | AF6: -0.14976637 | AG6: 0.089340794 | AH6: 0.048580761 | AI6: -0.13427447 | AJ6: -0.055708686 | AK6: -0.00092446112 | AL6: 0.031000357 | AM6: -0.10270589 | AN6: 0.15786895 | AO6: 0.099633774 | AP6: 0.077428977 | AQ6: 0.090351506
A7: Mixed_6e.branch7x7_1.conv | B7: -0.098716857 | C7: 0.11059117 | D7: 0.05473294 | E7: 0.19669403 | F7: -0.019222705 | G7: 1 | H7: 0.19367962 | I7: 0.26378088 | J7: 0.054447086 | K7: 0.65702956 | L7: 0.072310444 | M7: -0.096134074 | N7: -0.21404963 | O7: 0.49251561 | P7: 0.1567003 | Q7: 0.27224791 | R7: 0.32023946 | S7: -0.13317444 | T7: 0.19364047 | U7: -0.086435621 | V7: -0.3173224 | W7: 0.033149934 | X7: -0.20360003 | Y7: -0.13670871 | Z7: -0.0049878644 | AA7: 0.28695669 | AB7: 0.15616615 | AC7: 0.059215227 | AD7: 0.087604902 | AE7: 0.14409902 | AF7: 0.072416974 | AG7: -0.12098118 | AH7: 0.25104889 | AI7: 0.3053435 | AJ7: -0.071355802 | AK7: 0.094834742 | AL7: -0.11591177 | AM7: 0.16096174 | AN7: -0.020142276 | AO7: 0.15201713 | AP7: 0.13136141 | AQ7: 0.16900918
A8: sensitivityscore_After_Mixed_6e.branch7x7_1.conv_0.5 | B8: -0.017948194 | C8: 0.16995344 | D8: 0.08926061 | E8: 0.10030475 | F8: -0.080356629 | G8: 0.19367962 | H8: 1 | I8: 0.48326231 | J8: 0.3888674 | K8: 0.035902983 | L8: 0.1985604 | M8: 0.076925672 | N8: -0.001423239 | O8: -0.056980672 | P8: 0.15768679 | Q8: 0.020761174 | R8: -0.015633737 | S8: 0.094452973 | T8: -0.14545573 | U8: 0.14114183 | V8: 0.069290567 | W8: -0.14729003 | X8: 0.32936291 | Y8: 0.19241158 | Z8: 0.21859044 | AA8: -0.050361914 | AB8: -0.23905764 | AC8: -0.2360495 | AD8: -0.24075328 | AE8: -0.19347793 | AF8: -0.18725788 | AG8: -0.20133651 | AH8: -0.10047264 | AI8: 0.0079628628 | AJ8: -0.12606549 | AK8: -0.15386482 | AL8: -0.24958548 | AM8: 0.060676402 | AN8: -0.27356862 | AO8: -0.025229605 | AP8: 0.020468619 | AQ8: 0.14987395
A9: sensitivityscore_After_Mixed_6e.branch7x7_1.conv_0.6 | B9: -0.12450145 | C9: 0.048933123 | D9: -0.031112344 | E9: 0.061811351 | F9: -0.31295363 | G9: 0.26378088 | H9: 0.48326231 | I9: 1 | J9: 0.59686139 | K9: 0.12924299 | L9: 0.1251606 | M9: 0.054412444 | N9: -0.031515757 | O9: 0.15629037 | P9: 0.1560989 | Q9: 0.11453709 | R9: 0.063984681 | S9: -0.019450101 | T9: 0.14104178 | U9: 0.072628117 | V9: 0.059860017 | W9: -0.0064007135 | X9: 0.1227507 | Y9: 0.074967933 | Z9: 0.08924245 | AA9: 0.030780551 | AB9: -0.40165053 | AC9: -0.093315786 | AD9: 0.075674301 | AE9: 0.20121154 | AF9: 0.058850635 | AG9: -0.067454816 | AH9: 0.09491758 | AI9: -0.12496711 | AJ9: -0.10312854 | AK9: -0.046845453 | AL9: -0.28810724 | AM9: 0.036452924 | AN9: -0.27673292 | AO9: -0.25052877 | AP9: -0.24680298 | AQ9: -0.14538294
A10: sensitivityscore_After_Mixed_6e.branch7x7_1.conv_0.7 | B10: -0.054698253 | C10: -0.0043583823 | D10: -0.13239006 | E10: 0.027099393 | F10: -0.054365182 | G10: 0.054447086 | H10: 0.3888674 | I10: 0.59686139 | J10: 1 | K10: 0.0079068117 | L10: -0.11138493 | M10: -0.090875513 | N10: -0.21135508 | O10: 0.021362159 | P10: 0.081238475 | Q10: 0.13844863 | R10: -0.15935219 | S10: 0.083858306 | T10: -0.14142319 | U10: -0.11657833 | V10: 0.051363503 | W10: -0.13652756 | X10: 0.25780296 | Y10: 0.23195985 | Z10: 0.12774421 | AA10: -0.017453598 | AB10: -0.34608007 | AC10: -0.14384929 | AD10: -0.0027623472 | AE10: 0.097421949 | AF10: -0.18815087 | AG10: -0.090881922 | AH10: -0.091166491 | AI10: -0.053885057 | AJ10: -0.038021619 | AK10: 0.14785338 | AL10: -0.010249432 | AM10: 0.099583431 | AN10: -0.052603511 | AO10: -0.19558789 | AP10: -0.085117998 | AQ10: 0.03627287
A11: Mixed_6e.branch7x7_2.conv | B11: 0.021645365 | C11: 0.092712129 | D11: 0.14423195 | E11: 0.2696424 | F11: 0.040503977 | G11: 0.65702956 | H11: 0.035902983 | I11: 0.12924299 | J11: 0.0079068117 | K11: 1 | L11: -0.085851982 | M11: -0.2268489 | N11: -0.22838862 | O11: 0.76684913 | P11: 0.19312876 | Q11: 0.35841343 | R11: 0.18217259 | S11: 0.092354795 | T11: 0.10820974 | U11: -0.11776398 | V11: -0.07443256 | W11: 0.016715673 | X11: -0.30746424 | Y11: -0.18803623 | Z11: -0.20818992 | AA11: 0.21033463 | AB11: 0.1171226 | AC11: 0.23476728 | AD11: 0.14285716 | AE11: 0.030285753 | AF11: 0.14669066 | AG11: -0.025209926 | AH11: 0.18700732 | AI11: 0.26866408 | AJ11: 0.1937866 | AK11: 0.078401432 | AL11: 0.057480828 | AM11: -0.017667743 | AN11: 0.02165242 | AO11: 0.32120248 | AP11: 0.29525268 | AQ11: 0.49185806
A12: sensitivityscore_After_Mixed_6e.branch7x7_2.conv_0.5 | B12: -0.12410038 | C12: 0.01208199 | D12: -0.10836303 | E12: -0.0316016 | F12: -0.069810554 | G12: 0.072310444 | H12: 0.1985604 | I12: 0.1251606 | J12: -0.11138493 | K12: -0.085851982 | L12: 1 | M12: 0.5590816 | N12: 0.29958669 | O12: -0.17134521 | P12: 0.06092545 | Q12: 0.02117946 | R12: 0.15111238 | S12: 0.13212204 | T12: 0.14472598 | U12: 0.14113564 | V12: -0.026654597 | W12: 0.0088170345 | X12: -0.03602349 | Y12: 0.025407848 | Z12: -0.0670546 | AA12: 0.12176876 | AB12: -0.021206715 | AC12: -0.1464682 | AD12: -0.12014699 | AE12: 0.19445434 | AF12: 0.0084897509 | AG12: 0.00409536 | AH12: 0.069658972 | AI12: 0.10851427 | AJ12: 0.060591821 | AK12: 0.073000979 | AL12: -0.15889987 | AM12: 0.067190125 | AN12: -0.0037355628 | AO12: -0.1814079 | AP12: -0.17534 | AQ12: -0.27547919
A13: sensitivityscore_After_Mixed_6e.branch7x7_2.conv_0.6 | B13: -0.1245777 | C13: 0.047202899 | D13: -0.066071387 | E13: -0.10491268 | F13: -0.082173139 | G13: -0.096134074 | H13: 0.076925672 | I13: 0.054412444 | J13: -0.090875513 | K13: -0.2268489 | L13: 0.5590816 | M13: 1 | N13: 0.43657619 | O13: -0.21858813 | P13: -0.087015464 | Q13: -0.0061405865 | R13: 0.12895595 | S13: 0.046004393 | T13: 0.093767562 | U13: 0.040948367 | V13: -0.017105121 | W13: -0.15028828 | X13: -0.074334821 | Y13: 0.01385344 | Z13: -0.11085071 | AA13: 0.21635973 | AB13: -0.021847107 | AC13: -0.099677153 | AD13: -0.17276491 | AE13: 0.34042018 | AF13: 0.13796913 | AG13: 0.18130969 | AH13: 0.042647684 | AI13: 0.074517559 | AJ13: -0.013127292 | AK13: 0.080483694 | AL13: -0.025270578 | AM13: 0.1663255 | AN13: 0.0087985298 | AO13: -0.26066225 | AP13: -0.3466369 | AQ13: -0.36147259
... A43: sensitivityscore_After_Mixed_7b.branch_pool.conv_0.7 | B43: 0.16846475 | C43: -0.12255907 | D43: 0.059876754 | E43: -0.06571216 | F43: 0.090351506 | G43: 0.16900918 | H43: 0.14987395 | I43: -0.14538294 | J43: 0.03627287 | K43: 0.49185806 | L43: -0.27547919 | M43: -0.36147259 | N43: -0.14574262 | O43: 0.28104575 | P43: 0.12169675 | Q43: 0.15061598 | R43: 0.20417991 | S43: -0.0093198611 | T43: -0.28533124 | U43: -0.20039155 | V43: -0.079777604 | W43: -0.35805086 | X43: 0.042652942 | Y43: 0.027426903 | Z43: -0.12205308 | AA43: -0.018689912 | AB43: 0.019313997 | AC43: 0.093592512 | AD43: -0.015598571 | AE43: -0.23996638 | AF43: 0.035548554 | AG43: 0.048443342 | AH43: 0.00016681534 | AI43: 0.22503527 | AJ43: 0.46759655 | AK43: -0.040529229 | AL43: 0.18557677 | AM43: -0.2479138 | AN43: -0.16979775 | AO43: 0.63207256 | AP43: 0.77746498 | AQ43: 1
