Workbook

Sheet Sheet1
A1: Class | B1: =Class_0!B1 -> features.5.block.0.0 | C1: =Class_0!C1 -> sensitivityscore_After_features.5.block.0.0_0.5 | D1: =Class_0!D1 -> sensitivityscore_After_features.5.block.0.0_0.6 | E1: =Class_0!E1 -> sensitivityscore_After_features.5.block.0.0_0.7 | F1: =Class_0!F1 -> features.5.block.1.0 | G1: =Class_0!G1 -> sensitivityscore_After_features.5.block.1.0_0.5 | H1: =Class_0!H1 -> sensitivityscore_After_features.5.block.1.0_0.6 | I1: =Class_0!I1 -> sensitivityscore_After_features.5.block.1.0_0.7 | ... BN1: =Class_0!BN1 -> 0
A2: 0 | B2: =Class_0!B49 -> 0.0011500097 | C2: =Class_0!C49 -> 0.10376321 | D2: =Class_0!D49 -> 0.14208394 | E2: =Class_0!E49 -> 0.0090042531 | F2: =Class_0!F49 -> 0.11136113 | G2: =Class_0!G49 -> -0.095261806 | H2: =Class_0!H49 -> 0.055502664 | I2: =Class_0!I49 -> -0.14512435 | ... AW2: =Class_0!AW49 -> 1
A3: 1 | B3: =Class_1!B49 -> 0.073092053 | C3: =Class_1!C49 -> 0.0073313764 | D3: =Class_1!D49 -> 0.21647044 | E3: =Class_1!E49 -> 0.13495408 | F3: =Class_1!F49 -> 0.17283101 | G3: =Class_1!G49 -> -0.20585343 | H3: =Class_1!H49 -> -0.26228604 | I3: =Class_1!I49 -> -0.041960112 | ... AW3: =Class_1!AW49 -> 1
A4: 2 | B4: =Class_2!B49 -> -0.18352871 | C4: =Class_2!C49 -> 0.095875212 | D4: =Class_2!D49 -> 0.41248567 | E4: =Class_2!E49 -> 0.3600069 | F4: =Class_2!F49 -> -0.12432641 | G4: =Class_2!G49 -> 0.12461054 | H4: =Class_2!H49 -> -0.037362327 | I4: =Class_2!I49 -> -0.034621253 | ... AW4: =Class_2!AW49 -> 1
A5: 3 | B5: =Class_3!B49 -> 0.029479851 | C5: =Class_3!C49 -> 0.24529023 | D5: =Class_3!D49 -> 0.089861901 | E5: =Class_3!E49 -> 0.066138201 | F5: =Class_3!F49 -> 0.028299661 | G5: =Class_3!G49 -> 0.070023588 | H5: =Class_3!H49 -> 0.00096168237 | I5: =Class_3!I49 -> -0.083279404 | ... AW5: =Class_3!AW49 -> 1
A6: 4 | B6: =Class_4!B49 -> -0.15600168 | C6: =Class_4!C49 -> 0.0093692212 | D6: =Class_4!D49 -> -0.032362267 | E6: =Class_4!E49 -> 0.14177586 | F6: =Class_4!F49 -> -0.29479915 | G6: =Class_4!G49 -> -0.17614344 | H6: =Class_4!H49 -> -0.071061236 | I6: =Class_4!I49 -> -0.10197857 | ... AW6: =Class_4!AW49 -> 1
A7: 5 | B7: =Class_5!B49 -> 0.12603887 | C7: =Class_5!C49 -> 0.13137907 | D7: =Class_5!D49 -> 0.28696989 | E7: =Class_5!E49 -> -0.0078441564 | F7: =Class_5!F49 -> 0.14011214 | G7: =Class_5!G49 -> -0.17568595 | H7: =Class_5!H49 -> 0.26484809 | I7: =Class_5!I49 -> -0.14242635 | ... AW7: =Class_5!AW49 -> 1
A8: 6 | B8: =Class_6!B49 -> -0.23446258 | C8: =Class_6!C49 -> 0.098167815 | D8: =Class_6!D49 -> -0.014831716 | E8: =Class_6!E49 -> 0.030865903 | F8: =Class_6!F49 -> 0.022460961 | G8: =Class_6!G49 -> -0.048476684 | H8: =Class_6!H49 -> -0.13279115 | I8: =Class_6!I49 -> 0.00035303932 | ... AW8: =Class_6!AW49 -> 1
A9: 7 | B9: =Class_7!B49 -> 0.075119564 | C9: =Class_7!C49 -> 0.040690745 | D9: =Class_7!D49 -> 0.067441586 | E9: =Class_7!E49 -> 0.22631806 | F9: =Class_7!F49 -> 0.10960237 | G9: =Class_7!G49 -> 0.041359449 | H9: =Class_7!H49 -> 0.10053038 | I9: =Class_7!I49 -> -0.012738792 | ... AW9: =Class_7!AW49 -> 1
A10: 8 | B10: =Class_8!B49 -> 0.17379615 | C10: =Class_8!C49 -> 0.0076330658 | D10: =Class_8!D49 -> -0.060189083 | E10: =Class_8!E49 -> -0.19498933 | F10: =Class_8!F49 -> -0.079352389 | G10: =Class_8!G49 -> 0.0035878043 | H10: =Class_8!H49 -> -0.036223874 | I10: =Class_8!I49 -> 0.12191489 | ... AW10: =Class_8!AW49 -> 1
A11: 9 | B11: =Class_9!B49 -> -0.0037904267 | C11: =Class_9!C49 -> 0.12855339 | D11: =Class_9!D49 -> 0.088727094 | E11: =Class_9!E49 -> -0.073569738 | F11: =Class_9!F49 -> -0.071284294 | G11: =Class_9!G49 -> -0.11667369 | H11: =Class_9!H49 -> -0.025812281 | I11: =Class_9!I49 -> 0.049859423 | ... AW11: =Class_9!AW49 -> 1

Sheet Class_0
B1: features.5.block.0.0 | C1: sensitivityscore_After_features.5.block.0.0_0.5 | D1: sensitivityscore_After_features.5.block.0.0_0.6 | E1: sensitivityscore_After_features.5.block.0.0_0.7 | F1: features.5.block.1.0 | G1: sensitivityscore_After_features.5.block.1.0_0.5 | H1: sensitivityscore_After_features.5.block.1.0_0.6 | I1: sensitivityscore_After_features.5.block.1.0_0.7 | J1: features.5.block.2.fc2 | K1: sensitivityscore_After_features.5.block.2.fc2_0.5 | L1: sensitivityscore_After_features.5.block.2.fc2_0.6 | M1: sensitivityscore_After_features.5.block.2.fc2_0.7 | N1: features.5.block.3.0 | O1: sensitivityscore_After_features.5.block.3.0_0.5 | P1: sensitivityscore_After_features.5.block.3.0_0.6 | Q1: sensitivityscore_After_features.5.block.3.0_0.7 | R1: features.6.block.0.0 | S1: sensitivityscore_After_features.6.block.0.0_0.5 | T1: sensitivityscore_After_features.6.block.0.0_0.6 | U1: sensitivityscore_After_features.6.block.0.0_0.7 | V1: features.6.block.1.0 | W1: sensitivityscore_After_features.6.block.1.0_0.5 | X1: sensitivityscore_After_features.6.block.1.0_0.6 | Y1: sensitivityscore_After_features.6.block.1.0_0.7 | Z1: features.6.block.2.fc2 | AA1: sensitivityscore_After_features.6.block.2.fc2_0.5 | AB1: sensitivityscore_After_features.6.block.2.fc2_0.6 | AC1: sensitivityscore_After_features.6.block.2.fc2_0.7 | AD1: features.6.block.3.0 | AE1: sensitivityscore_After_features.6.block.3.0_0.5 | AF1: sensitivityscore_After_features.6.block.3.0_0.6 | AG1: sensitivityscore_After_features.6.block.3.0_0.7 | AH1: features.7.block.0.0 | AI1: sensitivityscore_After_features.7.block.0.0_0.5 | AJ1: sensitivityscore_After_features.7.block.0.0_0.6 | AK1: sensitivityscore_After_features.7.block.0.0_0.7 | AL1: features.7.block.1.0 | AM1: sensitivityscore_After_features.7.block.1.0_0.5 | AN1: sensitivityscore_After_features.7.block.1.0_0.6 | AO1: sensitivityscore_After_features.7.block.1.0_0.7 | AP1: features.7.block.2.fc2 | AQ1: sensitivityscore_After_features.7.block.2.fc2_0.5 | AR1: sensitivityscore_After_features.7.block.2.fc2_0.6 | AS1: sensitivityscore_After_features.7.block.2.fc2_0.7 | AT1: features.7.block.3.0 | AU1: sensitivityscore_After_features.7.block.3.0_0.5 | AV1: sensitivityscore_After_features.7.block.3.0_0.6 | AW1: sensitivityscore_After_features.7.block.3.0_0.7
A2: features.5.block.0.0 | B2: 1 | C2: 0.040155332 | D2: 0.16856954 | E2: 0.39606985 | F2: 0.64921845 | G2: 0.06984133 | H2: 0.00095883116 | I2: -0.085167376 | J2: 0.43933786 | K2: -0.022068488 | L2: -0.03393404 | M2: -0.07837436 | N2: 0.22143946 | O2: 0.11221528 | P2: -0.16244688 | Q2: 0.018408432 | R2: -0.21671077 | S2: -0.015027118 | T2: -0.10495831 | U2: 0.00091929301 | V2: 0.035399195 | W2: -0.08133563 | X2: 0.052983821 | Y2: -0.33081098 | Z2: 0.17085059 | AA2: -0.10564098 | AB2: 0.019125423 | AC2: -0.027621944 | AD2: -0.11058355 | AE2: -0.065790204 | AF2: 0.12728976 | AG2: 0.063845617 | AH2: 0.19185965 | AI2: -0.014427901 | AJ2: 0.0069779512 | AK2: -0.076832084 | AL2: -0.044615612 | AM2: -0.16504371 | AN2: 0.071396581 | AO2: -0.07223617 | AP2: 0.35347938 | AQ2: 0.16441002 | AR2: 0.12057472 | AS2: -0.061509233 | AT2: 0.095541893 | AU2: -0.30072974 | AV2: 0.26775719 | AW2: 0.0011500097
A3: sensitivityscore_After_features.5.block.0.0_0.5 | B3: 0.040155332 | C3: 1 | D3: 0.41724415 | E3: 0.22344695 | F3: 0.17238469 | G3: 0.033132536 | H3: 0.043439232 | I3: 0.031665221 | J3: 0.18326102 | K3: 0.1639752 | L3: 0.069507948 | M3: 0.04825379 | N3: -0.26208875 | O3: 0.0018861662 | P3: 0.21792967 | Q3: -0.16216549 | R3: 0.0086395029 | S3: 0.064712421 | T3: -0.022200974 | U3: 0.15196014 | V3: 0.027057719 | W3: 0.074971303 | X3: -0.1146553 | Y3: 0.043413769 | Z3: 0.035884378 | AA3: 0.31798344 | AB3: 0.22056783 | AC3: 0.12902958 | AD3: -0.12908987 | AE3: -0.0069835982 | AF3: 0.20624311 | AG3: 0.26867025 | AH3: -0.24240097 | AI3: 0.043097158 | AJ3: 0.13367029 | AK3: 0.20730124 | AL3: 0.050956618 | AM3: -0.014247059 | AN3: -0.082898844 | AO3: -0.12069809 | AP3: -0.16359645 | AQ3: 0.066354256 | AR3: 0.034434005 | AS3: -0.0090553681 | AT3: 0.023387526 | AU3: -0.17725595 | AV3: 0.039766075 | AW3: 0.10376321
A4: sensitivityscore_After_features.5.block.0.0_0.6 | B4: 0.16856954 | C4: 0.41724415 | D4: 1 | E4: 0.38490913 | F4: 0.22781574 | G4: 0.12296775 | H4: 0.013643021 | I4: 0.02285503 | J4: 0.22393644 | K4: -0.11667518 | L4: -0.15408014 | M4: -0.14033234 | N4: -0.072786447 | O4: -0.19072948 | P4: -0.069057088 | Q4: -0.17837376 | R4: -0.0096628852 | S4: 0.11807147 | T4: 0.014385242 | U4: 0.28679354 | V4: 0.05860213 | W4: -0.0029279052 | X4: -0.18848883 | Y4: 0.0044673715 | Z4: 0.047337182 | AA4: 0.011597814 | AB4: 0.083975756 | AC4: -0.18697816 | AD4: -0.18646378 | AE4: -0.036890686 | AF4: 0.14218892 | AG4: 0.12715392 | AH4: -0.13159827 | AI4: -0.076456139 | AJ4: -0.081249896 | AK4: -0.10689707 | AL4: 0.036239417 | AM4: -0.31630899 | AN4: -0.19059333 | AO4: -0.21334992 | AP4: -0.027778233 | AQ4: 0.086282329 | AR4: 0.15905394 | AS4: 0.12336315 | AT4: 0.077578521 | AU4: -0.0014087865 | AV4: 0.10753894 | AW4: 0.14208394
A5: sensitivityscore_After_features.5.block.0.0_0.7 | B5: 0.39606985 | C5: 0.22344695 | D5: 0.38490913 | E5: 1 | F5: 0.29999632 | G5: 0.084549177 | H5: -0.083474825 | I5: -0.042778885 | J5: 0.16835838 | K5: -0.007862932 | L5: 0.015494962 | M5: -0.03525722 | N5: -0.083761358 | O5: -0.069200225 | P5: 0.010937168 | Q5: 0.058021251 | R5: -0.013617016 | S5: 0.1069183 | T5: -0.078295323 | U5: -0.099283916 | V5: 0.048954402 | W5: 0.0090041804 | X5: -0.15624697 | Y5: -0.28567136 | Z5: 0.059140028 | AA5: -0.011232948 | AB5: 0.033575098 | AC5: -0.068577929 | AD5: 0.059737248 | AE5: -0.063448854 | AF5: 0.16254294 | AG5: -0.039101184 | AH5: 0.22402326 | AI5: -0.17822709 | AJ5: -0.14383892 | AK5: -0.0023312806 | AL5: 0.061766045 | AM5: -0.083001432 | AN5: 0.006365463 | AO5: -0.16881708 | AP5: 0.14194075 | AQ5: 0.073101604 | AR5: 0.06377106 | AS5: 0.013396808 | AT5: 0.28608764 | AU5: -0.16974672 | AV5: 0.29815438 | AW5: 0.0090042531
A6: features.5.block.1.0 | B6: 0.64921845 | C6: 0.17238469 | D6: 0.22781574 | E6: 0.29999632 | F6: 1 | G6: -0.009789403 | H6: -0.012950037 | I6: 0.045206001 | J6: 0.36355695 | K6: 0.015150183 | L6: 0.14220803 | M6: 0.18711882 | N6: 0.16566583 | O6: 0.21531398 | P6: -0.27677969 | Q6: 0.041928776 | R6: -0.1154689 | S6: 0.18952037 | T6: 0.057660447 | U6: -0.04510339 | V6: 0.097265449 | W6: -0.18907173 | X6: -0.15247605 | Y6: -0.45190778 | Z6: 0.43726905 | AA6: -0.065774262 | AB6: -0.0026272092 | AC6: -0.093015919 | AD6: -0.016219583 | AE6: -0.016025486 | AF6: -0.060613441 | AG6: -0.00059219011 | AH6: 0.20237759 | AI6: -0.12106338 | AJ6: 0.023309845 | AK6: -0.023624226 | AL6: -0.0082434481 | AM6: -0.16355325 | AN6: -0.021791577 | AO6: -0.055063716 | AP6: 0.28739729 | AQ6: 0.23676447 | AR6: 0.18928374 | AS6: -0.045299047 | AT6: 0.15858607 | AU6: -0.079278613 | AV6: 0.12997327 | AW6: 0.11136113
A7: sensitivityscore_After_features.5.block.1.0_0.5 | B7: 0.06984133 | C7: 0.033132536 | D7: 0.12296775 | E7: 0.084549177 | F7: -0.009789403 | G7: 1 | H7: 0.44278001 | I7: 0.60126214 | J7: 0.13659084 | K7: -0.25639922 | L7: -0.10537208 | M7: -0.072537894 | N7: 0.19424687 | O7: 0.077847449 | P7: 0.077577672 | Q7: -0.045171946 | R7: 0.040646391 | S7: 0.051858539 | T7: 0.04276425 | U7: 0.024536618 | V7: 0.14566757 | W7: -0.087268806 | X7: -0.010127957 | Y7: -0.038701413 | Z7: -0.21366747 | AA7: -0.086007301 | AB7: -0.16705478 | AC7: 0.053147119 | AD7: 0.14228298 | AE7: -0.12089463 | AF7: -0.21486935 | AG7: -0.23983303 | AH7: -0.19561066 | AI7: 0.22607006 | AJ7: 0.10897089 | AK7: 0.062102317 | AL7: -0.26930043 | AM7: 0.14352373 | AN7: 0.020768676 | AO7: 0.28843523 | AP7: 0.11600064 | AQ7: 0.24397579 | AR7: 0.13401303 | AS7: 0.17563873 | AT7: -0.20735106 | AU7: 0.13794389 | AV7: -0.0035223088 | AW7: -0.095261806
A8: sensitivityscore_After_features.5.block.1.0_0.6 | B8: 0.00095883116 | C8: 0.043439232 | D8: 0.013643021 | E8: -0.083474825 | F8: -0.012950037 | G8: 0.44278001 | H8: 1 | I8: 0.48792392 | J8: 0.20608348 | K8: -0.15060825 | L8: -0.20485723 | M8: -0.10392822 | N8: 0.11355046 | O8: 0.012201836 | P8: 0.14556341 | Q8: -0.14241968 | R8: -0.16662987 | S8: -0.01936002 | T8: -0.075722438 | U8: -0.13298465 | V8: -0.087945785 | W8: 0.3105709 | X8: 0.22823396 | Y8: 0.15473609 | Z8: -0.22039557 | AA8: -0.07888682 | AB8: -0.29153586 | AC8: -0.19841575 | AD8: 0.15999793 | AE8: 0.17399672 | AF8: 0.030075079 | AG8: 0.12884705 | AH8: 0.11330911 | AI8: -0.050880879 | AJ8: 0.032624426 | AK8: -0.040845612 | AL8: 0.045859834 | AM8: 0.15934777 | AN8: -0.068857125 | AO8: 0.15707942 | AP8: 0.070579461 | AQ8: 0.01080186 | AR8: -0.012463065 | AS8: -0.068362587 | AT8: -0.15313852 | AU8: -0.064100436 | AV8: 0.05343113 | AW8: 0.055502664
A9: sensitivityscore_After_features.5.block.1.0_0.7 | B9: -0.085167376 | C9: 0.031665221 | D9: 0.02285503 | E9: -0.042778885 | F9: 0.045206001 | G9: 0.60126214 | H9: 0.48792392 | I9: 1 | J9: 0.19867034 | K9: -0.41688324 | L9: -0.10167872 | M9: -0.041156037 | N9: 0.099132578 | O9: 0.11502266 | P9: -0.0059504698 | Q9: -0.21355857 | R9: -0.01515769 | S9: -0.11219899 | T9: 0.045932949 | U9: -0.044974057 | V9: 0.11812267 | W9: -0.080788276 | X9: -0.08929934 | Y9: 0.10345536 | Z9: -0.11525455 | AA9: -0.16738918 | AB9: -0.33677059 | AC9: -0.16851528 | AD9: 0.01642632 | AE9: 0.023126805 | AF9: -0.14296423 | AG9: -0.038946822 | AH9: -0.12169077 | AI9: 0.058987748 | AJ9: 0.034268013 | AK9: -0.014055899 | AL9: -0.023924429 | AM9: 0.18287665 | AN9: 0.119673 | AO9: 0.27312281 | AP9: 0.050262204 | AQ9: 0.13073484 | AR9: 0.13885169 | AS9: 0.080959322 | AT9: -0.17860972 | AU9: 0.34549454 | AV9: -0.17290954 | AW9: -0.14512435
A10: features.5.block.2.fc2 | B10: 0.43933786 | C10: 0.18326102 | D10: 0.22393644 | E10: 0.16835838 | F10: 0.36355695 | G10: 0.13659084 | H10: 0.20608348 | I10: 0.19867034 | J10: 1 | K10: -0.164824 | L10: -0.050323081 | M10: 0.036660083 | N10: 0.13832162 | O10: 0.20502078 | P10: 0.1151464 | Q10: 0.0025812384 | R10: -0.31191317 | S10: -0.023345902 | T10: -0.032943648 | U10: 0.10633526 | V10: -0.25707959 | W10: 0.18386921 | X10: 0.047712041 | Y10: -0.038203994 | Z10: -0.086750776 | AA10: -0.19948012 | AB10: 0.031338143 | AC10: -0.059866102 | AD10: -0.10673225 | AE10: -0.18414356 | AF10: 0.013536429 | AG10: -0.062720413 | AH10: 0.094515557 | AI10: -0.13294737 | AJ10: -0.0028567489 | AK10: -0.30917706 | AL10: 0.0010661795 | AM10: -0.19967932 | AN10: -0.22302226 | AO10: 0.084972198 | AP10: -0.033918458 | AQ10: 0.0025697728 | AR10: 0.03396693 | AS10: -0.041253873 | AT10: 0.014566488 | AU10: -0.1381092 | AV10: 0.04480176 | AW10: 0.023442462
A11: sensitivityscore_After_features.5.block.2.fc2_0.5 | B11: -0.022068488 | C11: 0.1639752 | D11: -0.11667518 | E11: -0.007862932 | F11: 0.015150183 | G11: -0.25639922 | H11: -0.15060825 | I11: -0.41688324 | J11: -0.164824 | K11: 1 | L11: 0.55195569 | M11: 0.33657505 | N11: -0.25938195 | O11: -0.042830757 | P11: 0.027195677 | Q11: 0.24287045 | R11: 0.11326962 | S11: 0.091394304 | T11: 0.040421004 | U11: -0.030960585 | V11: 0.090899809 | W11: 0.040936085 | X11: 0.14650895 | Y11: -0.034100873 | Z11: 0.17263665 | AA11: 0.050769228 | AB11: 0.011221577 | AC11: 0.10345068 | AD11: -0.011418581 | AE11: 0.12440691 | AF11: 0.057047812 | AG11: 0.10305848 | AH11: 0.0037873826 | AI11: 0.024896231 | AJ11: -0.0290549 | AK11: 0.14018236 | AL11: -0.046002629 | AM11: 0.093733387 | AN11: 0.13867916 | AO11: -0.0094046791 | AP11: 0.1507174 | AQ11: 0.044631413 | AR11: -0.048087979 | AS11: -0.040214459 | AT11: 0.057671908 | AU11: -0.16573328 | AV11: -0.10479124 | AW11: 0.34324388
A12: sensitivityscore_After_features.5.block.2.fc2_0.6 | B12: -0.03393404 | C12: 0.069507948 | D12: -0.15408014 | E12: 0.015494962 | F12: 0.14220803 | G12: -0.10537208 | H12: -0.20485723 | I12: -0.10167872 | J12: -0.050323081 | K12: 0.55195569 | L12: 1 | M12: 0.79416055 | N12: -0.15475716 | O12: -0.16460599 | P12: -0.013655515 | Q12: 0.20505964 | R12: 0.0067664412 | S12: -0.14423387 | T12: 0.11505191 | U12: 0.048795748 | V12: 0.10315468 | W12: -0.096366462 | X12: -0.062324005 | Y12: -0.25920491 | Z12: 0.16951625 | AA12: -0.1285125 | AB12: -0.07353963 | AC12: 0.047567508 | AD12: -0.065246019 | AE12: 0.068581173 | AF12: -0.24015518 | AG12: -0.1123107 | AH12: -0.057199615 | AI12: -0.0069667073 | AJ12: 0.28649218 | AK12: 0.22239374 | AL12: -0.080720928 | AM12: 0.075382495 | AN12: 0.25429144 | AO12: 0.056678117 | AP12: 0.16431679 | AQ12: 0.12270163 | AR12: 0.12369057 | AS12: 0.11864094 | AT12: -0.10861339 | AU12: -0.026578797 | AV12: -0.17546734 | AW12: 0.22768832
A13: sensitivityscore_After_features.5.block.2.fc2_0.7 | B13: -0.07837436 | C13: 0.04825379 | D13: -0.14033234 | E13: -0.03525722 | F13: 0.18711882 | G13: -0.072537894 | H13: -0.10392822 | I13: -0.041156037 | J13: 0.036660083 | K13: 0.33657505 | L13: 0.79416055 | M13: 1 | N13: 0.030508884 | O13: -0.075411963 | P13: -0.15992913 | Q13: 0.24286315 | R13: 0.020341544 | S13: -0.1093411 | T13: 0.15622704 | U13: 0.072047763 | V13: 0.1514201 | W13: -0.10153904 | X13: -0.14240238 | Y13: -0.25478171 | Z13: 0.10880678 | AA13: -0.17179904 | AB13: -0.094552232 | AC13: 0.029447822 | AD13: 0.088677019 | AE13: 0.027860464 | AF13: -0.3016683 | AG13: -0.064559858 | AH13: 0.030438485 | AI13: -0.043736817 | AJ13: 0.14876628 | AK13: 0.075973461 | AL13: -0.022165829 | AM13: 0.19042143 | AN13: 0.18312532 | AO13: 0.11642591 | AP13: 0.1959298 | AQ13: 0.36206892 | AR13: 0.31291071 | AS13: 0.17370432 | AT13: -0.073163179 | AU13: 0.024701126 | AV13: -0.31940039 | AW13: 0.29712977
... A49: sensitivityscore_After_features.7.block.3.0_0.7 | B49: 0.0011500097 | C49: 0.10376321 | D49: 0.14208394 | E49: 0.0090042531 | F49: 0.11136113 | G49: -0.095261806 | H49: 0.055502664 | I49: -0.14512435 | J49: 0.023442462 | K49: 0.34324388 | L49: 0.22768832 | M49: 0.29712977 | N49: -0.25674604 | O49: -0.075780134 | P49: -0.21262756 | Q49: 0.15865883 | R49: -0.024170029 | S49: -0.050236749 | T49: -0.048057957 | U49: 0.17512297 | V49: 0.017142589 | W49: 0.062791928 | X49: 0.12783163 | Y49: 0.01293515 | Z49: 0.10866563 | AA49: -0.041078269 | AB49: -0.070751605 | AC49: -0.027111 | AD49: -0.2865805 | AE49: 0.23283373 | AF49: 0.051329695 | AG49: 0.12195933 | AH49: -0.33825333 | AI49: -0.034899383 | AJ49: 0.030602599 | AK49: 0.14555287 | AL49: -0.23736738 | AM49: 0.055142588 | AN49: 0.10063789 | AO49: 0.17208856 | AP49: 0.14215757 | AQ49: 0.16777615 | AR49: 0.078020804 | AS49: -0.057843117 | AT49: -0.17792942 | AU49: -0.075595623 | AV49: -0.003539918 | AW49: 1

Sheet Class_1
B1: features.5.block.0.0 | C1: sensitivityscore_After_features.5.block.0.0_0.5 | D1: sensitivityscore_After_features.5.block.0.0_0.6 | E1: sensitivityscore_After_features.5.block.0.0_0.7 | F1: features.5.block.1.0 | G1: sensitivityscore_After_features.5.block.1.0_0.5 | H1: sensitivityscore_After_features.5.block.1.0_0.6 | I1: sensitivityscore_After_features.5.block.1.0_0.7 | J1: features.5.block.2.fc2 | K1: sensitivityscore_After_features.5.block.2.fc2_0.5 | L1: sensitivityscore_After_features.5.block.2.fc2_0.6 | M1: sensitivityscore_After_features.5.block.2.fc2_0.7 | N1: features.5.block.3.0 | O1: sensitivityscore_After_features.5.block.3.0_0.5 | P1: sensitivityscore_After_features.5.block.3.0_0.6 | Q1: sensitivityscore_After_features.5.block.3.0_0.7 | R1: features.6.block.0.0 | S1: sensitivityscore_After_features.6.block.0.0_0.5 | T1: sensitivityscore_After_features.6.block.0.0_0.6 | U1: sensitivityscore_After_features.6.block.0.0_0.7 | V1: features.6.block.1.0 | W1: sensitivityscore_After_features.6.block.1.0_0.5 | X1: sensitivityscore_After_features.6.block.1.0_0.6 | Y1: sensitivityscore_After_features.6.block.1.0_0.7 | Z1: features.6.block.2.fc2 | AA1: sensitivityscore_After_features.6.block.2.fc2_0.5 | AB1: sensitivityscore_After_features.6.block.2.fc2_0.6 | AC1: sensitivityscore_After_features.6.block.2.fc2_0.7 | AD1: features.6.block.3.0 | AE1: sensitivityscore_After_features.6.block.3.0_0.5 | AF1: sensitivityscore_After_features.6.block.3.0_0.6 | AG1: sensitivityscore_After_features.6.block.3.0_0.7 | AH1: features.7.block.0.0 | AI1: sensitivityscore_After_features.7.block.0.0_0.5 | AJ1: sensitivityscore_After_features.7.block.0.0_0.6 | AK1: sensitivityscore_After_features.7.block.0.0_0.7 | AL1: features.7.block.1.0 | AM1: sensitivityscore_After_features.7.block.1.0_0.5 | AN1: sensitivityscore_After_features.7.block.1.0_0.6 | AO1: sensitivityscore_After_features.7.block.1.0_0.7 | AP1: features.7.block.2.fc2 | AQ1: sensitivityscore_After_features.7.block.2.fc2_0.5 | AR1: sensitivityscore_After_features.7.block.2.fc2_0.6 | AS1: sensitivityscore_After_features.7.block.2.fc2_0.7 | AT1: features.7.block.3.0 | AU1: sensitivityscore_After_features.7.block.3.0_0.5 | AV1: sensitivityscore_After_features.7.block.3.0_0.6 | AW1: sensitivityscore_After_features.7.block.3.0_0.7
A2: features.5.block.0.0 | B2: 1 | C2: -0.039505294 | D2: 0.05696322 | E2: -0.061434414 | F2: 0.72143629 | G2: 0.11397801 | H2: -0.042570182 | I2: 0.13019178 | J2: 0.45661645 | K2: -0.0041591383 | L2: 0.03249871 | M2: 0.032220378 | N2: 0.48188113 | O2: 0.11680005 | P2: -0.068766622 | Q2: 0.25811288 | R2: 0.087477507 | S2: 0.048634747 | T2: 0.0044179838 | U2: -0.12941461 | V2: 0.21401246 | W2: -0.11748227 | X2: -0.12150339 | Y2: -0.012300776 | Z2: 0.042485623 | AA2: 0.095121614 | AB2: 0.094409266 | AC2: 0.011976611 | AD2: 0.16867227 | AE2: -0.12396105 | AF2: -0.031502388 | AG2: 0.30903878 | AH2: 0.088190731 | AI2: 0.12760086 | AJ2: 0.21217715 | AK2: 0.097323383 | AL2: 0.1662703 | AM2: 0.24788039 | AN2: 0.32860178 | AO2: 0.1324416 | AP2: -0.064800097 | AQ2: -0.22635763 | AR2: -0.10149409 | AS2: -0.051793622 | AT2: -0.10556908 | AU2: 0.072231196 | AV2: 0.097305241 | AW2: 0.073092053
A3: sensitivityscore_After_features.5.block.0.0_0.5 | B3: -0.039505294 | C3: 1 | D3: 0.65936108 | E3: 0.56235433 | F3: 0.031099009 | G3: 0.084081835 | H3: 0.31179558 | I3: 0.23574899 | J3: -0.049516952 | K3: 0.11523823 | L3: -0.032260178 | M3: 0.068899795 | N3: -0.10068266 | O3: 8.0126986e-05 | P3: -0.071161292 | Q3: -0.0033538976 | R3: 0.015717814 | S3: -0.038155198 | T3: 0.05055765 | U3: 0.015883559 | V3: -0.030577965 | W3: 0.06539041 | X3: 0.096393038 | Y3: 0.11019391 | Z3: -0.14573696 | AA3: -0.15468096 | AB3: 0.016199373 | AC3: 0.088789817 | AD3: -0.12250535 | AE3: 0.0032972161 | AF3: -0.046432357 | AG3: -0.11461145 | AH3: 0.13166643 | AI3: -0.079381649 | AJ3: 0.044868736 | AK3: -0.019753981 | AL3: 0.24351633 | AM3: -0.12354292 | AN3: -0.27919413 | AO3: -0.049312721 | AP3: -0.03164842 | AQ3: 0.060309051 | AR3: 0.24743595 | AS3: 0.11154195 | AT3: 0.26758596 | AU3: -0.17190688 | AV3: -0.023490735 | AW3: 0.0073313764
A4: sensitivityscore_After_features.5.block.0.0_0.6 | B4: 0.05696322 | C4: 0.65936108 | D4: 1 | E4: 0.48464598 | F4: 0.17444957 | G4: 0.21790455 | H4: 0.24381847 | I4: 0.10251229 | J4: 0.019869615 | K4: 0.16326706 | L4: -0.04469552 | M4: -0.1787369 | N4: 0.15684366 | O4: 0.11392478 | P4: -0.026772049 | Q4: 0.078029101 | R4: 0.26369618 | S4: -0.10653142 | T4: 0.036723109 | U4: -0.030221629 | V4: -0.00050962505 | W4: 0.055925032 | X4: 0.27409998 | Y4: 0.24751862 | Z4: -0.066963528 | AA4: -0.067596754 | AB4: 0.16454929 | AC4: 0.24595836 | AD4: 0.14553033 | AE4: 0.1219375 | AF4: -0.020250842 | AG4: -0.16795545 | AH4: 0.20628688 | AI4: 0.034211209 | AJ4: 0.14268834 | AK4: 0.084356564 | AL4: 0.076805834 | AM4: -0.097486977 | AN4: -0.36673808 | AO4: -0.23446201 | AP4: -0.06578709 | AQ4: -0.067127271 | AR4: 0.12102057 | AS4: 0.14700967 | AT4: 0.25045921 | AU4: -0.031140345 | AV4: 0.01315884 | AW4: 0.21647044
A5: sensitivityscore_After_features.5.block.0.0_0.7 | B5: -0.061434414 | C5: 0.56235433 | D5: 0.48464598 | E5: 1 | F5: 0.097370443 | G5: 0.10779414 | H5: 0.22084737 | I5: 0.14733527 | J5: 0.012189588 | K5: 0.20245505 | L5: -0.032133057 | M5: -0.093934514 | N5: -0.090478237 | O5: -0.014258353 | P5: -0.023487062 | Q5: -0.14816349 | R5: -0.057783196 | S5: -0.11663044 | T5: 0.24543931 | U5: 0.21538943 | V5: 0.058987416 | W5: 0.15567346 | X5: 0.1265576 | Y5: 0.20106133 | Z5: -0.11776561 | AA5: -0.099390778 | AB5: -0.11564369 | AC5: 0.22019769 | AD5: 0.09467845 | AE5: 0.014229884 | AF5: 0.0037032667 | AG5: -0.015752796 | AH5: 0.25090349 | AI5: 0.15281782 | AJ5: 0.26751789 | AK5: 0.12244109 | AL5: 0.14971355 | AM5: -0.066633117 | AN5: -0.1380964 | AO5: 0.028332906 | AP5: -0.012569788 | AQ5: -0.12718504 | AR5: 0.14900285 | AS5: 0.15414425 | AT5: 0.24733585 | AU5: 0.0069371572 | AV5: 0.073855316 | AW5: 0.13495408
A6: features.5.block.1.0 | B6: 0.72143629 | C6: 0.031099009 | D6: 0.17444957 | E6: 0.097370443 | F6: 1 | G6: 0.14171942 | H6: -0.083340443 | I6: -0.038473635 | J6: 0.49603805 | K6: -0.037184904 | L6: -0.13521505 | M6: -0.08881381 | N6: 0.54956432 | O6: 0.071221459 | P6: -0.01132241 | Q6: 0.17469949 | R6: 0.1231125 | S6: -0.081882513 | T6: 0.084039469 | U6: 0.024211141 | V6: 0.043778917 | W6: -0.13902093 | X6: -0.11815862 | Y6: -0.1383695 | Z6: -0.064474082 | AA6: -0.12286029 | AB6: -0.022815803 | AC6: 0.073171697 | AD6: 0.19549731 | AE6: 0.02611424 | AF6: 0.16191249 | AG6: 0.32773586 | AH6: 0.03882346 | AI6: 0.0023530051 | AJ6: 0.14606265 | AK6: 0.057175913 | AL6: 0.11071687 | AM6: 0.18161401 | AN6: 0.14793969 | AO6: 0.17805737 | AP6: -0.26930073 | AQ6: -0.20460408 | AR6: -0.043732132 | AS6: 0.057910609 | AT6: 0.043896735 | AU6: -0.01900696 | AV6: 0.066747097 | AW6: 0.17283101
A7: sensitivityscore_After_features.5.block.1.0_0.5 | B7: 0.11397801 | C7: 0.084081835 | D7: 0.21790455 | E7: 0.10779414 | F7: 0.14171942 | G7: 1 | H7: 0.3709925 | I7: 0.25290008 | J7: 0.062298778 | K7: -0.046615484 | L7: -0.015642878 | M7: -0.07326719 | N7: 0.24995682 | O7: -0.10345264 | P7: 0.13315557 | Q7: 0.13731832 | R7: -0.10041781 | S7: -0.068613756 | T7: 0.15382821 | U7: -0.071004051 | V7: -0.16227412 | W7: 0.041415679 | X7: 0.037536902 | Y7: -0.077103366 | Z7: 0.12645895 | AA7: 0.09732495 | AB7: -0.0095218603 | AC7: 0.088714685 | AD7: 0.019454245 | AE7: 0.031144685 | AF7: 0.15579027 | AG7: 0.11014974 | AH7: -0.12827483 | AI7: 0.064527442 | AJ7: 0.098117593 | AK7: 0.097517994 | AL7: -0.12839354 | AM7: 0.14829184 | AN7: -0.085049544 | AO7: 0.053919176 | AP7: -0.019395784 | AQ7: -0.1202232 | AR7: 0.12978624 | AS7: 0.13766078 | AT7: 0.077616157 | AU7: 0.28766633 | AV7: 0.029670915 | AW7: -0.20585343
A8: sensitivityscore_After_features.5.block.1.0_0.6 | B8: -0.042570182 | C8: 0.31179558 | D8: 0.24381847 | E8: 0.22084737 | F8: -0.083340443 | G8: 0.3709925 | H8: 1 | I8: 0.42487984 | J8: 0.0264279 | K8: 0.09482575 | L8: -0.094162291 | M8: -0.076241472 | N8: 0.033427514 | O8: 0.076650661 | P8: -0.061662074 | Q8: -0.0058156474 | R8: -0.018529241 | S8: -0.19086321 | T8: -0.19593184 | U8: -0.054600491 | V8: -0.01896841 | W8: 0.20038222 | X8: 0.11661806 | Y8: 0.096742423 | Z8: 0.094516565 | AA8: -0.075877498 | AB8: -0.096288478 | AC8: 0.040470094 | AD8: -0.19527287 | AE8: -0.065195414 | AF8: 0.017075138 | AG8: -0.030113463 | AH8: 0.10373207 | AI8: -0.16958778 | AJ8: -0.13527778 | AK8: -0.062884634 | AL8: 0.043088386 | AM8: 0.22670607 | AN8: 0.12571923 | AO8: 0.15305146 | AP8: -0.054155404 | AQ8: 0.012312638 | AR8: 0.11909474 | AS8: 0.043707429 | AT8: 0.35623388 | AU8: -0.015843729 | AV8: -0.20568412 | AW8: -0.26228604
A9: sensitivityscore_After_features.5.block.1.0_0.7 | B9: 0.13019178 | C9: 0.23574899 | D9: 0.10251229 | E9: 0.14733527 | F9: -0.038473635 | G9: 0.25290008 | H9: 0.42487984 | I9: 1 | J9: 0.036428318 | K9: 0.26067735 | L9: 0.084686165 | M9: 0.015375964 | N9: 0.024278594 | O9: 0.2417254 | P9: 0.21580352 | Q9: 0.35827636 | R9: -0.12775841 | S9: -0.052744001 | T9: -0.014965487 | U9: -0.086485249 | V9: 0.28001759 | W9: 0.2220505 | X9: -0.078897347 | Y9: 0.14266856 | Z9: 0.10667108 | AA9: 0.13887517 | AB9: -0.051361146 | AC9: 0.038196069 | AD9: -0.12147063 | AE9: -0.029661981 | AF9: -0.036687834 | AG9: 0.1126654 | AH9: 0.13605325 | AI9: -0.13928746 | AJ9: 0.001737858 | AK9: -0.11403707 | AL9: 0.12230211 | AM9: 0.30088786 | AN9: 0.19153387 | AO9: 0.20274577 | AP9: 0.14979882 | AQ9: 0.018172622 | AR9: 0.17901427 | AS9: 0.12127367 | AT9: 0.0028641065 | AU9: 0.065545952 | AV9: 0.18293981 | AW9: -0.041960112
A10: features.5.block.2.fc2 | B10: 0.45661645 | C10: -0.049516952 | D10: 0.019869615 | E10: 0.012189588 | F10: 0.49603805 | G10: 0.062298778 | H10: 0.0264279 | I10: 0.036428318 | J10: 1 | K10: -0.04955584 | L10: -0.11571729 | M10: 0.010912338 | N10: 0.4033471 | O10: 0.10131891 | P10: -0.11290964 | Q10: 0.19742798 | R10: -0.037026258 | S10: 0.34287018 | T10: 0.14767989 | U10: 0.31836789 | V10: 0.060029635 | W10: -0.15120816 | X10: -0.37290183 | Y10: -0.23378716 | Z10: 0.069489428 | AA10: -0.35200899 | AB10: -0.27463837 | AC10: -0.31889379 | AD10: 0.15635091 | AE10: -0.025151355 | AF10: 0.24301448 | AG10: 0.3028046 | AH10: -0.083124416 | AI10: -0.032596294 | AJ10: 0.22057237 | AK10: 0.17105849 | AL10: -0.0076633017 | AM10: 0.2368945 | AN10: 0.053892791 | AO10: 0.0032407366 | AP10: 0.0028362627 | AQ10: -0.14360797 | AR10: -0.063933171 | AS10: 0.0007681645 | AT10: -0.10954049 | AU10: 0.021052116 | AV10: 0.024155354 | AW10: 0.015402912
A11: sensitivityscore_After_features.5.block.2.fc2_0.5 | B11: -0.0041591383 | C11: 0.11523823 | D11: 0.16326706 | E11: 0.20245505 | F11: -0.037184904 | G11: -0.046615484 | H11: 0.09482575 | I11: 0.26067735 | J11: -0.04955584 | K11: 1 | L11: 0.5278662 | M11: 0.43983495 | N11: -0.20391349 | O11: 0.23477546 | P11: 0.16625945 | Q11: 0.37300602 | R11: 0.00080244989 | S11: -0.17265106 | T11: -0.066485077 | U11: -0.12501795 | V11: 0.28450823 | W11: 0.043931051 | X11: -0.041563231 | Y11: 0.2449982 | Z11: -0.05405226 | AA11: 0.16707115 | AB11: 0.068483767 | AC11: 0.16568223 | AD11: 0.17378876 | AE11: -0.056268107 | AF11: -0.25123483 | AG11: -0.032223206 | AH11: 0.17346979 | AI11: -0.21452548 | AJ11: -0.16448677 | AK11: -0.24327131 | AL11: 0.091023481 | AM11: 0.10929496 | AN11: 0.26525045 | AO11: 0.41029633 | AP11: -0.13562003 | AQ11: -0.15389653 | AR11: -0.061268416 | AS11: -0.06458707 | AT11: 0.064612208 | AU11: 0.1823237 | AV11: -0.072439753 | AW11: -0.21335862
A12: sensitivityscore_After_features.5.block.2.fc2_0.6 | B12: 0.03249871 | C12: -0.032260178 | D12: -0.04469552 | E12: -0.032133057 | F12: -0.13521505 | G12: -0.015642878 | H12: -0.094162291 | I12: 0.084686165 | J12: -0.11571729 | K12: 0.5278662 | L12: 1 | M12: 0.78019032 | N12: -0.14493238 | O12: -0.00049322272 | P12: 0.16395218 | Q12: 0.16211175 | R12: -0.079281403 | S12: -0.12560854 | T12: -0.084967465 | U12: -0.19503188 | V12: 0.1809302 | W12: -0.071194874 | X12: 0.16381676 | Y12: -0.10979657 | Z12: 0.043948761 | AA12: 0.25105807 | AB12: 0.37092517 | AC12: 0.26707336 | AD12: -0.014836062 | AE12: -0.18895958 | AF12: -0.14322631 | AG12: 0.084657458 | AH12: -0.11005983 | AI12: 0.10074859 | AJ12: 0.13732523 | AK12: 0.097249607 | AL12: 0.00019755285 | AM12: -0.18461795 | AN12: -0.080512324 | AO12: 0.10516075 | AP12: 0.042184756 | AQ12: -0.028840183 | AR12: -0.034945484 | AS12: -0.051589268 | AT12: -0.17113882 | AU12: 0.031266229 | AV12: -0.036791727 | AW12: -0.21471524
A13: sensitivityscore_After_features.5.block.2.fc2_0.7 | B13: 0.032220378 | C13: 0.068899795 | D13: -0.1787369 | E13: -0.093934514 | F13: -0.08881381 | G13: -0.07326719 | H13: -0.076241472 | I13: 0.015375964 | J13: 0.010912338 | K13: 0.43983495 | L13: 0.78019032 | M13: 1 | N13: -0.15191829 | O13: -0.070482157 | P13: -0.013696854 | Q13: 0.13391179 | R13: -0.21050031 | S13: -0.068603987 | T13: -0.087116627 | U13: -0.090425745 | V13: 0.11795952 | W13: -0.12453994 | X13: 0.00349 | Y13: -0.13353933 | Z13: -0.04140508 | AA13: 0.14928092 | AB13: 0.22143947 | AC13: 0.12660624 | AD13: 0.031411556 | AE13: -0.13702531 | AF13: -0.055339708 | AG13: 0.19884808 | AH13: -0.1201155 | AI13: 0.038716155 | AJ13: 0.0038025755 | AK13: -0.085923788 | AL13: 0.062262097 | AM13: -0.15958165 | AN13: 0.026349056 | AO13: 0.12251714 | AP13: 0.019015059 | AQ13: -0.010449256 | AR13: -0.039647189 | AS13: -0.19460349 | AT13: -0.12291778 | AU13: -0.023765167 | AV13: -0.13463676 | AW13: -0.24831349
... A49: sensitivityscore_After_features.7.block.3.0_0.7 | B49: 0.073092053 | C49: 0.0073313764 | D49: 0.21647044 | E49: 0.13495408 | F49: 0.17283101 | G49: -0.20585343 | H49: -0.26228604 | I49: -0.041960112 | J49: 0.015402912 | K49: -0.21335862 | L49: -0.21471524 | M49: -0.24831349 | N49: 0.047044041 | O49: -0.027354584 | P49: -0.033753054 | Q49: -0.10093287 | R49: -0.10412065 | S49: -0.04161518 | T49: 0.036523177 | U49: 0.27973284 | V49: 0.085762254 | W49: 0.03920806 | X49: 0.14693737 | Y49: 0.25261377 | Z49: 0.050746292 | AA49: -0.098704157 | AB49: -0.038288955 | AC49: 0.081722638 | AD49: 0.080391874 | AE49: 0.24037337 | AF49: 0.17798235 | AG49: 0.088565362 | AH49: 0.2043331 | AI49: 0.28911991 | AJ49: 0.46928338 | AK49: 0.24319235 | AL49: 0.096237731 | AM49: 0.056505193 | AN49: -0.07414076 | AO49: -0.12133512 | AP49: 0.13167173 | AQ49: -0.028047789 | AR49: -0.0063276821 | AS49: 0.057913917 | AT49: 0.055755235 | AU49: -0.16179852 | AV49: 0.22429858 | AW49: 1

Sheet Class_2
B1: features.5.block.0.0 | C1: sensitivityscore_After_features.5.block.0.0_0.5 | D1: sensitivityscore_After_features.5.block.0.0_0.6 | E1: sensitivityscore_After_features.5.block.0.0_0.7 | F1: features.5.block.1.0 | G1: sensitivityscore_After_features.5.block.1.0_0.5 | H1: sensitivityscore_After_features.5.block.1.0_0.6 | I1: sensitivityscore_After_features.5.block.1.0_0.7 | J1: features.5.block.2.fc2 | K1: sensitivityscore_After_features.5.block.2.fc2_0.5 | L1: sensitivityscore_After_features.5.block.2.fc2_0.6 | M1: sensitivityscore_After_features.5.block.2.fc2_0.7 | N1: features.5.block.3.0 | O1: sensitivityscore_After_features.5.block.3.0_0.5 | P1: sensitivityscore_After_features.5.block.3.0_0.6 | Q1: sensitivityscore_After_features.5.block.3.0_0.7 | R1: features.6.block.0.0 | S1: sensitivityscore_After_features.6.block.0.0_0.5 | T1: sensitivityscore_After_features.6.block.0.0_0.6 | U1: sensitivityscore_After_features.6.block.0.0_0.7 | V1: features.6.block.1.0 | W1: sensitivityscore_After_features.6.block.1.0_0.5 | X1: sensitivityscore_After_features.6.block.1.0_0.6 | Y1: sensitivityscore_After_features.6.block.1.0_0.7 | Z1: features.6.block.2.fc2 | AA1: sensitivityscore_After_features.6.block.2.fc2_0.5 | AB1: sensitivityscore_After_features.6.block.2.fc2_0.6 | AC1: sensitivityscore_After_features.6.block.2.fc2_0.7 | AD1: features.6.block.3.0 | AE1: sensitivityscore_After_features.6.block.3.0_0.5 | AF1: sensitivityscore_After_features.6.block.3.0_0.6 | AG1: sensitivityscore_After_features.6.block.3.0_0.7 | AH1: features.7.block.0.0 | AI1: sensitivityscore_After_features.7.block.0.0_0.5 | AJ1: sensitivityscore_After_features.7.block.0.0_0.6 | AK1: sensitivityscore_After_features.7.block.0.0_0.7 | AL1: features.7.block.1.0 | AM1: sensitivityscore_After_features.7.block.1.0_0.5 | AN1: sensitivityscore_After_features.7.block.1.0_0.6 | AO1: sensitivityscore_After_features.7.block.1.0_0.7 | AP1: features.7.block.2.fc2 | AQ1: sensitivityscore_After_features.7.block.2.fc2_0.5 | AR1: sensitivityscore_After_features.7.block.2.fc2_0.6 | AS1: sensitivityscore_After_features.7.block.2.fc2_0.7 | AT1: features.7.block.3.0 | AU1: sensitivityscore_After_features.7.block.3.0_0.5 | AV1: sensitivityscore_After_features.7.block.3.0_0.6 | AW1: sensitivityscore_After_features.7.block.3.0_0.7
A2: features.5.block.0.0 | B2: 1 | C2: 0.27108774 | D2: 0.01982386 | E2: -0.019356318 | F2: 0.60977576 | G2: -0.22247979 | H2: -0.15008797 | I2: -0.067637627 | J2: 0.15070261 | K2: -0.032918991 | L2: -0.010009452 | M2: -0.024120054 | N2: 0.44151378 | O2: 0.36130324 | P2: 0.15548183 | Q2: 0.27129691 | R2: 0.28738702 | S2: -0.033981441 | T2: 0.17590122 | U2: 0.078484149 | V2: 0.3284837 | W2: -0.13933315 | X2: 0.04070156 | Y2: -0.085340954 | Z2: 0.4980918 | AA2: -0.10533205 | AB2: -0.19464544 | AC2: -0.038164883 | AD2: 0.035383436 | AE2: -0.072923174 | AF2: 0.031783413 | AG2: 0.057040233 | AH2: 0.036985339 | AI2: 0.059656578 | AJ2: 0.079514144 | AK2: -0.064244845 | AL2: -0.094711408 | AM2: 0.054791844 | AN2: -0.13898648 | AO2: -0.047242183 | AP2: -0.1032079 | AQ2: -0.08642658 | AR2: -0.011751417 | AS2: 0.010595206 | AT2: -0.18377025 | AU2: 0.02332188 | AV2: 0.0041765157 | AW2: -0.18352871
A3: sensitivityscore_After_features.5.block.0.0_0.5 | B3: 0.27108774 | C3: 1 | D3: 0.55412238 | E3: 0.44029093 | F3: 0.18875884 | G3: -0.33250934 | H3: -0.19302004 | I3: -0.24338006 | J3: -0.010155827 | K3: -0.059237056 | L3: -0.067263833 | M3: 0.026240656 | N3: -0.071587701 | O3: 0.0023562347 | P3: -0.052573062 | Q3: 0.13987845 | R3: -0.26074098 | S3: 0.093209995 | T3: 0.12420674 | U3: 0.070712701 | V3: 0.11790756 | W3: -0.34785507 | X3: -0.14197437 | Y3: -0.15848074 | Z3: 0.22640138 | AA3: 0.092305478 | AB3: 0.041980348 | AC3: -0.036012855 | AD3: -0.11361129 | AE3: -0.041963072 | AF3: 0.22179373 | AG3: 0.11628697 | AH3: -0.14974582 | AI3: -0.15522817 | AJ3: 0.13065396 | AK3: -0.028048471 | AL3: 0.057022214 | AM3: 0.039721939 | AN3: -0.082965179 | AO3: 0.081657335 | AP3: 0.18307701 | AQ3: -0.058090733 | AR3: 0.13920991 | AS3: 0.19771545 | AT3: -0.091374176 | AU3: -0.39195107 | AV3: -0.09159071 | AW3: 0.095875212
A4: sensitivityscore_After_features.5.block.0.0_0.6 | B4: 0.01982386 | C4: 0.55412238 | D4: 1 | E4: 0.73269555 | F4: 0.096111857 | G4: -0.032400469 | H4: -0.11028274 | I4: -0.26891981 | J4: 0.016410107 | K4: 0.0093109611 | L4: -0.083642385 | M4: 0.025227699 | N4: -0.18812386 | O4: 0.099177736 | P4: -0.041764822 | Q4: 0.28516496 | R4: -0.41873804 | S4: 0.2026591 | T4: 0.14173893 | U4: 0.2098821 | V4: -0.16497737 | W4: -0.087746522 | X4: 0.16656478 | Y4: 0.093953241 | Z4: -0.0059633082 | AA4: -0.20109727 | AB4: -0.076817093 | AC4: -0.28446901 | AD4: -0.04461909 | AE4: 0.14365531 | AF4: 0.31916209 | AG4: 0.32733815 | AH4: -0.14704691 | AI4: -0.12961812 | AJ4: 0.06107422 | AK4: 0.0067570429 | AL4: -0.069328629 | AM4: -0.046510962 | AN4: 0.0097167518 | AO4: -0.048340739 | AP4: 0.25336438 | AQ4: -0.16112711 | AR4: -0.018874393 | AS4: -0.051931683 | AT4: -0.02268409 | AU4: -0.099356652 | AV4: -0.24402525 | AW4: 0.41248567
A5: sensitivityscore_After_features.5.block.0.0_0.7 | B5: -0.019356318 | C5: 0.44029093 | D5: 0.73269555 | E5: 1 | F5: -0.0067484494 | G5: 0.11477275 | H5: 0.099955662 | I5: -0.12065636 | J5: -0.055439759 | K5: 0.065728343 | L5: 0.0033995329 | M5: 0.010088481 | N5: -0.22358972 | O5: 0.11247017 | P5: 0.049023945 | Q5: 0.13989837 | R5: -0.27218496 | S5: 0.35806242 | T5: 0.26027003 | U5: 0.20947325 | V5: 0.023302094 | W5: -0.057565904 | X5: -0.0016163481 | Y5: -0.052612529 | Z5: -0.02776377 | AA5: -0.096493567 | AB5: 0.06550694 | AC5: -0.044881403 | AD5: 0.10044777 | AE5: 0.12863042 | AF5: 0.2155206 | AG5: 0.25505334 | AH5: -0.10020667 | AI5: -0.099259356 | AJ5: -0.075106581 | AK5: -0.10622127 | AL5: -0.052322967 | AM5: 0.049437715 | AN5: 0.23701327 | AO5: 0.056008694 | AP5: 0.37025816 | AQ5: -0.22753609 | AR5: -0.18749165 | AS5: -0.22202944 | AT5: -0.051626926 | AU5: -0.1431032 | AV5: -0.13745864 | AW5: 0.3600069
A6: features.5.block.1.0 | B6: 0.60977576 | C6: 0.18875884 | D6: 0.096111857 | E6: -0.0067484494 | F6: 1 | G6: -0.094609107 | H6: -0.27677501 | I6: -0.082349097 | J6: -0.0012494638 | K6: 0.041801774 | L6: -0.1431326 | M6: -0.098999252 | N6: 0.062889825 | O6: 0.033252662 | P6: 0.0023251039 | Q6: 0.20659813 | R6: -0.07765661 | S6: 0.036971045 | T6: 0.25814127 | U6: 0.36283688 | V6: 0.013384757 | W6: 0.041412869 | X6: 0.12184691 | Y6: 0.10251428 | Z6: 0.12710075 | AA6: -0.00071183762 | AB6: 0.13231498 | AC6: -0.11353565 | AD6: -0.15061795 | AE6: 0.089830366 | AF6: 0.15886852 | AG6: 0.078248744 | AH6: -0.13712317 | AI6: 0.029970912 | AJ6: -0.023291333 | AK6: 0.043173905 | AL6: -0.051382377 | AM6: 0.0040501673 | AN6: -0.066130211 | AO6: -0.15746132 | AP6: -0.093322402 | AQ6: -0.12517565 | AR6: -0.14700128 | AS6: -0.088252175 | AT6: -0.29090002 | AU6: 0.11242835 | AV6: 0.051125009 | AW6: -0.12432641
A7: sensitivityscore_After_features.5.block.1.0_0.5 | B7: -0.22247979 | C7: -0.33250934 | D7: -0.032400469 | E7: 0.11477275 | F7: -0.094609107 | G7: 1 | H7: 0.39572129 | I7: 0.35633605 | J7: -0.077334209 | K7: 0.13653616 | L7: 0.062144903 | M7: 0.075690098 | N7: -0.10441559 | O7: -0.00081861116 | P7: 0.098749947 | Q7: 0.10383028 | R7: -0.12532167 | S7: -0.19681883 | T7: -0.013629601 | U7: 0.0028698466 | V7: -0.068947691 | W7: 0.064558875 | X7: 0.058575554 | Y7: 0.11826539 | Z7: -0.12167532 | AA7: 0.020933447 | AB7: 0.070437508 | AC7: 0.058907413 | AD7: 0.11265093 | AE7: 0.098070971 | AF7: 0.001484746 | AG7: -0.078584202 | AH7: 0.040146207 | AI7: 0.2766827 | AJ7: 0.059530003 | AK7: -0.030047614 | AL7: 0.032731416 | AM7: 0.099096267 | AN7: 0.20975801 | AO7: -0.20818693 | AP7: 0.069754089 | AQ7: 0.089870779 | AR7: -0.088360205 | AS7: -0.11044244 | AT7: 0.2540524 | AU7: 0.097182726 | AV7: 0.2496037 | AW7: 0.12461054
A8: sensitivityscore_After_features.5.block.1.0_0.6 | B8: -0.15008797 | C8: -0.19302004 | D8: -0.11028274 | E8: 0.099955662 | F8: -0.27677501 | G8: 0.39572129 | H8: 1 | I8: 0.66473164 | J8: 0.14283492 | K8: -0.13628477 | L8: 0.15269108 | M8: 0.1266691 | N8: -0.087416138 | O8: 0.017218403 | P8: -0.0069889544 | Q8: -0.07530969 | R8: 0.069095576 | S8: -0.029752543 | T8: -0.098860908 | U8: -0.093088968 | V8: -0.046810359 | W8: 0.10280771 | X8: 0.053802022 | Y8: 0.059972597 | Z8: -0.01558979 | AA8: 0.017604084 | AB8: 0.15554924 | AC8: 0.21515615 | AD8: 0.0067991042 | AE8: 0.021506007 | AF8: -0.016271784 | AG8: -0.17578015 | AH8: 0.061534079 | AI8: 0.26688769 | AJ8: 0.055578556 | AK8: 0.034682113 | AL8: 0.066212376 | AM8: 0.19933813 | AN8: 0.28308672 | AO8: 0.0062784334 | AP8: 0.13940599 | AQ8: -0.18286765 | AR8: -0.34798827 | AS8: -0.15037051 | AT8: 0.29104431 | AU8: 0.22977839 | AV8: -0.082295629 | AW8: -0.037362327
A9: sensitivityscore_After_features.5.block.1.0_0.7 | B9: -0.067637627 | C9: -0.24338006 | D9: -0.26891981 | E9: -0.12065636 | F9: -0.082349097 | G9: 0.35633605 | H9: 0.66473164 | I9: 1 | J9: 0.1158529 | K9: -0.16887579 | L9: 0.2172002 | M9: 0.11656846 | N9: 0.076182755 | O9: -0.17086083 | P9: 0.0083956811 | Q9: 0.17345224 | R9: 0.056816886 | S9: -0.11676168 | T9: -0.0033775803 | U9: -0.13889221 | V9: -0.089572578 | W9: 0.092524047 | X9: -0.020032527 | Y9: 0.16948369 | Z9: 0.072072665 | AA9: 0.063925272 | AB9: 0.16114509 | AC9: 0.17567089 | AD9: -0.06240679 | AE9: -0.21598045 | AF9: -0.16541125 | AG9: -0.11900032 | AH9: 0.039781928 | AI9: 0.23761134 | AJ9: 0.0067999167 | AK9: -0.095901906 | AL9: 0.074512977 | AM9: 0.22334441 | AN9: 0.33060081 | AO9: 0.20652818 | AP9: 0.022776108 | AQ9: -0.08352006 | AR9: -0.30477799 | AS9: -0.024021109 | AT9: 0.16059553 | AU9: 0.20485974 | AV9: 0.076988044 | AW9: -0.034621253
A10: features.5.block.2.fc2 | B10: 0.15070261 | C10: -0.010155827 | D10: 0.016410107 | E10: -0.055439759 | F10: -0.0012494638 | G10: -0.077334209 | H10: 0.14283492 | I10: 0.1158529 | J10: 1 | K10: -0.12284846 | L10: 0.046232243 | M10: -0.036541908 | N10: 0.091981462 | O10: 0.079173086 | P10: -0.050089566 | Q10: -0.23297633 | R10: 0.20810657 | S10: -0.28529658 | T10: -0.15780865 | U10: 0.016077448 | V10: -0.094352436 | W10: -0.018309363 | X10: 0.030737555 | Y10: -0.049859952 | Z10: 0.33070787 | AA10: -0.01835477 | AB10: -0.059567737 | AC10: -0.046832018 | AD10: -0.12323554 | AE10: 0.029809191 | AF10: 0.059441001 | AG10: 0.051905456 | AH10: -0.44204177 | AI10: 0.46263773 | AJ10: 0.30430676 | AK10: 0.095711048 | AL10: -0.34256012 | AM10: 0.038123346 | AN10: 0.17560185 | AO10: 0.15097028 | AP10: -0.070249987 | AQ10: -0.1195838 | AR10: 0.019617299 | AS10: 0.05524125 | AT10: -0.23483518 | AU10: -0.048738195 | AV10: -0.15905243 | AW10: -0.25746268
A11: sensitivityscore_After_features.5.block.2.fc2_0.5 | B11: -0.032918991 | C11: -0.059237056 | D11: 0.0093109611 | E11: 0.065728343 | F11: 0.041801774 | G11: 0.13653616 | H11: -0.13628477 | I11: -0.16887579 | J11: -0.12284846 | K11: 1 | L11: 0.63539588 | M11: 0.55099238 | N11: -0.20744073 | O11: 0.06852043 | P11: 0.089522474 | Q11: 0.038979693 | R11: -0.24414092 | S11: 0.017138237 | T11: 0.25172957 | U11: 0.15359267 | V11: 0.077804157 | W11: 0.093640277 | X11: 0.086963298 | Y11: 0.042397542 | Z11: -0.060245355 | AA11: 0.11328767 | AB11: -0.044689753 | AC11: -0.038322704 | AD11: 0.335137 | AE11: 0.13435899 | AF11: 0.017757818 | AG11: -0.036550133 | AH11: 0.117606 | AI11: -0.29626626 | AJ11: -0.33472123 | AK11: -0.023726617 | AL11: -0.20795648 | AM11: 0.20366985 | AN11: 0.045062695 | AO11: -0.16757112 | AP11: -0.20001241 | AQ11: 0.10494006 | AR11: 0.041534028 | AS11: -0.067610427 | AT11: 0.081275389 | AU11: -0.19286408 | AV11: 0.10045612 | AW11: -0.035851202
A12: sensitivityscore_After_features.5.block.2.fc2_0.6 | B12: -0.010009452 | C12: -0.067263833 | D12: -0.083642385 | E12: 0.0033995329 | F12: -0.1431326 | G12: 0.062144903 | H12: 0.15269108 | I12: 0.2172002 | J12: 0.046232243 | K12: 0.63539588 | L12: 1 | M12: 0.78890083 | N12: -0.10452826 | O12: 0.059204473 | P12: 0.093292199 | Q12: 0.10242043 | R12: 0.030187038 | S12: -0.083456532 | T12: 0.20276793 | U12: 0.096843795 | V12: -0.019848196 | W12: 0.1673919 | X12: 0.058861665 | Y12: -0.01554897 | Z12: 0.036943803 | AA12: 0.13622802 | AB12: -0.038973742 | AC12: 0.10900454 | AD12: 0.19521353 | AE12: -0.0159244 | AF12: 0.058574429 | AG12: 0.068492042 | AH12: -0.028264486 | AI12: -0.11064557 | AJ12: -0.1298655 | AK12: 0.24829811 | AL12: -0.27692084 | AM12: 0.23755565 | AN12: 0.19040873 | AO12: -0.13211761 | AP12: -0.25412207 | AQ12: -0.13550189 | AR12: -0.19494214 | AS12: -0.18611051 | AT12: 0.13688156 | AU12: -0.20448594 | AV12: -0.018427882 | AW12: -0.013791398
A13: sensitivityscore_After_features.5.block.2.fc2_0.7 | B13: -0.024120054 | C13: 0.026240656 | D13: 0.025227699 | E13: 0.010088481 | F13: -0.098999252 | G13: 0.075690098 | H13: 0.1266691 | I13: 0.11656846 | J13: -0.036541908 | K13: 0.55099238 | L13: 0.78890083 | M13: 1 | N13: -0.24600126 | O13: 0.10450618 | P13: 0.1788468 | Q13: 0.16191381 | R13: -0.08269424 | S13: -0.12039415 | T13: 0.24972018 | U13: 0.14866031 | V13: -0.027437805 | W13: 0.088128524 | X13: 0.095167531 | Y13: 0.041882637 | Z13: -0.081940165 | AA13: 0.13831466 | AB13: -0.064230318 | AC13: 0.16091267 | AD13: 0.28919277 | AE13: 0.071072202 | AF13: 0.092308066 | AG13: 0.014233992 | AH13: -0.048595208 | AI13: -0.20843442 | AJ13: -0.03958462 | AK13: 0.29893219 | AL13: -0.35295191 | AM13: 0.16991545 | AN13: 0.282402 | AO13: -0.083610811 | AP13: 0.011146188 | AQ13: -0.084682774 | AR13: -0.11874313 | AS13: -0.11299709 | AT13: 0.086965342 | AU13: -0.095612394 | AV13: -0.035676689 | AW13: 0.017080817
... A49: sensitivityscore_After_features.7.block.3.0_0.7 | B49: -0.18352871 | C49: 0.095875212 | D49: 0.41248567 | E49: 0.3600069 | F49: -0.12432641 | G49: 0.12461054 | H49: -0.037362327 | I49: -0.034621253 | J49: -0.25746268 | K49: -0.035851202 | L49: -0.013791398 | M49: 0.017080817 | N49: -0.092572594 | O49: -0.11384471 | P49: -0.18950175 | Q49: 0.19898 | R49: -0.0412124 | S49: 0.30516596 | T49: 0.18717763 | U49: -0.015101262 | V49: -0.12239342 | W49: 0.036677388 | X49: 0.0598986 | Y49: 0.13138946 | Z49: 0.034829305 | AA49: -0.16197686 | AB49: 0.077662169 | AC49: 0.016231699 | AD49: -0.072687282 | AE49: 0.062430578 | AF49: 0.1028414 | AG49: 0.18109583 | AH49: -0.081044099 | AI49: -0.15361122 | AJ49: -0.047754975 | AK49: -0.17293121 | AL49: -0.018242213 | AM49: -0.1446058 | AN49: 0.019148321 | AO49: -0.022613576 | AP49: 0.33090296 | AQ49: -0.042454298 | AR49: -0.2023954 | AS49: -0.18471306 | AT49: -0.032938911 | AU49: 0.20458118 | AV49: -0.19049569 | AW49: 1

Sheet Class_3
B1: features.5.block.0.0 | C1: sensitivityscore_After_features.5.block.0.0_0.5 | D1: sensitivityscore_After_features.5.block.0.0_0.6 | E1: sensitivityscore_After_features.5.block.0.0_0.7 | F1: features.5.block.1.0 | G1: sensitivityscore_After_features.5.block.1.0_0.5 | H1: sensitivityscore_After_features.5.block.1.0_0.6 | I1: sensitivityscore_After_features.5.block.1.0_0.7 | J1: features.5.block.2.fc2 | K1: sensitivityscore_After_features.5.block.2.fc2_0.5 | L1: sensitivityscore_After_features.5.block.2.fc2_0.6 | M1: sensitivityscore_After_features.5.block.2.fc2_0.7 | N1: features.5.block.3.0 | O1: sensitivityscore_After_features.5.block.3.0_0.5 | P1: sensitivityscore_After_features.5.block.3.0_0.6 | Q1: sensitivityscore_After_features.5.block.3.0_0.7 | R1: features.6.block.0.0 | S1: sensitivityscore_After_features.6.block.0.0_0.5 | T1: sensitivityscore_After_features.6.block.0.0_0.6 | U1: sensitivityscore_After_features.6.block.0.0_0.7 | V1: features.6.block.1.0 | W1: sensitivityscore_After_features.6.block.1.0_0.5 | X1: sensitivityscore_After_features.6.block.1.0_0.6 | Y1: sensitivityscore_After_features.6.block.1.0_0.7 | Z1: features.6.block.2.fc2 | AA1: sensitivityscore_After_features.6.block.2.fc2_0.5 | AB1: sensitivityscore_After_features.6.block.2.fc2_0.6 | AC1: sensitivityscore_After_features.6.block.2.fc2_0.7 | AD1: features.6.block.3.0 | AE1: sensitivityscore_After_features.6.block.3.0_0.5 | AF1: sensitivityscore_After_features.6.block.3.0_0.6 | AG1: sensitivityscore_After_features.6.block.3.0_0.7 | AH1: features.7.block.0.0 | AI1: sensitivityscore_After_features.7.block.0.0_0.5 | AJ1: sensitivityscore_After_features.7.block.0.0_0.6 | AK1: sensitivityscore_After_features.7.block.0.0_0.7 | AL1: features.7.block.1.0 | AM1: sensitivityscore_After_features.7.block.1.0_0.5 | AN1: sensitivityscore_After_features.7.block.1.0_0.6 | AO1: sensitivityscore_After_features.7.block.1.0_0.7 | AP1: features.7.block.2.fc2 | AQ1: sensitivityscore_After_features.7.block.2.fc2_0.5 | AR1: sensitivityscore_After_features.7.block.2.fc2_0.6 | AS1: sensitivityscore_After_features.7.block.2.fc2_0.7 | AT1: features.7.block.3.0 | AU1: sensitivityscore_After_features.7.block.3.0_0.5 | AV1: sensitivityscore_After_features.7.block.3.0_0.6 | AW1: sensitivityscore_After_features.7.block.3.0_0.7
A2: features.5.block.0.0 | B2: 1 | C2: 0.066080648 | D2: -0.0097822594 | E2: -0.09238304 | F2: 0.5339117 | G2: -0.029434918 | H2: -0.067973677 | I2: -0.10378439 | J2: 0.23880588 | K2: -0.10489941 | L2: -0.12824104 | M2: -0.074290167 | N2: 0.48381661 | O2: -0.021205504 | P2: -0.182382 | Q2: 0.054440607 | R2: 0.15091388 | S2: -0.06536808 | T2: 0.1617047 | U2: 0.019470119 | V2: 0.37388392 | W2: -0.071291878 | X2: -0.072313771 | Y2: -0.051040033 | Z2: -0.1909612 | AA2: -0.038818398 | AB2: -0.057269304 | AC2: -0.016876739 | AD2: -0.13051729 | AE2: 0.13072524 | AF2: -0.00039009967 | AG2: 0.086969327 | AH2: 0.083236396 | AI2: -0.036712083 | AJ2: 0.16785248 | AK2: 0.22144106 | AL2: 0.15247535 | AM2: 0.067330897 | AN2: 0.36910784 | AO2: -0.10849707 | AP2: 0.18215968 | AQ2: -0.27908992 | AR2: -0.24356714 | AS2: -0.31032863 | AT2: 0.042944989 | AU2: -0.0087003307 | AV2: 0.12640732 | AW2: 0.029479851
A3: sensitivityscore_After_features.5.block.0.0_0.5 | B3: 0.066080648 | C3: 1 | D3: 0.58579296 | E3: 0.4767026 | F3: 0.075367767 | G3: -0.10265025 | H3: -0.20837385 | I3: 0.04415697 | J3: -0.2092806 | K3: -0.038006112 | L3: -0.061379494 | M3: -0.032789649 | N3: -0.070308252 | O3: 0.1070344 | P3: -0.057879768 | Q3: 0.061501577 | R3: -0.14839207 | S3: -0.13043521 | T3: 0.035580401 | U3: 0.038112883 | V3: -0.1353738 | W3: 0.053938531 | X3: 0.04749738 | Y3: -0.1543599 | Z3: 0.023768411 | AA3: -0.15758598 | AB3: -0.12893251 | AC3: 0.036792265 | AD3: 0.13673982 | AE3: 0.087574041 | AF3: 0.2053309 | AG3: 0.16497874 | AH3: 0.15257282 | AI3: -0.021716461 | AJ3: 0.013721858 | AK3: 0.22256133 | AL3: 0.18711592 | AM3: -0.013913259 | AN3: -0.0078632552 | AO3: -0.17355255 | AP3: -0.065829051 | AQ3: -0.082256061 | AR3: -0.023936536 | AS3: -0.13369176 | AT3: 0.078711899 | AU3: 0.13889431 | AV3: -0.18964935 | AW3: 0.24529023
A4: sensitivityscore_After_features.5.block.0.0_0.6 | B4: -0.0097822594 | C4: 0.58579296 | D4: 1 | E4: 0.69815748 | F4: 0.13970304 | G4: -0.075408276 | H4: -0.32238979 | I4: -0.029651388 | J4: -0.17013609 | K4: -0.01393524 | L4: -0.15001151 | M4: -0.14886189 | N4: 0.015010995 | O4: 0.043446766 | P4: -0.055937561 | Q4: 0.0056475859 | R4: 0.056446446 | S4: -0.036128274 | T4: 0.14078893 | U4: 0.1490295 | V4: -0.065384663 | W4: 0.041043916 | X4: -0.059359128 | Y4: -0.13578383 | Z4: -0.041091977 | AA4: -0.18147013 | AB4: -0.14244617 | AC4: 0.058750567 | AD4: 0.15269205 | AE4: -0.066203004 | AF4: 0.025912586 | AG4: 0.11564006 | AH4: -0.0080257711 | AI4: 0.23716709 | AJ4: 0.30364187 | AK4: 0.36377549 | AL4: 0.0019321058 | AM4: 0.053138556 | AN4: 0.11100645 | AO4: -0.1395077 | AP4: 0.061960676 | AQ4: 0.11964474 | AR4: 0.030518869 | AS4: -0.13163142 | AT4: -0.086989691 | AU4: -0.064680426 | AV4: 0.039071459 | AW4: 0.089861901
A5: sensitivityscore_After_features.5.block.0.0_0.7 | B5: -0.09238304 | C5: 0.4767026 | D5: 0.69815748 | E5: 1 | F5: 0.10673388 | G5: 0.043695636 | H5: -0.18399187 | I5: -0.0050080564 | J5: -0.041515973 | K5: 0.028225889 | L5: -0.19081016 | M5: -0.20089309 | N5: -0.025983936 | O5: -0.10502812 | P5: -0.20666357 | Q5: -0.13639691 | R5: -0.10924514 | S5: 0.0058610082 | T5: -0.01419281 | U5: 0.20489464 | V5: -0.11291791 | W5: -0.030279961 | X5: 0.0077820435 | Y5: -0.18166466 | Z5: -0.020505174 | AA5: -0.20871997 | AB5: -0.22324929 | AC5: -0.086822671 | AD5: 0.11047032 | AE5: -0.15440381 | AF5: -0.093058027 | AG5: -0.10170975 | AH5: -0.019927022 | AI5: 0.2054278 | AJ5: 0.20570199 | AK5: 0.20201484 | AL5: 0.057220514 | AM5: -0.098617289 | AN5: -0.032383718 | AO5: -0.065934442 | AP5: 0.039520844 | AQ5: 0.062842638 | AR5: 0.08955616 | AS5: 0.034877525 | AT5: -0.025580519 | AU5: -0.037512947 | AV5: -0.012260292 | AW5: 0.066138201
A6: features.5.block.1.0 | B6: 0.5339117 | C6: 0.075367767 | D6: 0.13970304 | E6: 0.10673388 | F6: 1 | G6: -0.064904239 | H6: -0.15938074 | I6: -0.038080884 | J6: 0.32533497 | K6: -0.10611729 | L6: -0.16836761 | M6: -0.14391362 | N6: 0.64128442 | O6: -0.19727005 | P6: -0.076964279 | Q6: -0.11858457 | R6: -0.012139858 | S6: -0.1186157 | T6: 0.16892717 | U6: 0.017226248 | V6: 0.45182845 | W6: -0.12846336 | X6: -0.2506656 | Y6: -0.14235689 | Z6: -0.0035091332 | AA6: -0.013102818 | AB6: -0.18528983 | AC6: -0.1333297 | AD6: 0.00029688359 | AE6: -0.09589639 | AF6: -0.068989214 | AG6: 0.058033981 | AH6: 0.15586997 | AI6: 0.22420701 | AJ6: 0.22093105 | AK6: 0.076887074 | AL6: 0.19115945 | AM6: 0.010838235 | AN6: 0.36280311 | AO6: -0.23292577 | AP6: -0.036823013 | AQ6: -0.20652634 | AR6: -0.18934624 | AS6: -0.16671878 | AT6: 0.11201233 | AU6: -0.049433348 | AV6: 0.019548266 | AW6: 0.028299661
A7: sensitivityscore_After_features.5.block.1.0_0.5 | B7: -0.029434918 | C7: -0.10265025 | D7: -0.075408276 | E7: 0.043695636 | F7: -0.064904239 | G7: 1 | H7: 0.63633788 | I7: 0.5617194 | J7: -0.095647696 | K7: 0.090595277 | L7: 0.25964724 | M7: 0.20200424 | N7: 0.18206 | O7: -0.022275933 | P7: -0.060865886 | Q7: -0.081754717 | R7: -0.065364028 | S7: 0.038994233 | T7: -0.1038868 | U7: 0.038094019 | V7: 0.076538273 | W7: -0.13891314 | X7: -0.12342653 | Y7: -0.16145861 | Z7: -0.29554725 | AA7: -0.12003507 | AB7: -0.066166015 | AC7: -0.21177868 | AD7: 0.045244413 | AE7: 0.046279178 | AF7: -0.20340134 | AG7: -0.23352821 | AH7: -0.068980103 | AI7: 0.11308085 | AJ7: 0.065411491 | AK7: -0.023136337 | AL7: -0.11065269 | AM7: -0.0020485637 | AN7: 0.022138084 | AO7: 0.10715457 | AP7: 0.085358735 | AQ7: -0.078353267 | AR7: -0.011145711 | AS7: 0.10974831 | AT7: -0.084829718 | AU7: -0.27317639 | AV7: 0.24199223 | AW7: 0.070023588
A8: sensitivityscore_After_features.5.block.1.0_0.6 | B8: -0.067973677 | C8: -0.20837385 | D8: -0.32238979 | E8: -0.18399187 | F8: -0.15938074 | G8: 0.63633788 | H8: 1 | I8: 0.55629904 | J8: -0.17508741 | K8: 0.085106432 | L8: 0.31983484 | M8: 0.19255324 | N8: 0.0019962613 | O8: 0.018084687 | P8: 0.13662912 | Q8: -0.015364731 | R8: 0.061095381 | S8: 0.11225942 | T8: -0.089716572 | U8: -0.079409453 | V8: 0.18497775 | W8: 0.06738454 | X8: 0.065094383 | Y8: 0.13730255 | Z8: -0.40531171 | AA8: 0.11890272 | AB8: 0.16112865 | AC8: -0.056882618 | AD8: -0.011072629 | AE8: 0.084159135 | AF8: -0.39435762 | AG8: -0.39777634 | AH8: 0.10825444 | AI8: 0.022345587 | AJ8: 0.027726253 | AK8: 0.046959745 | AL8: 0.052824892 | AM8: 0.045404967 | AN8: -0.049347821 | AO8: 0.29415196 | AP8: 0.100809 | AQ8: -0.080847042 | AR8: 0.11898154 | AS8: 0.23798864 | AT8: 0.069303337 | AU8: -0.23593404 | AV8: 0.028967642 | AW8: 0.00096168237
A9: sensitivityscore_After_features.5.block.1.0_0.7 | B9: -0.10378439 | C9: 0.04415697 | D9: -0.029651388 | E9: -0.0050080564 | F9: -0.038080884 | G9: 0.5617194 | H9: 0.55629904 | I9: 1 | J9: -0.15526412 | K9: -0.0046485334 | L9: 0.11189502 | M9: 0.080366769 | N9: 0.0056274921 | O9: 0.010929645 | P9: 0.1545438 | Q9: -0.21267019 | R9: 0.033510009 | S9: 0.13010971 | T9: -0.023678718 | U9: 0.011881601 | V9: 0.1508066 | W9: -0.14830394 | X9: 0.078911297 | Y9: 0.06315444 | Z9: -0.10549673 | AA9: -0.010257259 | AB9: 0.03032543 | AC9: -0.19632883 | AD9: 0.26172876 | AE9: 0.12581496 | AF9: -0.14955225 | AG9: -0.13768057 | AH9: 0.012921932 | AI9: -0.15286019 | AJ9: -0.067030739 | AK9: 0.062458234 | AL9: 0.014635522 | AM9: 0.065581356 | AN9: 0.048934006 | AO9: 0.12334247 | AP9: 0.1630799 | AQ9: -0.090966979 | AR9: 0.068938657 | AS9: 0.062769852 | AT9: 0.021234825 | AU9: -0.18673177 | AV9: 0.13730012 | AW9: -0.083279404
A10: features.5.block.2.fc2 | B10: 0.23880588 | C10: -0.2092806 | D10: -0.17013609 | E10: -0.041515973 | F10: 0.32533497 | G10: -0.095647696 | H10: -0.17508741 | I10: -0.15526412 | J10: 1 | K10: -0.23521747 | L10: -0.33370616 | M10: -0.39169053 | N10: 0.21731059 | O10: -0.16840657 | P10: -0.071521484 | Q10: -0.0079170565 | R10: -0.060511879 | S10: 0.057800256 | T10: 0.13876622 | U10: 0.14698422 | V10: 0.15324242 | W10: -0.04548226 | X10: 0.049432575 | Y10: 0.039673995 | Z10: 0.08902199 | AA10: 0.14609686 | AB10: 0.13972579 | AC10: -0.038635922 | AD10: -0.37489004 | AE10: -0.218767 | AF10: -0.084397946 | AG10: 0.012885927 | AH10: -0.4020955 | AI10: -0.023235269 | AJ10: -0.19752647 | AK10: -0.15733358 | AL10: -0.31549271 | AM10: 0.019194561 | AN10: -0.037734218 | AO10: -0.1240066 | AP10: 0.053269205 | AQ10: -0.20814233 | AR10: -0.099908124 | AS10: 0.026525174 | AT10: -0.1919476 | AU10: 0.064193485 | AV10: 0.11428918 | AW10: -0.10745004
A11: sensitivityscore_After_features.5.block.2.fc2_0.5 | B11: -0.10489941 | C11: -0.038006112 | D11: -0.01393524 | E11: 0.028225889 | F11: -0.10611729 | G11: 0.090595277 | H11: 0.085106432 | I11: -0.0046485334 | J11: -0.23521747 | K11: 1 | L11: 0.76813379 | M11: 0.69785552 | N11: -0.053657957 | O11: 0.050724874 | P11: -0.10962185 | Q11: -0.24168999 | R11: -0.10750367 | S11: 0.21105201 | T11: -0.042956367 | U11: -0.052638467 | V11: 0.026117016 | W11: 0.028358484 | X11: 0.094830727 | Y11: 0.17574017 | Z11: -0.00011867707 | AA11: 0.38826229 | AB11: 0.23828247 | AC11: 0.16232769 | AD11: 0.026420043 | AE11: 0.35510157 | AF11: 0.17055188 | AG11: -0.042573157 | AH11: 0.26647293 | AI11: -0.01902166 | AJ11: 0.14156355 | AK11: 0.027040382 | AL11: 0.26911776 | AM11: -0.10413292 | AN11: 0.13561988 | AO11: 0.13774875 | AP11: -0.14488652 | AQ11: 0.28464433 | AR11: 0.20158789 | AS11: 0.075595511 | AT11: 0.13241741 | AU11: -0.043178406 | AV11: -0.13102484 | AW11: 0.011254911
A12: sensitivityscore_After_features.5.block.2.fc2_0.6 | B12: -0.12824104 | C12: -0.061379494 | D12: -0.15001151 | E12: -0.19081016 | F12: -0.16836761 | G12: 0.25964724 | H12: 0.31983484 | I12: 0.11189502 | J12: -0.33370616 | K12: 0.76813379 | L12: 1 | M12: 0.79929589 | N12: -0.025945971 | O12: 0.11317147 | P12: -0.088651558 | Q12: -0.22835569 | R12: 0.0066844624 | S12: 0.1766388 | T12: -0.085963505 | U12: -0.016127447 | V12: 0.14056962 | W12: -0.027411826 | X12: 0.064423761 | Y12: 0.08652035 | Z12: -0.12124595 | AA12: 0.39689839 | AB12: 0.32289964 | AC12: 0.19026291 | AD12: 0.118113 | AE12: 0.33505148 | AF12: 0.17804498 | AG12: -0.090342416 | AH12: 0.23808739 | AI12: -0.038496076 | AJ12: -0.0041446376 | AK12: -0.05276739 | AL12: 0.21425147 | AM12: -0.094827875 | AN12: 0.15994403 | AO12: 0.18334413 | AP12: -0.10100458 | AQ12: 0.38770053 | AR12: 0.31385954 | AS12: 0.23129796 | AT12: 0.039244265 | AU12: -0.22777039 | AV12: 0.0086634905 | AW12: 0.10801457
A13: sensitivityscore_After_features.5.block.2.fc2_0.7 | B13: -0.074290167 | C13: -0.032789649 | D13: -0.14886189 | E13: -0.20089309 | F13: -0.14391362 | G13: 0.20200424 | H13: 0.19255324 | I13: 0.080366769 | J13: -0.39169053 | K13: 0.69785552 | L13: 0.79929589 | M13: 1 | N13: -0.06568513 | O13: -0.035871581 | P13: -0.1405671 | Q13: -0.16430512 | R13: -0.14761706 | S13: 0.10872493 | T13: -0.041863522 | U13: 0.022685607 | V13: -0.071960664 | W13: -0.17408699 | X13: -0.047595508 | Y13: -0.047738264 | Z13: -0.11341761 | AA13: 0.26029151 | AB13: 0.20365707 | AC13: 0.10452219 | AD13: 0.048670438 | AE13: 0.3184147 | AF13: 0.21782898 | AG13: -0.12114303 | AH13: 0.27979054 | AI13: -0.16954052 | AJ13: 0.0079607044 | AK13: 0.0034232935 | AL13: 0.22555089 | AM13: -0.012425217 | AN13: 0.22157809 | AO13: 0.14379183 | AP13: -0.024491131 | AQ13: 0.38716433 | AR13: 0.14033855 | AS13: 0.12018314 | AT13: 0.029043864 | AU13: -0.078057986 | AV13: -0.012458309 | AW13: 0.17295973
... A49: sensitivityscore_After_features.7.block.3.0_0.7 | B49: 0.029479851 | C49: 0.24529023 | D49: 0.089861901 | E49: 0.066138201 | F49: 0.028299661 | G49: 0.070023588 | H49: 0.00096168237 | I49: -0.083279404 | J49: -0.10745004 | K49: 0.011254911 | L49: 0.10801457 | M49: 0.17295973 | N49: 0.12533969 | O49: -0.057272151 | P49: -0.15172909 | Q49: 0.1423468 | R49: -0.15133639 | S49: -0.016706126 | T49: 0.20399725 | U49: 0.14275098 | V49: -0.081432217 | W49: 0.016564812 | X49: -0.15159055 | Y49: -0.042769008 | Z49: 0.019362312 | AA49: -0.14670467 | AB49: -0.14607462 | AC49: -0.14926021 | AD49: 0.050605969 | AE49: -0.071028611 | AF49: -0.045966615 | AG49: -0.059142577 | AH49: 0.096986666 | AI49: -0.029943106 | AJ49: 0.057593927 | AK49: 0.16288876 | AL49: 0.10123787 | AM49: -0.26056297 | AN49: -0.22505362 | AO49: -0.17161015 | AP49: -0.025432297 | AQ49: 0.055858898 | AR49: 0.072248606 | AS49: 0.099325208 | AT49: 0.087834312 | AU49: 0.23239814 | AV49: 0.18599523 | AW49: 1

Sheet Class_4
B1: features.5.block.0.0 | C1: sensitivityscore_After_features.5.block.0.0_0.5 | D1: sensitivityscore_After_features.5.block.0.0_0.6 | E1: sensitivityscore_After_features.5.block.0.0_0.7 | F1: features.5.block.1.0 | G1: sensitivityscore_After_features.5.block.1.0_0.5 | H1: sensitivityscore_After_features.5.block.1.0_0.6 | I1: sensitivityscore_After_features.5.block.1.0_0.7 | J1: features.5.block.2.fc2 | K1: sensitivityscore_After_features.5.block.2.fc2_0.5 | L1: sensitivityscore_After_features.5.block.2.fc2_0.6 | M1: sensitivityscore_After_features.5.block.2.fc2_0.7 | N1: features.5.block.3.0 | O1: sensitivityscore_After_features.5.block.3.0_0.5 | P1: sensitivityscore_After_features.5.block.3.0_0.6 | Q1: sensitivityscore_After_features.5.block.3.0_0.7 | R1: features.6.block.0.0 | S1: sensitivityscore_After_features.6.block.0.0_0.5 | T1: sensitivityscore_After_features.6.block.0.0_0.6 | U1: sensitivityscore_After_features.6.block.0.0_0.7 | V1: features.6.block.1.0 | W1: sensitivityscore_After_features.6.block.1.0_0.5 | X1: sensitivityscore_After_features.6.block.1.0_0.6 | Y1: sensitivityscore_After_features.6.block.1.0_0.7 | Z1: features.6.block.2.fc2 | AA1: sensitivityscore_After_features.6.block.2.fc2_0.5 | AB1: sensitivityscore_After_features.6.block.2.fc2_0.6 | AC1: sensitivityscore_After_features.6.block.2.fc2_0.7 | AD1: features.6.block.3.0 | AE1: sensitivityscore_After_features.6.block.3.0_0.5 | AF1: sensitivityscore_After_features.6.block.3.0_0.6 | AG1: sensitivityscore_After_features.6.block.3.0_0.7 | AH1: features.7.block.0.0 | AI1: sensitivityscore_After_features.7.block.0.0_0.5 | AJ1: sensitivityscore_After_features.7.block.0.0_0.6 | AK1: sensitivityscore_After_features.7.block.0.0_0.7 | AL1: features.7.block.1.0 | AM1: sensitivityscore_After_features.7.block.1.0_0.5 | AN1: sensitivityscore_After_features.7.block.1.0_0.6 | AO1: sensitivityscore_After_features.7.block.1.0_0.7 | AP1: features.7.block.2.fc2 | AQ1: sensitivityscore_After_features.7.block.2.fc2_0.5 | AR1: sensitivityscore_After_features.7.block.2.fc2_0.6 | AS1: sensitivityscore_After_features.7.block.2.fc2_0.7 | AT1: features.7.block.3.0 | AU1: sensitivityscore_After_features.7.block.3.0_0.5 | AV1: sensitivityscore_After_features.7.block.3.0_0.6 | AW1: sensitivityscore_After_features.7.block.3.0_0.7
A2: features.5.block.0.0 | B2: 1 | C2: 0.33265893 | D2: 0.073887924 | E2: 0.249688 | F2: 0.81002946 | G2: 0.035149179 | H2: -0.018401223 | I2: -0.21547062 | J2: 0.25606848 | K2: 0.080925953 | L2: -0.18571849 | M2: -0.26702644 | N2: 0.49348574 | O2: 0.090693442 | P2: 0.075124849 | Q2: 0.33205696 | R2: 0.22567763 | S2: -0.12098663 | T2: -0.086028991 | U2: 0.1019076 | V2: 0.078879763 | W2: -0.07042294 | X2: 0.010173469 | Y2: -0.097561997 | Z2: 0.14946615 | AA2: 0.12391341 | AB2: 0.097149358 | AC2: 0.072832108 | AD2: 0.20215692 | AE2: -0.012729097 | AF2: 0.031659215 | AG2: -0.097565957 | AH2: 0.39662953 | AI2: 0.3522919 | AJ2: 0.29428229 | AK2: 0.061934073 | AL2: 0.074162335 | AM2: 0.20858362 | AN2: 0.18577601 | AO2: 0.16999614 | AP2: 0.049069613 | AQ2: 0.095112444 | AR2: 0.154831 | AS2: 0.060966432 | AT2: 0.28092674 | AU2: -0.19166889 | AV2: -0.19750231 | AW2: -0.15600168
A3: sensitivityscore_After_features.5.block.0.0_0.5 | B3: 0.33265893 | C3: 1 | D3: 0.64855608 | E3: 0.51665374 | F3: 0.22860613 | G3: 0.35249308 | H3: 0.097072825 | I3: -0.25480967 | J3: 0.52312331 | K3: 0.29789271 | L3: 0.19073657 | M3: 0.077842888 | N3: 0.090807932 | O3: 0.25356029 | P3: -0.10575293 | Q3: -0.047147468 | R3: 0.32645159 | S3: -0.15668202 | T3: 0.050066057 | U3: 0.075570861 | V3: 0.32824083 | W3: -0.057705976 | X3: 0.19310456 | Y3: -0.13015862 | Z3: 0.11945633 | AA3: 0.22092073 | AB3: -0.12559409 | AC3: -0.10464688 | AD3: -0.13579793 | AE3: 0.37348872 | AF3: 0.34453734 | AG3: 0.30387443 | AH3: 0.1271203 | AI3: 0.054350591 | AJ3: -0.10488434 | AK3: 0.082459473 | AL3: -0.10556226 | AM3: 0.21877649 | AN3: 0.0073418017 | AO3: 0.1832035 | AP3: -0.16919603 | AQ3: 0.037178172 | AR3: 0.086814519 | AS3: 0.14164091 | AT3: 0.18150533 | AU3: -0.19230522 | AV3: 0.16709918 | AW3: 0.0093692212
A4: sensitivityscore_After_features.5.block.0.0_0.6 | B4: 0.073887924 | C4: 0.64855608 | D4: 1 | E4: 0.48559888 | F4: 0.10842914 | G4: 0.15795978 | H4: -0.10090769 | I4: -0.24619319 | J4: 0.33131351 | K4: 0.51401078 | L4: 0.40552134 | M4: 0.19566959 | N4: 0.15958762 | O4: 0.16322483 | P4: -0.095481674 | Q4: -0.29775827 | R4: 0.21863181 | S4: -0.300488 | T4: 0.071852776 | U4: -0.025824897 | V4: 0.24310824 | W4: -0.10801201 | X4: 0.15009533 | Y4: 0.06465649 | Z4: -0.13266984 | AA4: -0.14084561 | AB4: -0.26843113 | AC4: -0.13589091 | AD4: -0.28515993 | AE4: 0.24524609 | AF4: 0.44119589 | AG4: 0.29614604 | AH4: 0.067313906 | AI4: 0.02842692 | AJ4: -0.043988821 | AK4: 0.26856411 | AL4: -0.15219454 | AM4: 0.15674719 | AN4: -0.037805481 | AO4: 0.22614141 | AP4: 0.022728312 | AQ4: 0.053502745 | AR4: 0.038065297 | AS4: 0.19688725 | AT4: 0.20023723 | AU4: -0.34113551 | AV4: 0.22639228 | AW4: -0.032362267
A5: sensitivityscore_After_features.5.block.0.0_0.7 | B5: 0.249688 | C5: 0.51665374 | D5: 0.48559888 | E5: 1 | F5: 0.17838656 | G5: -0.12906615 | H5: -0.042342698 | I5: -0.24481786 | J5: 0.13761388 | K5: 0.22430559 | L5: 0.044024958 | M5: -0.07078629 | N5: 0.054424556 | O5: 0.13667751 | P5: 0.20688197 | Q5: -0.11788898 | R5: 0.064898944 | S5: -0.10925265 | T5: -0.070379331 | U5: -0.12391754 | V5: 0.090278011 | W5: 0.0046579341 | X5: 0.14472834 | Y5: 0.026482858 | Z5: 0.19084491 | AA5: 0.012076133 | AB5: -0.24795257 | AC5: -0.13117879 | AD5: 0.0088953746 | AE5: 0.34619309 | AF5: 0.42461531 | AG5: 0.22900069 | AH5: 0.084689185 | AI5: -0.089382617 | AJ5: 0.019165566 | AK5: -0.048205932 | AL5: -0.33947892 | AM5: 0.21864958 | AN5: 0.096598418 | AO5: 0.2412894 | AP5: 0.090068348 | AQ5: 0.30404315 | AR5: 0.33352815 | AS5: 0.42932459 | AT5: 0.21696912 | AU5: -0.22023394 | AV5: -0.10234617 | AW5: 0.14177586
A6: features.5.block.1.0 | B6: 0.81002946 | C6: 0.22860613 | D6: 0.10842914 | E6: 0.17838656 | F6: 1 | G6: -0.019127222 | H6: -0.19632469 | I6: -0.20390062 | J6: 0.19841588 | K6: 0.049111855 | L6: -0.21149698 | M6: -0.31816489 | N6: 0.48474361 | O6: -0.0042408338 | P6: 0.011711042 | Q6: 0.34275918 | R6: 0.27688464 | S6: -0.1430198 | T6: -0.049644859 | U6: 0.063201411 | V6: 0.13813265 | W6: 0.081219878 | X6: 0.10250079 | Y6: -0.0075465465 | Z6: 0.14397341 | AA6: 0.10705133 | AB6: 0.16156383 | AC6: 0.099377412 | AD6: 0.12644348 | AE6: 0.036739398 | AF6: 0.098376581 | AG6: -0.051894075 | AH6: 0.33856739 | AI6: 0.20533618 | AJ6: 0.16258674 | AK6: 0.19122161 | AL6: 0.20785297 | AM6: 0.088994024 | AN6: -0.0039356207 | AO6: 0.12881807 | AP6: 0.0416913 | AQ6: 0.11143282 | AR6: 0.061748195 | AS6: -0.069205145 | AT6: 0.39449907 | AU6: -0.12351865 | AV6: -0.091901208 | AW6: -0.29479915
A7: sensitivityscore_After_features.5.block.1.0_0.5 | B7: 0.035149179 | C7: 0.35249308 | D7: 0.15795978 | E7: -0.12906615 | F7: -0.019127222 | G7: 1 | H7: 0.61198502 | I7: 0.26608172 | J7: 0.27283332 | K7: 0.04852611 | L7: 0.13549523 | M7: 0.12238758 | N7: -0.092197393 | O7: -0.025320049 | P7: -0.30876169 | Q7: 0.062899262 | R7: 0.27077277 | S7: 0.10948961 | T7: 0.19504201 | U7: 0.32693833 | V7: 0.32246539 | W7: 0.27257008 | X7: 0.18302654 | Y7: 0.011074913 | Z7: -0.17600511 | AA7: 0.085671129 | AB7: 0.09269759 | AC7: 0.014352701 | AD7: 0.056841013 | AE7: 0.25809177 | AF7: 0.24257073 | AG7: 0.26364421 | AH7: 0.18854499 | AI7: 0.19378427 | AJ7: 0.014101858 | AK7: 0.031757909 | AL7: 0.23833695 | AM7: 0.30557914 | AN7: 0.29823657 | AO7: 0.41047548 | AP7: -0.35793057 | AQ7: -0.17267223 | AR7: -0.11498044 | AS7: -0.044606685 | AT7: -0.064962283 | AU7: -0.26328246 | AV7: 0.08044705 | AW7: -0.17614344
A8: sensitivityscore_After_features.5.block.1.0_0.6 | B8: -0.018401223 | C8: 0.097072825 | D8: -0.10090769 | E8: -0.042342698 | F8: -0.19632469 | G8: 0.61198502 | H8: 1 | I8: 0.54207124 | J8: -0.0080422876 | K8: 0.051506185 | L8: 0.012401673 | M8: 0.032755679 | N8: -0.20071631 | O8: -0.23878355 | P8: -0.15967866 | Q8: 0.012793168 | R8: -0.055513312 | S8: 0.048086145 | T8: 0.17720001 | U8: 0.35041564 | V8: 0.13103192 | W8: 0.12374423 | X8: 0.14889287 | Y8: 0.2387995 | Z8: -0.26652373 | AA8: 0.19037281 | AB8: 0.065522734 | AC8: -0.11522225 | AD8: -0.14060938 | AE8: 0.28166199 | AF8: 0.26095012 | AG8: 0.40163801 | AH8: -0.12388508 | AI8: 0.07631423 | AJ8: 0.26369752 | AK8: -0.26943449 | AL8: -0.093913863 | AM8: 0.4606794 | AN8: 0.58017717 | AO8: 0.34698569 | AP8: -0.15914943 | AQ8: -0.018857082 | AR8: 0.010747441 | AS8: 0.025085756 | AT8: -0.072663934 | AU8: -0.12935093 | AV8: 0.041732424 | AW8: -0.071061236
A9: sensitivityscore_After_features.5.block.1.0_0.7 | B9: -0.21547062 | C9: -0.25480967 | D9: -0.24619319 | E9: -0.24481786 | F9: -0.20390062 | G9: 0.26608172 | H9: 0.54207124 | I9: 1 | J9: -0.27937002 | K9: -0.010017635 | L9: 0.21784701 | M9: 0.27847802 | N9: -0.14609677 | O9: -0.45638656 | P9: -0.177454 | Q9: -0.26386865 | R9: -0.096766809 | S9: 0.27881712 | T9: 0.19486574 | U9: 0.28613011 | V9: -0.18739454 | W9: 0.054871426 | X9: -0.20976076 | Y9: 0.036309212 | Z9: -0.4836229 | AA9: -0.014003704 | AB9: 0.12397425 | AC9: -0.065527049 | AD9: -0.1083126 | AE9: 0.172738 | AF9: 0.1505657 | AG9: 0.23965036 | AH9: -0.25965089 | AI9: -0.076882301 | AJ9: 0.037798119 | AK9: -0.40250588 | AL9: -0.050514111 | AM9: -0.094874567 | AN9: 0.21953456 | AO9: 0.15335219 | AP9: -0.19022719 | AQ9: -0.11267547 | AR9: -0.016862691 | AS9: -0.017265676 | AT9: -0.31921879 | AU9: 0.12118085 | AV9: 0.1518218 | AW9: -0.10197857
A10: features.5.block.2.fc2 | B10: 0.25606848 | C10: 0.52312331 | D10: 0.33131351 | E10: 0.13761388 | F10: 0.19841588 | G10: 0.27283332 | H10: -0.0080422876 | I10: -0.27937002 | J10: 1 | K10: -0.043120242 | L10: -0.1682251 | M10: -0.21329143 | N10: 0.19780204 | O10: 0.14818229 | P10: -0.27642161 | Q10: 0.14554558 | R10: 0.22239326 | S10: -0.14394816 | T10: -0.040246126 | U10: -0.0017982969 | V10: 0.19723026 | W10: 0.040292349 | X10: 0.16217963 | Y10: 0.14566643 | Z10: 0.23474162 | AA10: -0.034290592 | AB10: -0.22049818 | AC10: -0.17392489 | AD10: 0.30697169 | AE10: -0.046868016 | AF10: -0.010457941 | AG10: -0.1146 | AH10: 0.14947039 | AI10: 0.42181617 | AJ10: 0.21250508 | AK10: 0.3458975 | AL10: -0.041072239 | AM10: 0.20893201 | AN10: 0.15275744 | AO10: 0.28242423 | AP10: -0.069250773 | AQ10: -0.18236699 | AR10: 0.014902031 | AS10: 0.075671576 | AT10: 0.27984134 | AU10: -0.17931704 | AV10: 0.32217981 | AW10: -0.014813095
A11: sensitivityscore_After_features.5.block.2.fc2_0.5 | B11: 0.080925953 | C11: 0.29789271 | D11: 0.51401078 | E11: 0.22430559 | F11: 0.049111855 | G11: 0.04852611 | H11: 0.051506185 | I11: -0.010017635 | J11: -0.043120242 | K11: 1 | L11: 0.73282062 | M11: 0.62006289 | N11: 0.018242885 | O11: 0.10873695 | P11: 0.040868619 | Q11: -0.28870356 | R11: 0.23513511 | S11: 0.13029267 | T11: 0.2386056 | U11: 0.34430583 | V11: 0.21375401 | W11: -0.018628844 | X11: 0.10975141 | Y11: 0.22955548 | Z11: -0.12009013 | AA11: -0.01380021 | AB11: 0.063853005 | AC11: 0.02843335 | AD11: -0.32467819 | AE11: 0.15981073 | AF11: 0.27027563 | AG11: 0.2494893 | AH11: -0.22581536 | AI11: -0.20525916 | AJ11: 0.023192311 | AK11: 0.17431801 | AL11: -0.19271658 | AM11: -0.034316996 | AN11: -0.094788313 | AO11: -0.031704291 | AP11: -0.0598973 | AQ11: -0.021194523 | AR11: -0.15052587 | AS11: -0.035669618 | AT11: -0.14150989 | AU11: -0.16639963 | AV11: 0.038721845 | AW11: 0.12076998
A12: sensitivityscore_After_features.5.block.2.fc2_0.6 | B12: -0.18571849 | C12: 0.19073657 | D12: 0.40552134 | E12: 0.044024958 | F12: -0.21149698 | G12: 0.13549523 | H12: 0.012401673 | I12: 0.21784701 | J12: -0.1682251 | K12: 0.73282062 | L12: 1 | M12: 0.89854716 | N12: -0.012509719 | O12: 0.099793942 | P12: 0.18233428 | Q12: -0.44788212 | R12: 0.16708609 | S12: 0.14940738 | T12: 0.1602361 | U12: 0.21847875 | V12: 0.0760726 | W12: -0.23223236 | X12: -0.1734959 | Y12: -0.027799484 | Z12: -0.21556314 | AA12: -0.052500102 | AB12: 0.09322096 | AC12: 0.071259771 | AD12: -0.33370295 | AE12: 0.24477291 | AF12: 0.39357275 | AG12: 0.46048125 | AH12: -0.15828312 | AI12: -0.27225371 | AJ12: -0.16056543 | AK12: -0.071285676 | AL12: 0.054845423 | AM12: -0.34496729 | AN12: -0.1681424 | AO12: -0.17623607 | AP12: -0.11923021 | AQ12: 0.053165415 | AR12: -0.10163289 | AS12: 0.0095589864 | AT12: -0.14729609 | AU12: -0.15072035 | AV12: 0.041448886 | AW12: 0.16441626
A13: sensitivityscore_After_features.5.block.2.fc2_0.7 | B13: -0.26702644 | C13: 0.077842888 | D13: 0.19566959 | E13: -0.07078629 | F13: -0.31816489 | G13: 0.12238758 | H13: 0.032755679 | I13: 0.27847802 | J13: -0.21329143 | K13: 0.62006289 | L13: 0.89854716 | M13: 1 | N13: -0.17473634 | O13: 0.14852031 | P13: 0.23420046 | Q13: -0.40160487 | R13: 0.23768074 | S13: 0.27938021 | T13: 0.22253515 | U13: 0.27891787 | V13: 0.023242926 | W13: -0.11475251 | X13: -0.11581556 | Y13: -0.0045105017 | Z13: -0.24447303 | AA13: -0.016093793 | AB13: 0.1835683 | AC13: 0.15054621 | AD13: -0.35082433 | AE13: 0.1690928 | AF13: 0.25072585 | AG13: 0.37432643 | AH13: -0.20072551 | AI13: -0.33386103 | AJ13: -0.20336501 | AK13: -0.14068446 | AL13: 0.11382412 | AM13: -0.30258412 | AN13: -0.11896539 | AO13: -0.22295345 | AP13: -0.1654627 | AQ13: 0.062286056 | AR13: -0.10598789 | AS13: -0.012031111 | AT13: -0.30997918 | AU13: -0.0529133 | AV13: -0.00696699 | AW13: 0.14609984
... A49: sensitivityscore_After_features.7.block.3.0_0.7 | B49: -0.15600168 | C49: 0.0093692212 | D49: -0.032362267 | E49: 0.14177586 | F49: -0.29479915 | G49: -0.17614344 | H49: -0.071061236 | I49: -0.10197857 | J49: -0.014813095 | K49: 0.12076998 | L49: 0.16441626 | M49: 0.14609984 | N49: 0.025582346 | O49: 0.011275869 | P49: 0.13157231 | Q49: -0.28418081 | R49: -0.10707285 | S49: 0.34816372 | T49: 0.1222373 | U49: -0.039810281 | V49: 0.080435956 | W49: -0.18319582 | X49: -0.25851243 | Y49: -0.089676587 | Z49: 0.34027892 | AA49: 0.045208785 | AB49: 0.026448724 | AC49: -0.15975793 | AD49: 0.13880554 | AE49: -0.18578581 | AF49: -0.071805023 | AG49: -0.15010195 | AH49: 0.0066927951 | AI49: -0.18442376 | AJ49: 0.012197526 | AK49: -0.27454002 | AL49: -0.061649654 | AM49: -0.12360794 | AN49: 0.2074635 | AO49: 0.032534805 | AP49: 0.1125707 | AQ49: 0.14604027 | AR49: 0.29491624 | AS49: 0.38353388 | AT49: 0.091184997 | AU49: 0.24011364 | AV49: -0.32724703 | AW49: 1

Sheet Class_5
B1: features.5.block.0.0 | C1: sensitivityscore_After_features.5.block.0.0_0.5 | D1: sensitivityscore_After_features.5.block.0.0_0.6 | E1: sensitivityscore_After_features.5.block.0.0_0.7 | F1: features.5.block.1.0 | G1: sensitivityscore_After_features.5.block.1.0_0.5 | H1: sensitivityscore_After_features.5.block.1.0_0.6 | I1: sensitivityscore_After_features.5.block.1.0_0.7 | J1: features.5.block.2.fc2 | K1: sensitivityscore_After_features.5.block.2.fc2_0.5 | L1: sensitivityscore_After_features.5.block.2.fc2_0.6 | M1: sensitivityscore_After_features.5.block.2.fc2_0.7 | N1: features.5.block.3.0 | O1: sensitivityscore_After_features.5.block.3.0_0.5 | P1: sensitivityscore_After_features.5.block.3.0_0.6 | Q1: sensitivityscore_After_features.5.block.3.0_0.7 | R1: features.6.block.0.0 | S1: sensitivityscore_After_features.6.block.0.0_0.5 | T1: sensitivityscore_After_features.6.block.0.0_0.6 | U1: sensitivityscore_After_features.6.block.0.0_0.7 | V1: features.6.block.1.0 | W1: sensitivityscore_After_features.6.block.1.0_0.5 | X1: sensitivityscore_After_features.6.block.1.0_0.6 | Y1: sensitivityscore_After_features.6.block.1.0_0.7 | Z1: features.6.block.2.fc2 | AA1: sensitivityscore_After_features.6.block.2.fc2_0.5 | AB1: sensitivityscore_After_features.6.block.2.fc2_0.6 | AC1: sensitivityscore_After_features.6.block.2.fc2_0.7 | AD1: features.6.block.3.0 | AE1: sensitivityscore_After_features.6.block.3.0_0.5 | AF1: sensitivityscore_After_features.6.block.3.0_0.6 | AG1: sensitivityscore_After_features.6.block.3.0_0.7 | AH1: features.7.block.0.0 | AI1: sensitivityscore_After_features.7.block.0.0_0.5 | AJ1: sensitivityscore_After_features.7.block.0.0_0.6 | AK1: sensitivityscore_After_features.7.block.0.0_0.7 | AL1: features.7.block.1.0 | AM1: sensitivityscore_After_features.7.block.1.0_0.5 | AN1: sensitivityscore_After_features.7.block.1.0_0.6 | AO1: sensitivityscore_After_features.7.block.1.0_0.7 | AP1: features.7.block.2.fc2 | AQ1: sensitivityscore_After_features.7.block.2.fc2_0.5 | AR1: sensitivityscore_After_features.7.block.2.fc2_0.6 | AS1: sensitivityscore_After_features.7.block.2.fc2_0.7 | AT1: features.7.block.3.0 | AU1: sensitivityscore_After_features.7.block.3.0_0.5 | AV1: sensitivityscore_After_features.7.block.3.0_0.6 | AW1: sensitivityscore_After_features.7.block.3.0_0.7
A2: features.5.block.0.0 | B2: 1 | C2: 0.27830756 | D2: -0.065163769 | E2: 0.0093623077 | F2: 0.54595613 | G2: -0.090761682 | H2: 0.19611157 | I2: -0.089562311 | J2: 0.070520269 | K2: -0.11543656 | L2: -0.29462973 | M2: -0.30546271 | N2: 0.53317036 | O2: 0.11870753 | P2: 0.1129708 | Q2: 0.15198193 | R2: 0.17074331 | S2: -0.32182325 | T2: -0.066145973 | U2: 0.24842195 | V2: 0.2404956 | W2: -0.14740689 | X2: 0.019470198 | Y2: 0.1997944 | Z2: 0.16623852 | AA2: 0.041921346 | AB2: -0.070453731 | AC2: -0.2227673 | AD2: 0.057321261 | AE2: -0.03392295 | AF2: -0.1327199 | AG2: -0.022812898 | AH2: 0.50008976 | AI2: -0.2146274 | AJ2: 0.01429332 | AK2: 0.15834599 | AL2: 0.33592837 | AM2: -0.37286016 | AN2: -0.29358988 | AO2: -0.046052368 | AP2: -0.045223023 | AQ2: 0.11970194 | AR2: 0.19007159 | AS2: 0.12034718 | AT2: 0.23582275 | AU2: 0.25332242 | AV2: 0.12372509 | AW2: 0.12603887
A3: sensitivityscore_After_features.5.block.0.0_0.5 | B3: 0.27830756 | C3: 1 | D3: 0.19698233 | E3: 0.10053699 | F3: 0.0031864285 | G3: 0.28658037 | H3: 0.48702405 | I3: 0.18135825 | J3: -0.3646038 | K3: 0.26154054 | L3: 0.25378795 | M3: 0.19498786 | N3: 0.19071454 | O3: 0.1826917 | P3: -0.13654357 | Q3: 0.067873594 | R3: 0.27765928 | S3: 0.063385237 | T3: 0.073496829 | U3: 0.29964381 | V3: 0.16449388 | W3: -0.070342474 | X3: -0.047472123 | Y3: 0.10132563 | Z3: -0.14677936 | AA3: -0.18440406 | AB3: -0.14628712 | AC3: 0.11426241 | AD3: 0.012980355 | AE3: -0.11798908 | AF3: -0.2466351 | AG3: -0.13579157 | AH3: 0.086414437 | AI3: -0.084669513 | AJ3: 0.27028465 | AK3: 0.21282916 | AL3: 0.32153357 | AM3: -0.09581271 | AN3: -0.11086345 | AO3: -0.13474958 | AP3: 0.15876949 | AQ3: -0.10722877 | AR3: 0.090334238 | AS3: 0.079822618 | AT3: 0.24156934 | AU3: 0.21100676 | AV3: -0.098341685 | AW3: 0.13137907
A4: sensitivityscore_After_features.5.block.0.0_0.6 | B4: -0.065163769 | C4: 0.19698233 | D4: 1 | E4: 0.50751912 | F4: -0.18267704 | G4: -0.0021927394 | H4: 0.30369438 | I4: -0.23494137 | J4: -0.17556925 | K4: 0.11616371 | L4: 0.044381424 | M4: 0.1219329 | N4: 0.1938596 | O4: -0.25300171 | P4: -0.23681722 | Q4: 0.27481243 | R4: -0.050653777 | S4: -0.21280671 | T4: -0.21681901 | U4: -0.12597502 | V4: -0.033627556 | W4: -0.14907029 | X4: -0.30283998 | Y4: -0.14763867 | Z4: -0.0041866774 | AA4: 0.087548513 | AB4: 0.20600144 | AC4: 0.3973393 | AD4: -0.29143837 | AE4: -0.028768649 | AF4: -0.020276204 | AG4: -0.13906565 | AH4: -0.3289955 | AI4: -0.17384084 | AJ4: -0.038736494 | AK4: -0.10204143 | AL4: -0.029221313 | AM4: 0.029485476 | AN4: -0.18001724 | AO4: -0.3788893 | AP4: -0.033400378 | AQ4: -0.17281113 | AR4: -0.069516666 | AS4: -0.081890909 | AT4: 0.26731356 | AU4: 0.11229287 | AV4: -0.11442485 | AW4: 0.28696989
A5: sensitivityscore_After_features.5.block.0.0_0.7 | B5: 0.0093623077 | C5: 0.10053699 | D5: 0.50751912 | E5: 1 | F5: -0.2688733 | G5: -0.30791357 | H5: -0.14333641 | I5: -0.57189988 | J5: -0.20117718 | K5: 0.099558857 | L5: -0.081119869 | M5: -0.012817189 | N5: 0.049565668 | O5: 0.07713135 | P5: -0.14727242 | Q5: 0.14399748 | R5: -0.00081523847 | S5: -0.13442669 | T5: -0.022887374 | U5: -0.048298833 | V5: 0.21650126 | W5: -0.1818302 | X5: -0.48499312 | Y5: -0.33861536 | Z5: 0.18674213 | AA5: 0.033350807 | AB5: 0.089334217 | AC5: 0.0059914815 | AD5: -0.13514966 | AE5: -0.4242694 | AF5: -0.18581867 | AG5: -0.078148817 | AH5: -0.2697799 | AI5: -0.2604845 | AJ5: -0.27100586 | AK5: -0.41344299 | AL5: -0.17399414 | AM5: 0.20400042 | AN5: 0.13330042 | AO5: -0.018291279 | AP5: -0.10473371 | AQ5: -0.016147819 | AR5: 0.081208567 | AS5: -0.0800822 | AT5: 0.16448767 | AU5: -0.12596752 | AV5: -0.019004755 | AW5: -0.0078441564
A6: features.5.block.1.0 | B6: 0.54595613 | C6: 0.0031864285 | D6: -0.18267704 | E6: -0.2688733 | F6: 1 | G6: 0.17106867 | H6: 0.04342132 | I6: 0.24212901 | J6: 0.099832041 | K6: 0.11291514 | L6: 0.035201411 | M6: 0.083397944 | N6: 0.40146287 | O6: -0.15437686 | P6: 0.17974508 | Q6: 0.0062918531 | R6: 0.093104423 | S6: -0.28409904 | T6: -0.077764004 | U6: 0.14208862 | V6: -0.12511932 | W6: -0.45260492 | X6: 0.00045697562 | Y6: 0.0035685362 | Z6: -0.048255656 | AA6: 0.0032326798 | AB6: -0.036200249 | AC6: 0.028791627 | AD6: 0.14818934 | AE6: 0.18165709 | AF6: -0.093065091 | AG6: 0.0041565573 | AH6: 0.41267548 | AI6: -0.0061274411 | AJ6: -0.19574145 | AK6: 0.15311835 | AL6: 0.23507473 | AM6: -0.30595692 | AN6: -0.36216908 | AO6: -0.082770977 | AP6: -0.1422312 | AQ6: -0.10761895 | AR6: -0.13204836 | AS6: -0.073805692 | AT6: -0.12941523 | AU6: -0.12295729 | AV6: 0.16128863 | AW6: 0.14011214
A7: sensitivityscore_After_features.5.block.1.0_0.5 | B7: -0.090761682 | C7: 0.28658037 | D7: -0.0021927394 | E7: -0.30791357 | F7: 0.17106867 | G7: 1 | H7: 0.39512264 | I7: 0.57608767 | J7: -0.2573854 | K7: 0.20569091 | L7: 0.36000479 | M7: 0.42682254 | N7: -0.090965137 | O7: -0.23402493 | P7: -0.070165971 | Q7: -0.26497887 | R7: 0.00048202012 | S7: 0.18528368 | T7: 0.1408539 | U7: -0.076061373 | V7: -0.37553935 | W7: -0.13753931 | X7: -0.066593721 | Y7: -0.14685191 | Z7: -0.33620522 | AA7: -0.277638 | AB7: -0.29859919 | AC7: 0.14792591 | AD7: 0.17975404 | AE7: 0.029543411 | AF7: -0.0038562443 | AG7: -0.073754103 | AH7: 0.057649476 | AI7: 0.069545377 | AJ7: 0.15037474 | AK7: 0.11221312 | AL7: -0.076425967 | AM7: -0.02239373 | AN7: -0.21581065 | AO7: -0.16990018 | AP7: 0.03138872 | AQ7: -0.057307656 | AR7: -0.23260343 | AS7: -0.089226004 | AT7: -0.10505311 | AU7: 0.010793924 | AV7: 0.051214402 | AW7: -0.17568595
A8: sensitivityscore_After_features.5.block.1.0_0.6 | B8: 0.19611157 | C8: 0.48702405 | D8: 0.30369438 | E8: -0.14333641 | F8: 0.04342132 | G8: 0.39512264 | H8: 1 | I8: 0.37137885 | J8: -0.20603938 | K8: 0.21839145 | L8: 0.2306672 | M8: 0.19108846 | N8: 0.24808103 | O8: -0.039433209 | P8: -0.16086297 | Q8: 0.2285942 | R8: 0.23168876 | S8: -0.13666447 | T8: 0.019386665 | U8: 0.012816007 | V8: -0.0062105564 | W8: 0.11288593 | X8: 0.14680691 | Y8: 0.26462043 | Z8: -0.12992241 | AA8: 0.037761531 | AB8: -0.033148721 | AC8: 0.49074066 | AD8: 0.16808148 | AE8: -0.093835893 | AF8: -0.30546489 | AG8: -0.26449238 | AH8: 0.1906602 | AI8: -0.010446219 | AJ8: 0.29535585 | AK8: 0.37007349 | AL8: 0.41507571 | AM8: -0.16805062 | AN8: -0.16404997 | AO8: -0.18117485 | AP8: 0.11436308 | AQ8: 0.012673738 | AR8: 0.0013517781 | AS8: -0.12042065 | AT8: 0.15298109 | AU8: 0.18928877 | AV8: -0.12048349 | AW8: 0.26484809
A9: sensitivityscore_After_features.5.block.1.0_0.7 | B9: -0.089562311 | C9: 0.18135825 | D9: -0.23494137 | E9: -0.57189988 | F9: 0.24212901 | G9: 0.57608767 | H9: 0.37137885 | I9: 1 | J9: -0.034000324 | K9: 0.27215618 | L9: 0.33651354 | M9: 0.35515357 | N9: -0.21636938 | O9: -0.025736696 | P9: -0.056724452 | Q9: -0.32930179 | R9: 0.27319341 | S9: 0.19456948 | T9: -0.10534409 | U9: -0.1956097 | V9: -0.26101734 | W9: 0.073344439 | X9: 0.14922528 | Y9: 0.039022087 | Z9: -0.19593714 | AA9: -0.021425443 | AB9: -0.11691864 | AC9: 0.22830783 | AD9: 0.24296069 | AE9: 0.16284465 | AF9: -0.036523602 | AG9: 0.047703592 | AH9: 0.03046755 | AI9: 0.10894097 | AJ9: 0.21476286 | AK9: 0.47692932 | AL9: 0.17310475 | AM9: -0.038336267 | AN9: 0.040190707 | AO9: -0.093236915 | AP9: 0.14899611 | AQ9: -0.053212431 | AR9: -0.16842721 | AS9: -0.0020303252 | AT9: -0.26170312 | AU9: 0.13400989 | AV9: 0.0039044512 | AW9: -0.14242635
A10: features.5.block.2.fc2 | B10: 0.070520269 | C10: -0.3646038 | D10: -0.17556925 | E10: -0.20117718 | F10: 0.099832041 | G10: -0.2573854 | H10: -0.20603938 | I10: -0.034000324 | J10: 1 | K10: -0.058867775 | L10: -0.12214855 | M10: -0.21009713 | N10: 0.21960051 | O10: 0.19677929 | P10: 0.14893145 | Q10: 0.21743201 | R10: -0.33601424 | S10: -0.055093229 | T10: -0.16379123 | U10: -0.21294085 | V10: -0.045329601 | W10: -0.17003125 | X10: -0.2782151 | Y10: -0.29727596 | Z10: -0.0082093461 | AA10: -0.0095655736 | AB10: -0.14024695 | AC10: -0.124392 | AD10: -0.35478031 | AE10: 0.0058638438 | AF10: -0.017596197 | AG10: -0.071168727 | AH10: -0.032717968 | AI10: 0.0079362417 | AJ10: -0.39945471 | AK10: -0.19905094 | AL10: -0.13142301 | AM10: -0.0076303 | AN10: 0.27894281 | AO10: 0.2487938 | AP10: -0.27815638 | AQ10: 0.023346163 | AR10: -0.11816779 | AS10: -0.21448343 | AT10: -0.34119657 | AU10: -0.012484246 | AV10: -0.20726519 | AW10: 0.047308222
A11: sensitivityscore_After_features.5.block.2.fc2_0.5 | B11: -0.11543656 | C11: 0.26154054 | D11: 0.11616371 | E11: 0.099558857 | F11: 0.11291514 | G11: 0.20569091 | H11: 0.21839145 | I11: 0.27215618 | J11: -0.058867775 | K11: 1 | L11: 0.83343994 | M11: 0.7981596 | N11: 0.15475592 | O11: 0.28701054 | P11: -0.047529061 | Q11: 0.048916534 | R11: 0.24739851 | S11: 0.014124224 | T11: 0.19408126 | U11: -0.16879538 | V11: 0.015636382 | W11: -0.12683245 | X11: -0.28061611 | Y11: -0.36186914 | Z11: -0.18550342 | AA11: -0.047075535 | AB11: -0.06012199 | AC11: 0.30626227 | AD11: 0.065630309 | AE11: -0.25185681 | AF11: -0.21020974 | AG11: -0.15128202 | AH11: -0.024889196 | AI11: 0.16654908 | AJ11: -0.11714388 | AK11: -0.010270552 | AL11: 0.053984294 | AM11: 0.15587626 | AN11: -0.12888759 | AO11: -0.10667052 | AP11: 0.10719091 | AQ11: 0.099105264 | AR11: 0.12058981 | AS11: 0.082357051 | AT11: -0.17378006 | AU11: 0.018266697 | AV11: 0.11370093 | AW11: 0.30290215
A12: sensitivityscore_After_features.5.block.2.fc2_0.6 | B12: -0.29462973 | C12: 0.25378795 | D12: 0.044381424 | E12: -0.081119869 | F12: 0.035201411 | G12: 0.36000479 | H12: 0.2306672 | I12: 0.33651354 | J12: -0.12214855 | K12: 0.83343994 | L12: 1 | M12: 0.93235871 | N12: -0.0012474362 | O12: 0.21251959 | P12: -0.071523758 | Q12: 0.081485638 | R12: 0.18844876 | S12: 0.14331435 | T12: 0.13347552 | U12: -0.18677776 | V12: -0.16674904 | W12: -0.08870494 | X12: -0.1350824 | Y12: -0.3664651 | Z12: -0.31200832 | AA12: -0.22103287 | AB12: -0.089250361 | AC12: 0.35569743 | AD12: 0.096360854 | AE12: -0.15479373 | AF12: -0.24014403 | AG12: -0.23411897 | AH12: 0.01368248 | AI12: 0.16899216 | AJ12: -0.0063340835 | AK12: 0.018631819 | AL12: 0.064402836 | AM12: 0.2727502 | AN12: -0.096163292 | AO12: -0.047500134 | AP12: 0.02992601 | AQ12: 0.10331794 | AR12: 0.062378902 | AS12: 0.073259264 | AT12: -0.22213332 | AU12: -0.05897651 | AV12: 0.12950265 | AW12: 0.14723342
A13: sensitivityscore_After_features.5.block.2.fc2_0.7 | B13: -0.30546271 | C13: 0.19498786 | D13: 0.1219329 | E13: -0.012817189 | F13: 0.083397944 | G13: 0.42682254 | H13: 0.19108846 | I13: 0.35515357 | J13: -0.21009713 | K13: 0.7981596 | L13: 0.93235871 | M13: 1 | N13: -0.056109376 | O13: 0.030537528 | P13: -0.061337401 | Q13: -0.0026571968 | R13: 0.13504293 | S13: 0.15310197 | T13: 0.20537969 | U13: -0.17138257 | V13: -0.25766641 | W13: -0.19314883 | X13: -0.17011156 | Y13: -0.38920058 | Z13: -0.19028039 | AA13: -0.24973124 | AB13: -0.18281176 | AC13: 0.30054668 | AD13: 0.038401932 | AE13: -0.13589898 | AF13: -0.19873614 | AG13: -0.16231799 | AH13: -0.047603789 | AI13: 0.069775641 | AJ13: -0.10261124 | AK13: 0.016372853 | AL13: -0.050840303 | AM13: 0.30393522 | AN13: -0.17045255 | AO13: -0.15227235 | AP13: 0.12138715 | AQ13: 0.0688907 | AR13: 0.029727022 | AS13: 0.077852036 | AT13: -0.18031462 | AU13: -0.10302986 | AV13: 0.12740807 | AW13: 0.1180167
... A49: sensitivityscore_After_features.7.block.3.0_0.7 | B49: 0.12603887 | C49: 0.13137907 | D49: 0.28696989 | E49: -0.0078441564 | F49: 0.14011214 | G49: -0.17568595 | H49: 0.26484809 | I49: -0.14242635 | J49: 0.047308222 | K49: 0.30290215 | L49: 0.14723342 | M49: 0.1180167 | N49: 0.31291494 | O49: 0.13780175 | P49: 0.080688808 | Q49: 0.46367979 | R49: 0.19417735 | S49: -0.20174715 | T49: -0.02916952 | U49: -0.060923228 | V49: 0.10870532 | W49: 0.10157116 | X49: -0.02196867 | Y49: 0.10959981 | Z49: 0.27234103 | AA49: 0.00086776937 | AB49: 0.081539173 | AC49: 0.33864323 | AD49: -0.13516707 | AE49: 0.066154328 | AF49: 0.035672616 | AG49: -0.086415732 | AH49: 0.0038689968 | AI49: 0.22676867 | AJ49: -0.087012459 | AK49: 0.0035351134 | AL49: -0.05182176 | AM49: 0.013071359 | AN49: -0.19726706 | AO49: -0.21268072 | AP49: 0.22594604 | AQ49: 0.0066855272 | AR49: 0.093775448 | AS49: -0.081356773 | AT49: -0.082108268 | AU49: 0.057205969 | AV49: 0.1883684 | AW49: 1

Sheet Class_6
B1: features.5.block.0.0 | C1: sensitivityscore_After_features.5.block.0.0_0.5 | D1: sensitivityscore_After_features.5.block.0.0_0.6 | E1: sensitivityscore_After_features.5.block.0.0_0.7 | F1: features.5.block.1.0 | G1: sensitivityscore_After_features.5.block.1.0_0.5 | H1: sensitivityscore_After_features.5.block.1.0_0.6 | I1: sensitivityscore_After_features.5.block.1.0_0.7 | J1: features.5.block.2.fc2 | K1: sensitivityscore_After_features.5.block.2.fc2_0.5 | L1: sensitivityscore_After_features.5.block.2.fc2_0.6 | M1: sensitivityscore_After_features.5.block.2.fc2_0.7 | N1: features.5.block.3.0 | O1: sensitivityscore_After_features.5.block.3.0_0.5 | P1: sensitivityscore_After_features.5.block.3.0_0.6 | Q1: sensitivityscore_After_features.5.block.3.0_0.7 | R1: features.6.block.0.0 | S1: sensitivityscore_After_features.6.block.0.0_0.5 | T1: sensitivityscore_After_features.6.block.0.0_0.6 | U1: sensitivityscore_After_features.6.block.0.0_0.7 | V1: features.6.block.1.0 | W1: sensitivityscore_After_features.6.block.1.0_0.5 | X1: sensitivityscore_After_features.6.block.1.0_0.6 | Y1: sensitivityscore_After_features.6.block.1.0_0.7 | Z1: features.6.block.2.fc2 | AA1: sensitivityscore_After_features.6.block.2.fc2_0.5 | AB1: sensitivityscore_After_features.6.block.2.fc2_0.6 | AC1: sensitivityscore_After_features.6.block.2.fc2_0.7 | AD1: features.6.block.3.0 | AE1: sensitivityscore_After_features.6.block.3.0_0.5 | AF1: sensitivityscore_After_features.6.block.3.0_0.6 | AG1: sensitivityscore_After_features.6.block.3.0_0.7 | AH1: features.7.block.0.0 | AI1: sensitivityscore_After_features.7.block.0.0_0.5 | AJ1: sensitivityscore_After_features.7.block.0.0_0.6 | AK1: sensitivityscore_After_features.7.block.0.0_0.7 | AL1: features.7.block.1.0 | AM1: sensitivityscore_After_features.7.block.1.0_0.5 | AN1: sensitivityscore_After_features.7.block.1.0_0.6 | AO1: sensitivityscore_After_features.7.block.1.0_0.7 | AP1: features.7.block.2.fc2 | AQ1: sensitivityscore_After_features.7.block.2.fc2_0.5 | AR1: sensitivityscore_After_features.7.block.2.fc2_0.6 | AS1: sensitivityscore_After_features.7.block.2.fc2_0.7 | AT1: features.7.block.3.0 | AU1: sensitivityscore_After_features.7.block.3.0_0.5 | AV1: sensitivityscore_After_features.7.block.3.0_0.6 | AW1: sensitivityscore_After_features.7.block.3.0_0.7
A2: features.5.block.0.0 | B2: 1 | C2: 0.1179785 | D2: -0.040227179 | E2: 0.10796134 | F2: 0.60772896 | G2: -0.19863158 | H2: -0.20200957 | I2: 0.033231441 | J2: 0.058242648 | K2: -0.23550269 | L2: -0.056183169 | M2: 0.062641293 | N2: 0.29146081 | O2: 0.0385008 | P2: 0.16388391 | Q2: 0.23869758 | R2: 0.22039669 | S2: -0.11256363 | T2: 0.075216676 | U2: 0.024947403 | V2: 0.21590475 | W2: 0.32919444 | X2: -0.12150944 | Y2: -0.0077994469 | Z2: 0.005541777 | AA2: -0.14816645 | AB2: -0.063307864 | AC2: 0.086284357 | AD2: -0.066864924 | AE2: 0.172901 | AF2: -0.28744628 | AG2: -0.12211005 | AH2: 0.27828971 | AI2: -0.097804407 | AJ2: -0.080885866 | AK2: 0.37027523 | AL2: 0.046888458 | AM2: 0.47982433 | AN2: 0.27418471 | AO2: 0.19264802 | AP2: -0.11326502 | AQ2: -0.18200987 | AR2: -0.19127907 | AS2: -0.23844155 | AT2: 0.28332465 | AU2: 0.085534978 | AV2: -0.034525218 | AW2: -0.23446258
A3: sensitivityscore_After_features.5.block.0.0_0.5 | B3: 0.1179785 | C3: 1 | D3: 0.66486293 | E3: 0.50136823 | F3: 0.10168915 | G3: 0.091520815 | H3: -0.013896347 | I3: 0.065470063 | J3: -0.18413472 | K3: 0.17282903 | L3: 0.1190486 | M3: 0.15169557 | N3: -0.13394877 | O3: 0.10959862 | P3: -0.065327968 | Q3: -0.011782869 | R3: -0.16655247 | S3: 0.17369696 | T3: 0.23239557 | U3: 0.25176 | V3: -0.10494525 | W3: -0.0096483284 | X3: 0.10125888 | Y3: -0.021781633 | Z3: -0.16526293 | AA3: 0.017046231 | AB3: 0.077288317 | AC3: -0.087391746 | AD3: -0.22973817 | AE3: -0.10744398 | AF3: -0.20137133 | AG3: -0.13277354 | AH3: -0.13747931 | AI3: -0.24618635 | AJ3: -0.093178903 | AK3: 0.19895886 | AL3: 0.071066081 | AM3: 0.17483097 | AN3: 0.18891605 | AO3: 0.16294963 | AP3: 0.049339915 | AQ3: -0.060725928 | AR3: 0.1842121 | AS3: 0.26471373 | AT3: 0.095188008 | AU3: -0.207122 | AV3: -0.10524483 | AW3: 0.098167815
A4: sensitivityscore_After_features.5.block.0.0_0.6 | B4: -0.040227179 | C4: 0.66486293 | D4: 1 | E4: 0.66776533 | F4: -0.040665982 | G4: 0.079024652 | H4: 0.077398301 | I4: 0.086677872 | J4: -0.17120188 | K4: 0.14558698 | L4: 0.10290925 | M4: 0.12570122 | N4: -0.050180093 | O4: 0.020390337 | P4: -0.20698941 | Q4: 0.2757184 | R4: -0.19900758 | S4: 0.05674967 | T4: 0.1425267 | U4: 0.17651355 | V4: -0.34641553 | W4: -0.29867083 | X4: 0.073848525 | Y4: -0.1271774 | Z4: 0.020501836 | AA4: 0.10892478 | AB4: 0.13721678 | AC4: -0.075814132 | AD4: -0.061369462 | AE4: -0.27288141 | AF4: -0.20462788 | AG4: -0.24740228 | AH4: -0.014712137 | AI4: -0.24054045 | AJ4: -0.042384139 | AK4: 0.042521348 | AL4: 0.072132422 | AM4: 0.0028029117 | AN4: 0.064865524 | AO4: -0.019772533 | AP4: -0.10988726 | AQ4: -0.15661224 | AR4: 0.14565915 | AS4: 0.20925604 | AT4: 0.030723526 | AU4: -0.21846887 | AV4: -0.067210948 | AW4: -0.014831716
A5: sensitivityscore_After_features.5.block.0.0_0.7 | B5: 0.10796134 | C5: 0.50136823 | D5: 0.66776533 | E5: 1 | F5: 0.097850867 | G5: -0.024738702 | H5: 0.10519272 | I5: 0.095153491 | J5: -0.26355788 | K5: -0.1104977 | L5: -0.095586933 | M5: -0.031717247 | N5: -0.20525039 | O5: 0.32627108 | P5: -0.038592765 | Q5: 0.24047511 | R5: 0.019463395 | S5: 0.15126404 | T5: 0.077452607 | U5: 0.12182599 | V5: 0.11449548 | W5: -0.32166039 | X5: 0.021647148 | Y5: 0.063517241 | Z5: 0.17986814 | AA5: 0.085907914 | AB5: 0.14295146 | AC5: -0.12925787 | AD5: -0.16311629 | AE5: -0.090307014 | AF5: -0.22276145 | AG5: -0.23135235 | AH5: -0.11007443 | AI5: -0.12787708 | AJ5: -0.00024791258 | AK5: -0.17989734 | AL5: -0.019497351 | AM5: -0.079839276 | AN5: -0.018236106 | AO5: -0.060978787 | AP5: -0.094630321 | AQ5: 0.031386713 | AR5: 0.2191831 | AS5: 0.17317165 | AT5: -0.11645488 | AU5: -0.21596321 | AV5: -0.23084781 | AW5: 0.030865903
A6: features.5.block.1.0 | B6: 0.60772896 | C6: 0.10168915 | D6: -0.040665982 | E6: 0.097850867 | F6: 1 | G6: -0.20275766 | H6: -0.16590822 | I6: -0.024557448 | J6: 0.054483306 | K6: -0.31013766 | L6: -0.00081316699 | M6: 0.058204971 | N6: 0.35777355 | O6: -0.22617088 | P6: 0.20923297 | Q6: 0.11298158 | R6: 0.3379933 | S6: -0.12191966 | T6: -0.13054327 | U6: -0.060541617 | V6: 0.26211681 | W6: 0.019120148 | X6: -0.28303391 | Y6: -0.11820209 | Z6: -0.070591133 | AA6: 0.03028091 | AB6: 0.11105039 | AC6: -0.010648111 | AD6: 0.066049376 | AE6: 0.16641962 | AF6: -0.026887965 | AG6: 0.074481171 | AH6: 0.29881351 | AI6: -0.061852456 | AJ6: 0.058392304 | AK6: 0.23117156 | AL6: 0.22765984 | AM6: 0.24535912 | AN6: 0.2214721 | AO6: 0.30890438 | AP6: 0.16070134 | AQ6: -0.34318428 | AR6: -0.40355183 | AS6: -0.33560923 | AT6: 0.293975 | AU6: 0.20543941 | AV6: 0.012913627 | AW6: 0.022460961
A7: sensitivityscore_After_features.5.block.1.0_0.5 | B7: -0.19863158 | C7: 0.091520815 | D7: 0.079024652 | E7: -0.024738702 | F7: -0.20275766 | G7: 1 | H7: 0.65721527 | I7: 0.49178958 | J7: -0.25118179 | K7: -0.0087722715 | L7: 0.12290967 | M7: 0.11863807 | N7: 0.072730199 | O7: -0.13444071 | P7: 0.090409231 | Q7: -0.005707748 | R7: 0.0052760767 | S7: -0.12239377 | T7: -0.024897971 | U7: -0.14133853 | V7: 0.014849142 | W7: -0.095923158 | X7: 0.028314942 | Y7: -0.38228643 | Z7: -0.042575821 | AA7: -0.087581434 | AB7: -0.21335697 | AC7: -0.060838863 | AD7: 0.072759725 | AE7: -0.25131589 | AF7: -0.043238897 | AG7: -0.28896187 | AH7: 0.043676712 | AI7: -0.0034050233 | AJ7: 0.065128335 | AK7: -0.07457504 | AL7: 0.15217313 | AM7: -0.17405885 | AN7: -0.14194846 | AO7: -0.080700603 | AP7: -0.070715593 | AQ7: -0.030303924 | AR7: 0.05914005 | AS7: 0.24921008 | AT7: 0.1445987 | AU7: -0.09419087 | AV7: -0.26394743 | AW7: -0.048476684
A8: sensitivityscore_After_features.5.block.1.0_0.6 | B8: -0.20200957 | C8: -0.013896347 | D8: 0.077398301 | E8: 0.10519272 | F8: -0.16590822 | G8: 0.65721527 | H8: 1 | I8: 0.61708325 | J8: -0.3773961 | K8: -0.056286243 | L8: 0.015117822 | M8: -0.0076323018 | N8: 0.090625177 | O8: -0.05554159 | P8: 0.041224452 | Q8: 0.32326867 | R8: -0.18657046 | S8: -0.15493326 | T8: -0.17463232 | U8: -0.15845233 | V8: -0.035827952 | W8: 0.053597305 | X8: 0.038530528 | Y8: -0.26670797 | Z8: 0.10020645 | AA8: -0.15146733 | AB8: -0.2565249 | AC8: -0.19128524 | AD8: 0.12934881 | AE8: -0.1138213 | AF8: -0.074395523 | AG8: -0.14575424 | AH8: 0.072351535 | AI8: -0.075487451 | AJ8: 0.035642797 | AK8: -0.32694721 | AL8: 0.14483885 | AM8: -0.27349463 | AN8: -0.15952971 | AO8: -0.11209427 | AP8: -0.01532744 | AQ8: 0.058116979 | AR8: 0.12214193 | AS8: 0.24446921 | AT8: 0.23390582 | AU8: -0.011359833 | AV8: -0.077826144 | AW8: -0.13279115
A9: sensitivityscore_After_features.5.block.1.0_0.7 | B9: 0.033231441 | C9: 0.065470063 | D9: 0.086677872 | E9: 0.095153491 | F9: -0.024557448 | G9: 0.49178958 | H9: 0.61708325 | I9: 1 | J9: -0.11354893 | K9: -0.018243434 | L9: 0.17735922 | M9: 0.14429497 | N9: 0.022457617 | O9: -0.020709658 | P9: -0.034440523 | Q9: 0.38600306 | R9: -0.15015474 | S9: -0.049887336 | T9: -0.27436329 | U9: -0.3683644 | V9: -0.13988429 | W9: 0.18301341 | X9: 0.15591409 | Y9: -0.19314352 | Z9: -0.021172559 | AA9: -0.022082799 | AB9: -0.17129705 | AC9: -0.28485494 | AD9: 0.067658456 | AE9: -0.19614067 | AF9: -0.30482493 | AG9: -0.18127393 | AH9: -0.040624219 | AI9: -0.098010136 | AJ9: 0.043073442 | AK9: 0.086759179 | AL9: 0.10908018 | AM9: 0.072425349 | AN9: -0.053647657 | AO9: 0.072750017 | AP9: 0.082136703 | AQ9: 0.04706449 | AR9: 0.089610426 | AS9: 0.2853645 | AT9: 0.091280942 | AU9: -0.23523795 | AV9: -0.21370327 | AW9: 0.00035303932
A10: features.5.block.2.fc2 | B10: 0.058242648 | C10: -0.18413472 | D10: -0.17120188 | E10: -0.26355788 | F10: 0.054483306 | G10: -0.25118179 | H10: -0.3773961 | I10: -0.11354893 | J10: 1 | K10: -0.10096393 | L10: -0.26015968 | M10: -0.21371129 | N10: -0.15466644 | O10: -0.14214777 | P10: 0.063523425 | Q10: -0.12609225 | R10: -0.029726488 | S10: -0.21119091 | T10: -0.13717165 | U10: 0.10342613 | V10: 0.050088651 | W10: -0.080297867 | X10: -0.057064038 | Y10: -0.050258161 | Z10: -0.076251047 | AA10: 0.1614183 | AB10: 0.19443814 | AC10: 0.016518224 | AD10: -0.01536866 | AE10: 0.055375993 | AF10: 0.020207548 | AG10: 0.14694306 | AH10: -0.28875273 | AI10: 0.043953678 | AJ10: 0.026840154 | AK10: 0.14053758 | AL10: -0.17727711 | AM10: 0.17464637 | AN10: -0.038447988 | AO10: 0.081143531 | AP10: -0.041677758 | AQ10: -0.16720217 | AR10: -0.22066566 | AS10: -0.23488041 | AT10: -0.29397577 | AU10: 0.0057104851 | AV10: -0.046005057 | AW10: 0.18396228
A11: sensitivityscore_After_features.5.block.2.fc2_0.5 | B11: -0.23550269 | C11: 0.17282903 | D11: 0.14558698 | E11: -0.1104977 | F11: -0.31013766 | G11: -0.0087722715 | H11: -0.056286243 | I11: -0.018243434 | J11: -0.10096393 | K11: 1 | L11: 0.72377353 | M11: 0.65953108 | N11: -0.050150876 | O11: -0.1107324 | P11: -0.24236257 | Q11: -0.39906903 | R11: -0.13269991 | S11: 0.073631819 | T11: 0.042339546 | U11: -0.0092437723 | V11: -0.2636232 | W11: 0.088010266 | X11: -0.060795882 | Y11: -0.049308725 | Z11: 0.31644186 | AA11: -0.089720196 | AB11: 0.019165448 | AC11: 0.16411786 | AD11: -0.025786022 | AE11: -0.13463784 | AF11: 0.091793026 | AG11: 0.010262847 | AH11: -0.11232875 | AI11: 0.11882208 | AJ11: -0.033248243 | AK11: 0.03298853 | AL11: -0.028465999 | AM11: -0.15527899 | AN11: -0.022812338 | AO11: -0.0271659 | AP11: 0.15461201 | AQ11: 0.17103416 | AR11: 0.18918312 | AS11: 0.1825367 | AT11: 0.075631821 | AU11: -0.083660323 | AV11: -0.036898722 | AW11: 0.16459363
A12: sensitivityscore_After_features.5.block.2.fc2_0.6 | B12: -0.056183169 | C12: 0.1190486 | D12: 0.10290925 | E12: -0.095586933 | F12: -0.00081316699 | G12: 0.12290967 | H12: 0.015117822 | I12: 0.17735922 | J12: -0.26015968 | K12: 0.72377353 | L12: 1 | M12: 0.91331844 | N12: 0.15313595 | O12: -0.1546187 | P12: -0.060009194 | Q12: -0.28678331 | R12: 0.0081006216 | S12: -0.20210296 | T12: -0.16683156 | U12: -0.19931933 | V12: -0.25795556 | W12: 0.05073325 | X12: -0.01523644 | Y12: -0.12951302 | Z12: 0.13152737 | AA12: -0.23051797 | AB12: -0.13565081 | AC12: -0.018264584 | AD12: 0.038871796 | AE12: -0.1321944 | AF12: 0.021858089 | AG12: -0.024061926 | AH12: 0.12036398 | AI12: 0.38748647 | AJ12: 0.24756256 | AK12: 0.12694436 | AL12: 0.20730631 | AM12: -0.10235384 | AN12: 0.075573146 | AO12: 0.15042247 | AP12: 0.090729707 | AQ12: 0.021455738 | AR12: 0.016073845 | AS12: 0.03222842 | AT12: 0.20836956 | AU12: 0.075431675 | AV12: -0.13658618 | AW12: 0.21321121
A13: sensitivityscore_After_features.5.block.2.fc2_0.7 | B13: 0.062641293 | C13: 0.15169557 | D13: 0.12570122 | E13: -0.031717247 | F13: 0.058204971 | G13: 0.11863807 | H13: -0.0076323018 | I13: 0.14429497 | J13: -0.21371129 | K13: 0.65953108 | L13: 0.91331844 | M13: 1 | N13: 0.11059691 | O13: -0.12783594 | P13: -0.044377642 | Q13: -0.25031077 | R13: -0.13571829 | S13: -0.29223213 | T13: -0.18331046 | U13: -0.20401297 | V13: -0.28816532 | W13: 0.071230887 | X13: -0.040024967 | Y13: -0.081488022 | Z13: 0.22379167 | AA13: -0.072838952 | AB13: 0.01938037 | AC13: 0.13083978 | AD13: -0.039062513 | AE13: -0.057233719 | AF13: 0.028019941 | AG13: -0.017786973 | AH13: 0.088199502 | AI13: 0.3415923 | AJ13: 0.2216961 | AK13: 0.16581661 | AL13: 0.16719755 | AM13: -0.073465711 | AN13: 0.038045203 | AO13: 0.11201212 | AP13: -0.04452627 | AQ13: -0.054297638 | AR13: -0.08847175 | AS13: -0.1389758 | AT13: 0.15708674 | AU13: 0.055424217 | AV13: -0.085683971 | AW13: 0.20147619
... A49: sensitivityscore_After_features.7.block.3.0_0.7 | B49: -0.23446258 | C49: 0.098167815 | D49: -0.014831716 | E49: 0.030865903 | F49: 0.022460961 | G49: -0.048476684 | H49: -0.13279115 | I49: 0.00035303932 | J49: 0.18396228 | K49: 0.16459363 | L49: 0.21321121 | M49: 0.20147619 | N49: -0.082782041 | O49: -0.15141097 | P49: -0.02857794 | Q49: -0.22736365 | R49: 0.070648083 | S49: -0.15011996 | T49: -0.25304134 | U49: -0.084421091 | V49: 0.15018159 | W49: -0.088701015 | X49: -0.0049785288 | Y49: -0.12349901 | Z49: 0.018567361 | AA49: 0.14012144 | AB49: 0.0063160693 | AC49: -0.2830483 | AD49: -0.029747915 | AE49: -0.071806376 | AF49: 0.14342206 | AG49: 0.049564094 | AH49: -0.30883327 | AI49: 0.18998836 | AJ49: -0.048257054 | AK49: -0.10873457 | AL49: -0.012523856 | AM49: -0.43599012 | AN49: -0.5073348 | AO49: -0.16753892 | AP49: 0.2098656 | AQ49: -0.20726652 | AR49: -0.25335189 | AS49: 0.02141457 | AT49: -0.15691809 | AU49: -0.042428218 | AV49: 0.0745541 | AW49: 1

Sheet Class_7
B1: features.5.block.0.0 | C1: sensitivityscore_After_features.5.block.0.0_0.5 | D1: sensitivityscore_After_features.5.block.0.0_0.6 | E1: sensitivityscore_After_features.5.block.0.0_0.7 | F1: features.5.block.1.0 | G1: sensitivityscore_After_features.5.block.1.0_0.5 | H1: sensitivityscore_After_features.5.block.1.0_0.6 | I1: sensitivityscore_After_features.5.block.1.0_0.7 | J1: features.5.block.2.fc2 | K1: sensitivityscore_After_features.5.block.2.fc2_0.5 | L1: sensitivityscore_After_features.5.block.2.fc2_0.6 | M1: sensitivityscore_After_features.5.block.2.fc2_0.7 | N1: features.5.block.3.0 | O1: sensitivityscore_After_features.5.block.3.0_0.5 | P1: sensitivityscore_After_features.5.block.3.0_0.6 | Q1: sensitivityscore_After_features.5.block.3.0_0.7 | R1: features.6.block.0.0 | S1: sensitivityscore_After_features.6.block.0.0_0.5 | T1: sensitivityscore_After_features.6.block.0.0_0.6 | U1: sensitivityscore_After_features.6.block.0.0_0.7 | V1: features.6.block.1.0 | W1: sensitivityscore_After_features.6.block.1.0_0.5 | X1: sensitivityscore_After_features.6.block.1.0_0.6 | Y1: sensitivityscore_After_features.6.block.1.0_0.7 | Z1: features.6.block.2.fc2 | AA1: sensitivityscore_After_features.6.block.2.fc2_0.5 | AB1: sensitivityscore_After_features.6.block.2.fc2_0.6 | AC1: sensitivityscore_After_features.6.block.2.fc2_0.7 | AD1: features.6.block.3.0 | AE1: sensitivityscore_After_features.6.block.3.0_0.5 | AF1: sensitivityscore_After_features.6.block.3.0_0.6 | AG1: sensitivityscore_After_features.6.block.3.0_0.7 | AH1: features.7.block.0.0 | AI1: sensitivityscore_After_features.7.block.0.0_0.5 | AJ1: sensitivityscore_After_features.7.block.0.0_0.6 | AK1: sensitivityscore_After_features.7.block.0.0_0.7 | AL1: features.7.block.1.0 | AM1: sensitivityscore_After_features.7.block.1.0_0.5 | AN1: sensitivityscore_After_features.7.block.1.0_0.6 | AO1: sensitivityscore_After_features.7.block.1.0_0.7 | AP1: features.7.block.2.fc2 | AQ1: sensitivityscore_After_features.7.block.2.fc2_0.5 | AR1: sensitivityscore_After_features.7.block.2.fc2_0.6 | AS1: sensitivityscore_After_features.7.block.2.fc2_0.7 | AT1: features.7.block.3.0 | AU1: sensitivityscore_After_features.7.block.3.0_0.5 | AV1: sensitivityscore_After_features.7.block.3.0_0.6 | AW1: sensitivityscore_After_features.7.block.3.0_0.7
A2: features.5.block.0.0 | B2: 1 | C2: -0.16712833 | D2: -0.11069431 | E2: 0.16274852 | F2: 0.51601936 | G2: 0.04120098 | H2: 0.29016388 | I2: -0.1355034 | J2: 0.31268432 | K2: 0.13164566 | L2: 0.11810434 | M2: -0.088317779 | N2: 0.12704324 | O2: 0.30363033 | P2: 0.28881345 | Q2: 0.063731294 | R2: -0.27715789 | S2: -0.061166914 | T2: 0.1853529 | U2: 0.087150686 | V2: 0.10929778 | W2: 0.097325018 | X2: -0.0027899496 | Y2: 0.15087671 | Z2: 0.18881867 | AA2: -0.23168644 | AB2: -0.17009249 | AC2: -0.023490959 | AD2: 0.094781973 | AE2: -0.26817351 | AF2: -0.25536265 | AG2: -0.13939537 | AH2: 0.20054044 | AI2: -0.14710829 | AJ2: -0.059506146 | AK2: -0.044404764 | AL2: 0.082768002 | AM2: -0.16654428 | AN2: -0.28595419 | AO2: -0.37954461 | AP2: -0.1323081 | AQ2: 0.0021138474 | AR2: 0.2062534 | AS2: 0.26689262 | AT2: -0.084216464 | AU2: 0.26634165 | AV2: 0.017698625 | AW2: 0.075119564
A3: sensitivityscore_After_features.5.block.0.0_0.5 | B3: -0.16712833 | C3: 1 | D3: 0.78584148 | E3: 0.52856454 | F3: -0.078530725 | G3: 0.1542264 | H3: -0.10240297 | I3: 0.019052442 | J3: -0.073893001 | K3: 0.10948193 | L3: 0.048156666 | M3: 0.18060213 | N3: -0.11194357 | O3: 0.003500915 | P3: -0.11209868 | Q3: -0.048308841 | R3: -0.054098154 | S3: -0.21627924 | T3: 0.053887783 | U3: -0.021077913 | V3: 0.10261869 | W3: 0.078096675 | X3: 0.37918814 | Y3: 0.11051054 | Z3: -0.094223556 | AA3: 0.1050924 | AB3: 0.18329566 | AC3: 0.18972066 | AD3: 0.024723456 | AE3: -0.024093976 | AF3: 0.16995699 | AG3: 0.12159012 | AH3: -0.055976064 | AI3: 0.14292044 | AJ3: 0.089963379 | AK3: 0.053891601 | AL3: -0.21858576 | AM3: 0.039459539 | AN3: 0.050175229 | AO3: 0.11348099 | AP3: -0.071095406 | AQ3: -0.077516611 | AR3: -0.098206272 | AS3: -0.11036414 | AT3: -0.28293882 | AU3: -0.14489134 | AV3: -0.076309717 | AW3: 0.040690745
A4: sensitivityscore_After_features.5.block.0.0_0.6 | B4: -0.11069431 | C4: 0.78584148 | D4: 1 | E4: 0.74542088 | F4: 0.12860718 | G4: 0.18563204 | H4: -0.12356544 | I4: 0.068281083 | J4: 0.21353983 | K4: 0.2067855 | L4: 0.046774488 | M4: 0.15787193 | N4: -0.12716707 | O4: -0.1933235 | P4: -0.25127734 | Q4: 0.10091909 | R4: 0.031873706 | S4: -0.021677875 | T4: 0.074930631 | U4: -0.0038940685 | V4: 0.026454169 | W4: -0.080573869 | X4: 0.29665807 | Y4: 0.074160228 | Z4: 0.016976694 | AA4: 0.10710802 | AB4: 0.075143426 | AC4: 0.12360755 | AD4: -0.010800873 | AE4: 0.085007706 | AF4: 0.27696864 | AG4: 0.16393053 | AH4: -0.046481296 | AI4: 0.12817815 | AJ4: 0.051493416 | AK4: 0.048217612 | AL4: -0.18453828 | AM4: 0.1662947 | AN4: -0.0076275741 | AO4: 0.048586284 | AP4: -0.0087652493 | AQ4: -0.14767834 | AR4: -0.055778578 | AS4: -0.01000906 | AT4: -0.13802794 | AU4: -0.17714437 | AV4: -0.046186889 | AW4: 0.067441586
A5: sensitivityscore_After_features.5.block.0.0_0.7 | B5: 0.16274852 | C5: 0.52856454 | D5: 0.74542088 | E5: 1 | F5: 0.26500293 | G5: 0.17881541 | H5: -0.19307018 | I5: -0.13477844 | J5: 0.28699897 | K5: 0.26118688 | L5: 0.13216786 | M5: 0.19488962 | N5: -0.1330596 | O5: 0.018641921 | P5: -0.059499582 | Q5: 0.25437367 | R5: 0.043783591 | S5: -0.038752541 | T5: 0.15230034 | U5: -0.045265137 | V5: -0.013594039 | W5: -0.23952992 | X5: 0.056745844 | Y5: -0.064116027 | Z5: 0.025264175 | AA5: 0.12728331 | AB5: 0.19561487 | AC5: 0.17136384 | AD5: -0.12764989 | AE5: -0.069053775 | AF5: 0.0056656952 | AG5: 0.01994245 | AH5: -0.051959774 | AI5: 0.11368548 | AJ5: 0.11875378 | AK5: 0.10186636 | AL5: -0.093172884 | AM5: 0.1967108 | AN5: -0.025256939 | AO5: 0.035641032 | AP5: -0.02009492 | AQ5: 0.04180801 | AR5: 0.037605438 | AS5: 0.1143917 | AT5: 0.0019358613 | AU5: 0.037373052 | AV5: -0.011884103 | AW5: 0.22631806
A6: features.5.block.1.0 | B6: 0.51601936 | C6: -0.078530725 | D6: 0.12860718 | E6: 0.26500293 | F6: 1 | G6: 0.19786491 | H6: 0.27338771 | I6: 0.07565589 | J6: 0.40318343 | K6: 0.19217856 | L6: 0.010279717 | M6: -0.10438927 | N6: 0.25778238 | O6: -0.014903422 | P6: -0.015714979 | Q6: -0.065306134 | R6: -0.041571251 | S6: -0.045575751 | T6: 0.22008495 | U6: 0.17270387 | V6: -0.012983694 | W6: 0.046772473 | X6: 0.029366357 | Y6: 0.011886202 | Z6: 0.35776391 | AA6: -0.11998106 | AB6: 0.010042595 | AC6: 0.021113595 | AD6: -0.082782817 | AE6: -0.2431588 | AF6: -0.23240632 | AG6: -0.025001246 | AH6: -0.040815245 | AI6: -0.180589 | AJ6: -0.047297119 | AK6: -0.13977326 | AL6: 0.0354734 | AM6: -0.13746129 | AN6: -0.35868405 | AO6: -0.26921181 | AP6: 0.031775869 | AQ6: 0.057860992 | AR6: 0.094151457 | AS6: 0.17796017 | AT6: -0.13613316 | AU6: 0.039943523 | AV6: -0.074673903 | AW6: 0.10960237
A7: sensitivityscore_After_features.5.block.1.0_0.5 | B7: 0.04120098 | C7: 0.1542264 | D7: 0.18563204 | E7: 0.17881541 | F7: 0.19786491 | G7: 1 | H7: 0.4041529 | I7: 0.48111316 | J7: 0.13874026 | K7: 0.11476 | L7: -0.031102928 | M7: -0.0084312146 | N7: 0.041705338 | O7: -0.15822555 | P7: -0.25956598 | Q7: -0.02547946 | R7: -0.25955853 | S7: 0.20010165 | T7: 0.17060451 | U7: 0.18045097 | V7: -0.3081463 | W7: -0.059664283 | X7: 0.039870999 | Y7: 0.085781644 | Z7: -0.13526383 | AA7: -0.096554342 | AB7: -0.10056713 | AC7: 0.02138359 | AD7: -0.037040681 | AE7: -0.22919444 | AF7: 0.21724751 | AG7: 0.21816183 | AH7: -0.037222748 | AI7: 0.093331819 | AJ7: -0.12593891 | AK7: 0.032658655 | AL7: 0.027275389 | AM7: -0.30076923 | AN7: -0.36080795 | AO7: -0.0094298508 | AP7: -0.051344192 | AQ7: 0.17006165 | AR7: 0.13696556 | AS7: 0.15770624 | AT7: 0.061285904 | AU7: 0.14766516 | AV7: 0.17955902 | AW7: 0.041359449
A8: sensitivityscore_After_features.5.block.1.0_0.6 | B8: 0.29016388 | C8: -0.10240297 | D8: -0.12356544 | E8: -0.19307018 | F8: 0.27338771 | G8: 0.4041529 | H8: 1 | I8: 0.6213773 | J8: 0.11584962 | K8: 0.093025793 | L8: -0.029220397 | M8: -0.081234364 | N8: 0.23847667 | O8: 0.1455629 | P8: 0.0081266199 | Q8: -0.1723987 | R8: -0.29688739 | S8: 0.086277629 | T8: 0.12885472 | U8: 0.15306989 | V8: -0.21519436 | W8: -0.003496405 | X8: -0.068367068 | Y8: 0.076588605 | Z8: 0.010036404 | AA8: 0.08492889 | AB8: -0.04931997 | AC8: 0.0016979362 | AD8: 0.13450505 | AE8: -0.20921673 | AF8: -0.039859044 | AG8: 0.22378261 | AH8: 0.15444732 | AI8: 0.0077244998 | AJ8: -0.19377335 | AK8: -0.27163405 | AL8: 0.29274688 | AM8: -0.38644188 | AN8: -0.46759068 | AO8: -0.26417813 | AP8: 0.14945374 | AQ8: 0.089222964 | AR8: 0.29557024 | AS8: 0.26662506 | AT8: 0.11336807 | AU8: -0.073896939 | AV8: 0.29748676 | AW8: 0.10053038
A9: sensitivityscore_After_features.5.block.1.0_0.7 | B9: -0.1355034 | C9: 0.019052442 | D9: 0.068281083 | E9: -0.13477844 | F9: 0.07565589 | G9: 0.48111316 | H9: 0.6213773 | I9: 1 | J9: -0.07970806 | K9: 0.21287439 | L9: 0.2010568 | M9: 0.21867299 | N9: 0.17328421 | O9: -0.18857555 | P9: -0.34513533 | Q9: -0.12875241 | R9: -0.082851699 | S9: 0.074396831 | T9: -0.028676159 | U9: 0.096763035 | V9: -0.10372917 | W9: -0.07363053 | X9: 0.094827389 | Y9: -0.071193009 | Z9: 0.10092376 | AA9: 0.072269119 | AB9: -0.05527513 | AC9: 0.080794541 | AD9: 0.1315585 | AE9: 0.041531959 | AF9: 0.25005148 | AG9: 0.41438283 | AH9: -0.020569896 | AI9: 0.019454413 | AJ9: -0.24023619 | AK9: -0.36824388 | AL9: 0.11291492 | AM9: -0.24054795 | AN9: -0.33443183 | AO9: -0.073509778 | AP9: 0.054537092 | AQ9: 0.23264182 | AR9: 0.25588622 | AS9: 0.30562737 | AT9: 0.1291365 | AU9: -0.24909374 | AV9: 0.201461 | AW9: -0.012738792
A10: features.5.block.2.fc2 | B10: 0.31268432 | C10: -0.073893001 | D10: 0.21353983 | E10: 0.28699897 | F10: 0.40318343 | G10: 0.13874026 | H10: 0.11584962 | I10: -0.07970806 | J10: 1 | K10: 0.17928522 | L10: -0.028972648 | M10: 0.080787505 | N10: -0.044001252 | O10: 0.039701508 | P10: -0.22849239 | Q10: 0.16572512 | R10: -0.18703181 | S10: 0.20273667 | T10: 0.012190062 | U10: -0.084270431 | V10: -0.18361684 | W10: 0.029980585 | X10: -0.10667794 | Y10: 0.024535057 | Z10: 0.28802104 | AA10: 0.19205867 | AB10: 0.11677704 | AC10: 0.33046712 | AD10: -0.214306 | AE10: -0.37857699 | AF10: -0.25884122 | AG10: -0.28109883 | AH10: -0.24048241 | AI10: -0.11618475 | AJ10: 0.013111825 | AK10: -0.050346557 | AL10: -0.14670459 | AM10: -0.070746905 | AN10: -0.24457668 | AO10: -0.057733159 | AP10: 0.3069902 | AQ10: -0.067666294 | AR10: 0.059244048 | AS10: 0.030279469 | AT10: 0.012262949 | AU10: -0.088555173 | AV10: -0.078523713 | AW10: 0.23817415
A11: sensitivityscore_After_features.5.block.2.fc2_0.5 | B11: 0.13164566 | C11: 0.10948193 | D11: 0.2067855 | E11: 0.26118688 | F11: 0.19217856 | G11: 0.11476 | H11: 0.093025793 | I11: 0.21287439 | J11: 0.17928522 | K11: 1 | L11: 0.6432979 | M11: 0.4866661 | N11: -0.17443095 | O11: -0.05522338 | P11: -0.090857332 | Q11: -0.077965399 | R11: -0.018797705 | S11: -0.098432661 | T11: -0.06131075 | U11: -0.095766723 | V11: 0.1707451 | W11: -0.043715809 | X11: 0.13962219 | Y11: 0.075165291 | Z11: 0.29972326 | AA11: -0.1720259 | AB11: 0.12438101 | AC11: 0.014860448 | AD11: -0.063721255 | AE11: -0.061339524 | AF11: -0.064841021 | AG11: 0.024379442 | AH11: -0.077074244 | AI11: 0.21367031 | AJ11: 0.26913622 | AK11: 0.19736578 | AL11: -0.17759046 | AM11: -0.048853419 | AN11: -0.1493592 | AO11: -0.14186689 | AP11: 0.13177241 | AQ11: 0.25847638 | AR11: 0.22445638 | AS11: 0.26530305 | AT11: 0.1843872 | AU11: -0.16568259 | AV11: 0.038478953 | AW11: 0.14878511
A12: sensitivityscore_After_features.5.block.2.fc2_0.6 | B12: 0.11810434 | C12: 0.048156666 | D12: 0.046774488 | E12: 0.13216786 | F12: 0.010279717 | G12: -0.031102928 | H12: -0.029220397 | I12: 0.2010568 | J12: -0.028972648 | K12: 0.6432979 | L12: 1 | M12: 0.58900186 | N12: -0.078861805 | O12: -0.00092400211 | P12: -0.024569476 | Q12: -0.070574547 | R12: 0.082659126 | S12: -0.025850974 | T12: 0.20083898 | U12: 0.15487926 | V12: 0.072041676 | W12: -0.055506336 | X12: 0.10352681 | Y12: 0.0050473986 | Z12: 0.15684094 | AA12: -0.32503755 | AB12: -0.086365696 | AC12: -0.082177128 | AD12: -0.085717538 | AE12: 0.0034123282 | AF12: -0.054653873 | AG12: -0.078431359 | AH12: -0.099210296 | AI12: 0.24782926 | AJ12: 0.14990634 | AK12: 0.17903844 | AL12: -0.25676526 | AM12: 0.08150495 | AN12: 0.012518601 | AO12: -0.20258029 | AP12: -0.044657705 | AQ12: 0.28368062 | AR12: 0.30551228 | AS12: 0.33357059 | AT12: -0.030081907 | AU12: -0.24148582 | AV12: -0.062466646 | AW12: 0.19987057
A13: sensitivityscore_After_features.5.block.2.fc2_0.7 | B13: -0.088317779 | C13: 0.18060213 | D13: 0.15787193 | E13: 0.19488962 | F13: -0.10438927 | G13: -0.0084312146 | H13: -0.081234364 | I13: 0.21867299 | J13: 0.080787505 | K13: 0.4866661 | L13: 0.58900186 | M13: 1 | N13: -0.084606615 | O13: -0.076643403 | P13: -0.19909078 | Q13: -0.0041604783 | R13: 0.27625942 | S13: 0.026900585 | T13: -0.20076358 | U13: 0.030494951 | V13: 0.05772334 | W13: -0.036057288 | X13: 0.095179658 | Y13: -0.0076508476 | Z13: 0.030589631 | AA13: -0.049643581 | AB13: 0.20546804 | AC13: 0.18921475 | AD13: 0.0051325794 | AE13: -0.067256472 | AF13: 0.00042985095 | AG13: 0.0068538745 | AH13: 0.052154395 | AI13: 0.16794819 | AJ13: 0.020899508 | AK13: 0.15702576 | AL13: 0.099708204 | AM13: 0.19309988 | AN13: 0.29070241 | AO13: 0.19895715 | AP13: -0.13660156 | AQ13: 0.12239226 | AR13: -0.028583932 | AS13: 0.029691419 | AT13: 0.22791047 | AU13: -0.13757474 | AV13: 0.022699446 | AW13: -0.094824638
... A49: sensitivityscore_After_features.7.block.3.0_0.7 | B49: 0.075119564 | C49: 0.040690745 | D49: 0.067441586 | E49: 0.22631806 | F49: 0.10960237 | G49: 0.041359449 | H49: 0.10053038 | I49: -0.012738792 | J49: 0.23817415 | K49: 0.14878511 | L49: 0.19987057 | M49: -0.094824638 | N49: -0.037867008 | O49: 0.23348718 | P49: 0.10683528 | Q49: 0.24528049 | R49: -0.030714902 | S49: -0.11100155 | T49: 0.14679012 | U49: 0.047062608 | V49: -0.053450036 | W49: -0.010785903 | X49: 0.0028153216 | Y49: 0.05757949 | Z49: -0.055517655 | AA49: 0.28464229 | AB49: 0.073991065 | AC49: 0.09390794 | AD49: -0.020817077 | AE49: -0.1345605 | AF49: -0.2013788 | AG49: -0.085538996 | AH49: -0.026709458 | AI49: 0.11531447 | AJ49: 0.10276169 | AK49: 0.25543481 | AL49: 0.024373742 | AM49: -0.030871581 | AN49: -0.12081301 | AO49: -0.11140986 | AP49: 0.14842335 | AQ49: 0.25184792 | AR49: 0.22965064 | AS49: 0.17069714 | AT49: 0.10173854 | AU49: -0.087466416 | AV49: 0.062781255 | AW49: 1

Sheet Class_8
B1: features.5.block.0.0 | C1: sensitivityscore_After_features.5.block.0.0_0.5 | D1: sensitivityscore_After_features.5.block.0.0_0.6 | E1: sensitivityscore_After_features.5.block.0.0_0.7 | F1: features.5.block.1.0 | G1: sensitivityscore_After_features.5.block.1.0_0.5 | H1: sensitivityscore_After_features.5.block.1.0_0.6 | I1: sensitivityscore_After_features.5.block.1.0_0.7 | J1: features.5.block.2.fc2 | K1: sensitivityscore_After_features.5.block.2.fc2_0.5 | L1: sensitivityscore_After_features.5.block.2.fc2_0.6 | M1: sensitivityscore_After_features.5.block.2.fc2_0.7 | N1: features.5.block.3.0 | O1: sensitivityscore_After_features.5.block.3.0_0.5 | P1: sensitivityscore_After_features.5.block.3.0_0.6 | Q1: sensitivityscore_After_features.5.block.3.0_0.7 | R1: features.6.block.0.0 | S1: sensitivityscore_After_features.6.block.0.0_0.5 | T1: sensitivityscore_After_features.6.block.0.0_0.6 | U1: sensitivityscore_After_features.6.block.0.0_0.7 | V1: features.6.block.1.0 | W1: sensitivityscore_After_features.6.block.1.0_0.5 | X1: sensitivityscore_After_features.6.block.1.0_0.6 | Y1: sensitivityscore_After_features.6.block.1.0_0.7 | Z1: features.6.block.2.fc2 | AA1: sensitivityscore_After_features.6.block.2.fc2_0.5 | AB1: sensitivityscore_After_features.6.block.2.fc2_0.6 | AC1: sensitivityscore_After_features.6.block.2.fc2_0.7 | AD1: features.6.block.3.0 | AE1: sensitivityscore_After_features.6.block.3.0_0.5 | AF1: sensitivityscore_After_features.6.block.3.0_0.6 | AG1: sensitivityscore_After_features.6.block.3.0_0.7 | AH1: features.7.block.0.0 | AI1: sensitivityscore_After_features.7.block.0.0_0.5 | AJ1: sensitivityscore_After_features.7.block.0.0_0.6 | AK1: sensitivityscore_After_features.7.block.0.0_0.7 | AL1: features.7.block.1.0 | AM1: sensitivityscore_After_features.7.block.1.0_0.5 | AN1: sensitivityscore_After_features.7.block.1.0_0.6 | AO1: sensitivityscore_After_features.7.block.1.0_0.7 | AP1: features.7.block.2.fc2 | AQ1: sensitivityscore_After_features.7.block.2.fc2_0.5 | AR1: sensitivityscore_After_features.7.block.2.fc2_0.6 | AS1: sensitivityscore_After_features.7.block.2.fc2_0.7 | AT1: features.7.block.3.0 | AU1: sensitivityscore_After_features.7.block.3.0_0.5 | AV1: sensitivityscore_After_features.7.block.3.0_0.6 | AW1: sensitivityscore_After_features.7.block.3.0_0.7
A2: features.5.block.0.0 | B2: 1 | C2: -0.0017517355 | D2: 0.17952565 | E2: 0.24648105 | F2: 0.75959593 | G2: 0.17713809 | H2: 0.01444907 | I2: -0.080144991 | J2: 0.22340224 | K2: -0.021259973 | L2: 0.043963842 | M2: 0.025143214 | N2: 0.36809722 | O2: -0.15764157 | P2: -0.22126898 | Q2: -0.025195001 | R2: 0.28144807 | S2: -0.059252904 | T2: 0.026834975 | U2: 0.010379475 | V2: 0.24475558 | W2: 0.17984196 | X2: 0.078369034 | Y2: -0.010350871 | Z2: -0.018699891 | AA2: 0.087268793 | AB2: -0.10013589 | AC2: -0.05659837 | AD2: -0.038676891 | AE2: -0.22806153 | AF2: -0.20812349 | AG2: -0.35282418 | AH2: 0.15590393 | AI2: -0.12833153 | AJ2: -0.26690794 | AK2: -0.23716968 | AL2: 0.11422981 | AM2: 0.017894753 | AN2: 0.03482479 | AO2: -0.030397992 | AP2: 0.11260814 | AQ2: 0.065643055 | AR2: -0.075215069 | AS2: 0.059042494 | AT2: -0.085031798 | AU2: 0.011208174 | AV2: -0.23502675 | AW2: 0.17379615
A3: sensitivityscore_After_features.5.block.0.0_0.5 | B3: -0.0017517355 | C3: 1 | D3: 0.63574643 | E3: 0.48895921 | F3: 0.16749926 | G3: 0.00082995059 | H3: -0.033607554 | I3: -0.081411575 | J3: -0.25657292 | K3: -0.048405154 | L3: -0.10774671 | M3: -0.082540312 | N3: -0.0038713177 | O3: 0.078892582 | P3: 0.051140782 | Q3: -0.18383723 | R3: -0.10390331 | S3: -0.010738454 | T3: 0.18767666 | U3: -0.01718374 | V3: -0.26736503 | W3: 0.2110869 | X3: 0.12833471 | Y3: 0.07270282 | Z3: -0.13882997 | AA3: -0.12878317 | AB3: -0.077486731 | AC3: -0.16010076 | AD3: -0.11036021 | AE3: 0.14013679 | AF3: 0.3878434 | AG3: 0.099917493 | AH3: 0.093469459 | AI3: -0.069442357 | AJ3: 0.081903081 | AK3: -0.00060440107 | AL3: -0.080481031 | AM3: -0.16369996 | AN3: 0.11488877 | AO3: 0.34610025 | AP3: 0.11278351 | AQ3: 0.031475553 | AR3: 0.11456273 | AS3: 0.10268103 | AT3: 0.053202073 | AU3: 0.083206944 | AV3: -0.069021044 | AW3: 0.0076330658
A4: sensitivityscore_After_features.5.block.0.0_0.6 | B4: 0.17952565 | C4: 0.63574643 | D4: 1 | E4: 0.65328908 | F4: 0.33432966 | G4: 0.088815262 | H4: 0.039119516 | I4: -0.20397206 | J4: -0.11921042 | K4: 0.086616483 | L4: 0.020858595 | M4: 0.039088267 | N4: 0.21928038 | O4: 0.034827601 | P4: -0.061925886 | Q4: -0.12792721 | R4: 0.004241134 | S4: -0.02499259 | T4: 0.26196301 | U4: 0.14741676 | V4: -0.13181256 | W4: 0.30354443 | X4: 0.18085378 | Y4: -0.019087164 | Z4: -0.062534648 | AA4: -0.26655423 | AB4: -0.29139363 | AC4: -0.29815043 | AD4: -0.21921528 | AE4: 0.065676158 | AF4: 0.27314093 | AG4: 0.089022311 | AH4: 0.013597832 | AI4: -0.053018562 | AJ4: -0.11364266 | AK4: -0.067390769 | AL4: -0.26209383 | AM4: -0.26925147 | AN4: -0.097406591 | AO4: 0.10340014 | AP4: 0.031020962 | AQ4: -0.15569278 | AR4: 0.061900024 | AS4: 0.20332301 | AT4: -0.098275658 | AU4: -0.077725611 | AV4: -0.27169628 | AW4: -0.060189083
A5: sensitivityscore_After_features.5.block.0.0_0.7 | B5: 0.24648105 | C5: 0.48895921 | D5: 0.65328908 | E5: 1 | F5: 0.47083478 | G5: 0.028546597 | H5: 0.087333374 | I5: -0.016142074 | J5: -0.095088034 | K5: 0.07081946 | L5: 0.065984819 | M5: 0.098526709 | N5: 0.21962735 | O5: -0.069841863 | P5: -0.16260728 | Q5: -0.2517293 | R5: 0.14944782 | S5: 0.14428024 | T5: 0.30155744 | U5: 0.035133761 | V5: 0.17047335 | W5: 0.28398323 | X5: 0.10015345 | Y5: -0.005591474 | Z5: -0.0048375448 | AA5: -0.16315437 | AB5: -0.11591932 | AC5: -0.18701803 | AD5: 0.0085337822 | AE5: -0.062370671 | AF5: 0.21156617 | AG5: 0.074232669 | AH5: -0.016346366 | AI5: -0.091347259 | AJ5: -0.067377489 | AK5: -0.24100681 | AL5: -0.13248856 | AM5: -0.11955619 | AN5: 0.06231276 | AO5: 0.10011481 | AP5: 0.12640085 | AQ5: 0.07411092 | AR5: 0.13284002 | AS5: 0.16993401 | AT5: 0.076892793 | AU5: -0.0043631069 | AV5: -0.20544826 | AW5: -0.19498933
A6: features.5.block.1.0 | B6: 0.75959593 | C6: 0.16749926 | D6: 0.33432966 | E6: 0.47083478 | F6: 1 | G6: 0.21951185 | H6: 0.11695948 | I6: -0.1001885 | J6: 0.16843644 | K6: -0.024435616 | L6: -0.016877244 | M6: -0.054890986 | N6: 0.56987067 | O6: -0.31157887 | P6: -0.24157255 | Q6: -0.0105709 | R6: 0.37725578 | S6: 0.093430588 | T6: 0.056894604 | U6: -0.0009543919 | V6: 0.36326041 | W6: 0.29947884 | X6: 0.081417965 | Y6: -0.068936001 | Z6: -0.026717874 | AA6: -0.026783282 | AB6: -0.098639099 | AC6: -0.080302943 | AD6: -0.083362284 | AE6: -0.14314942 | AF6: -0.0057924299 | AG6: -0.12531374 | AH6: 0.10413351 | AI6: -0.10124234 | AJ6: -0.26512341 | AK6: -0.34291191 | AL6: 0.041999474 | AM6: -0.14735266 | AN6: -0.0047237504 | AO6: -0.018468232 | AP6: 0.18885823 | AQ6: 0.16001737 | AR6: 0.11001473 | AS6: 0.28917359 | AT6: 0.078935027 | AU6: 0.084680793 | AV6: -0.14528424 | AW6: -0.079352389
A7: sensitivityscore_After_features.5.block.1.0_0.5 | B7: 0.17713809 | C7: 0.00082995059 | D7: 0.088815262 | E7: 0.028546597 | F7: 0.21951185 | G7: 1 | H7: 0.61720695 | I7: 0.38033038 | J7: 0.02417577 | K7: 0.11530627 | L7: 0.055898648 | M7: 0.02890068 | N7: 0.036544548 | O7: -0.19846252 | P7: 0.11132778 | Q7: 0.1733331 | R7: 0.10108211 | S7: 0.046985142 | T7: 0.13984914 | U7: 0.13891397 | V7: -0.039187229 | W7: 0.15854975 | X7: 0.016035299 | Y7: -0.053193305 | Z7: -0.077818051 | AA7: -0.12304822 | AB7: -0.27587367 | AC7: -0.28165171 | AD7: 0.027699532 | AE7: -0.10035581 | AF7: -0.10031082 | AG7: -0.19175222 | AH7: 0.082013937 | AI7: -0.23519652 | AJ7: -0.18375123 | AK7: -0.094337851 | AL7: 0.045733082 | AM7: -0.20498527 | AN7: -0.20881612 | AO7: -0.16022577 | AP7: -0.15457842 | AQ7: -0.011470668 | AR7: -0.010175277 | AS7: 0.09162501 | AT7: -0.054796073 | AU7: -0.30322999 | AV7: -0.20643355 | AW7: 0.0035878043
A8: sensitivityscore_After_features.5.block.1.0_0.6 | B8: 0.01444907 | C8: -0.033607554 | D8: 0.039119516 | E8: 0.087333374 | F8: 0.11695948 | G8: 0.61720695 | H8: 1 | I8: 0.4809054 | J8: 0.21810168 | K8: 0.099285173 | L8: 0.061412826 | M8: 0.027614736 | N8: -0.17946701 | O8: -0.12662176 | P8: -0.053025108 | Q8: 0.083184146 | R8: -0.10847698 | S8: 0.11775776 | T8: -0.11621064 | U8: -0.074030825 | V8: -0.010786103 | W8: -0.018846535 | X8: -0.2688523 | Y8: -0.16111985 | Z8: 0.31108958 | AA8: -0.098009316 | AB8: -0.28057265 | AC8: -0.18923579 | AD8: -0.014635816 | AE8: -0.01861942 | AF8: -0.10166528 | AG8: -0.072954259 | AH8: -0.16298058 | AI8: -0.1697357 | AJ8: 0.0054079141 | AK8: -0.01202756 | AL8: -0.05086628 | AM8: -0.031553908 | AN8: -0.22730093 | AO8: -0.1033619 | AP8: 0.024952826 | AQ8: 0.060906377 | AR8: 0.027486993 | AS8: -0.012079867 | AT8: -0.090703484 | AU8: -0.014564856 | AV8: -0.24578799 | AW8: -0.036223874
A9: sensitivityscore_After_features.5.block.1.0_0.7 | B9: -0.080144991 | C9: -0.081411575 | D9: -0.20397206 | E9: -0.016142074 | F9: -0.1001885 | G9: 0.38033038 | H9: 0.4809054 | I9: 1 | J9: 0.060358307 | K9: 0.08229029 | L9: 0.12924084 | M9: 0.11100834 | N9: -0.0078245134 | O9: 0.0052579866 | P9: -0.0090548196 | Q9: -0.22047751 | R9: -0.062097325 | S9: 0.14618009 | T9: 0.04370699 | U9: 0.060096873 | V9: 0.059864467 | W9: -0.066309884 | X9: -0.22845827 | Y9: -0.25920067 | Z9: 0.20862033 | AA9: 0.21821838 | AB9: 0.024855377 | AC9: -0.019833203 | AD9: 0.17672018 | AE9: -0.1578852 | AF9: -0.11549471 | AG9: -0.19038209 | AH9: -0.076412586 | AI9: 0.041917278 | AJ9: 0.15465166 | AK9: 0.12186148 | AL9: 0.18155573 | AM9: 0.025870448 | AN9: -0.081400607 | AO9: -0.2560876 | AP9: 0.21891502 | AQ9: 0.21309411 | AR9: 0.12780743 | AS9: -0.057880922 | AT9: -0.069199274 | AU9: -0.0013928859 | AV9: -0.078541643 | AW9: 0.12191489
A10: features.5.block.2.fc2 | B10: 0.22340224 | C10: -0.25657292 | D10: -0.11921042 | E10: -0.095088034 | F10: 0.16843644 | G10: 0.02417577 | H10: 0.21810168 | I10: 0.060358307 | J10: 1 | K10: -0.18530102 | L10: -0.14384283 | M10: -0.14791447 | N10: -0.10410819 | O10: -0.19308351 | P10: -0.17920911 | Q10: 0.063548569 | R10: 0.061093959 | S10: 0.04879499 | T10: -0.05208207 | U10: 0.023595178 | V10: 0.13139637 | W10: 0.10776138 | X10: 0.15805702 | Y10: 0.0082222169 | Z10: 0.39940286 | AA10: 0.30135541 | AB10: 0.15723296 | AC10: 0.35591811 | AD10: 0.027399596 | AE10: 0.0070420195 | AF10: 0.025895159 | AG10: -0.074790457 | AH10: -0.12245599 | AI10: 0.093414313 | AJ10: -0.18074286 | AK10: -0.09640791 | AL10: -0.13112778 | AM10: 0.18702229 | AN10: 0.090591273 | AO10: -0.13725204 | AP10: 0.35216417 | AQ10: 0.083742194 | AR10: -0.00024104432 | AS10: 0.055549709 | AT10: -0.24667499 | AU10: -0.22633995 | AV10: 0.016140208 | AW10: 0.25965602
A11: sensitivityscore_After_features.5.block.2.fc2_0.5 | B11: -0.021259973 | C11: -0.048405154 | D11: 0.086616483 | E11: 0.07081946 | F11: -0.024435616 | G11: 0.11530627 | H11: 0.099285173 | I11: 0.08229029 | J11: -0.18530102 | K11: 1 | L11: 0.79129798 | M11: 0.68155694 | N11: 0.010557284 | O11: 0.022898584 | P11: 0.086881715 | Q11: -0.10771775 | R11: 0.050918979 | S11: 0.04366015 | T11: -0.07760267 | U11: -0.12692489 | V11: -0.010782962 | W11: -0.10992153 | X11: -0.017723999 | Y11: -0.12356452 | Z11: -0.21870046 | AA11: -0.15560111 | AB11: -0.062595619 | AC11: 0.0098257409 | AD11: 0.22871148 | AE11: -0.008671355 | AF11: 0.093463768 | AG11: 0.21614613 | AH11: -0.0025695765 | AI11: -0.046267215 | AJ11: -0.058859895 | AK11: 0.14085422 | AL11: -0.012112314 | AM11: -0.20614357 | AN11: -0.24134786 | AO11: 0.022504649 | AP11: 0.15039961 | AQ11: -0.12271058 | AR11: -0.13004699 | AS11: -0.047835476 | AT11: 0.067500728 | AU11: 0.016807207 | AV11: -0.048221947 | AW11: -0.058067507
A12: sensitivityscore_After_features.5.block.2.fc2_0.6 | B12: 0.043963842 | C12: -0.10774671 | D12: 0.020858595 | E12: 0.065984819 | F12: -0.016877244 | G12: 0.055898648 | H12: 0.061412826 | I12: 0.12924084 | J12: -0.14384283 | K12: 0.79129798 | L12: 1 | M12: 0.87475387 | N12: -0.061646568 | O12: 0.081974604 | P12: 0.041775101 | Q12: -0.10580242 | R12: -0.02572677 | S12: -0.031113943 | T12: -0.13205834 | U12: -0.23214855 | V12: -0.051014117 | W12: -0.21586306 | X12: -0.23304758 | Y12: -0.37482085 | Z12: -0.081261649 | AA12: 0.023158181 | AB12: -0.0046414544 | AC12: 0.040453438 | AD12: 0.24703958 | AE12: 0.054638618 | AF12: -0.10899202 | AG12: 0.12561438 | AH12: -0.017909968 | AI12: -0.0099734579 | AJ12: -0.048107798 | AK12: 0.076134121 | AL12: 0.070042208 | AM12: -0.14974695 | AN12: -0.22034144 | AO12: 0.03478441 | AP12: 0.088453212 | AQ12: -0.070839036 | AR12: -0.035247326 | AS12: 0.010786958 | AT12: 0.080639098 | AU12: -0.032511395 | AV12: -0.10473097 | AW12: -0.054689474
A13: sensitivityscore_After_features.5.block.2.fc2_0.7 | B13: 0.025143214 | C13: -0.082540312 | D13: 0.039088267 | E13: 0.098526709 | F13: -0.054890986 | G13: 0.02890068 | H13: 0.027614736 | I13: 0.11100834 | J13: -0.14791447 | K13: 0.68155694 | L13: 0.87475387 | M13: 1 | N13: -0.12776307 | O13: 0.094303382 | P13: -0.030866197 | Q13: -0.11294608 | R13: -0.11098941 | S13: -0.083059435 | T13: -0.23931381 | U13: -0.23033062 | V13: -0.12690486 | W13: -0.29741232 | X13: -0.25673517 | Y13: -0.39490511 | Z13: -0.092823352 | AA13: 0.054403795 | AB13: 0.013771676 | AC13: -0.047654051 | AD13: 0.28523141 | AE13: 0.085202802 | AF13: -0.033876976 | AG13: 0.022751832 | AH13: 0.10974262 | AI13: 0.025724617 | AJ13: -0.11819797 | AK13: 0.033235208 | AL13: 0.168603 | AM13: 0.077406783 | AN13: 0.025365558 | AO13: 0.07188199 | AP13: 0.086665812 | AQ13: -0.16731522 | AR13: -0.18170873 | AS13: -0.14884252 | AT13: 0.14667659 | AU13: -0.079439369 | AV13: -0.089986433 | AW13: -0.078932155
... A49: sensitivityscore_After_features.7.block.3.0_0.7 | B49: 0.17379615 | C49: 0.0076330658 | D49: -0.060189083 | E49: -0.19498933 | F49: -0.079352389 | G49: 0.0035878043 | H49: -0.036223874 | I49: 0.12191489 | J49: 0.25965602 | K49: -0.058067507 | L49: -0.054689474 | M49: -0.078932155 | N49: -0.22595161 | O49: 0.20564294 | P49: -0.072067985 | Q49: -0.091296426 | R49: 0.021132036 | S49: 0.00013520361 | T49: 0.070183047 | U49: -0.070384141 | V49: -0.0062395115 | W49: 0.22730986 | X49: 0.054781643 | Y49: -0.066257221 | Z49: 0.16009877 | AA49: 0.23236315 | AB49: 0.14535122 | AC49: 0.22376106 | AD49: -0.04452969 | AE49: -0.20058582 | AF49: -0.20091334 | AG49: -0.4122442 | AH49: 0.062668315 | AI49: -0.041557097 | AJ49: 0.011077526 | AK49: 0.23223033 | AL49: 0.058120617 | AM49: 0.06051877 | AN49: 0.066673875 | AO49: 0.10024852 | AP49: 0.11754897 | AQ49: -0.055439217 | AR49: -0.05832265 | AS49: -0.13439332 | AT49: -0.19757092 | AU49: -0.022150596 | AV49: -0.066350029 | AW49: 1

Sheet Class_9
B1: features.5.block.0.0 | C1: sensitivityscore_After_features.5.block.0.0_0.5 | D1: sensitivityscore_After_features.5.block.0.0_0.6 | E1: sensitivityscore_After_features.5.block.0.0_0.7 | F1: features.5.block.1.0 | G1: sensitivityscore_After_features.5.block.1.0_0.5 | H1: sensitivityscore_After_features.5.block.1.0_0.6 | I1: sensitivityscore_After_features.5.block.1.0_0.7 | J1: features.5.block.2.fc2 | K1: sensitivityscore_After_features.5.block.2.fc2_0.5 | L1: sensitivityscore_After_features.5.block.2.fc2_0.6 | M1: sensitivityscore_After_features.5.block.2.fc2_0.7 | N1: features.5.block.3.0 | O1: sensitivityscore_After_features.5.block.3.0_0.5 | P1: sensitivityscore_After_features.5.block.3.0_0.6 | Q1: sensitivityscore_After_features.5.block.3.0_0.7 | R1: features.6.block.0.0 | S1: sensitivityscore_After_features.6.block.0.0_0.5 | T1: sensitivityscore_After_features.6.block.0.0_0.6 | U1: sensitivityscore_After_features.6.block.0.0_0.7 | V1: features.6.block.1.0 | W1: sensitivityscore_After_features.6.block.1.0_0.5 | X1: sensitivityscore_After_features.6.block.1.0_0.6 | Y1: sensitivityscore_After_features.6.block.1.0_0.7 | Z1: features.6.block.2.fc2 | AA1: sensitivityscore_After_features.6.block.2.fc2_0.5 | AB1: sensitivityscore_After_features.6.block.2.fc2_0.6 | AC1: sensitivityscore_After_features.6.block.2.fc2_0.7 | AD1: features.6.block.3.0 | AE1: sensitivityscore_After_features.6.block.3.0_0.5 | AF1: sensitivityscore_After_features.6.block.3.0_0.6 | AG1: sensitivityscore_After_features.6.block.3.0_0.7 | AH1: features.7.block.0.0 | AI1: sensitivityscore_After_features.7.block.0.0_0.5 | AJ1: sensitivityscore_After_features.7.block.0.0_0.6 | AK1: sensitivityscore_After_features.7.block.0.0_0.7 | AL1: features.7.block.1.0 | AM1: sensitivityscore_After_features.7.block.1.0_0.5 | AN1: sensitivityscore_After_features.7.block.1.0_0.6 | AO1: sensitivityscore_After_features.7.block.1.0_0.7 | AP1: features.7.block.2.fc2 | AQ1: sensitivityscore_After_features.7.block.2.fc2_0.5 | AR1: sensitivityscore_After_features.7.block.2.fc2_0.6 | AS1: sensitivityscore_After_features.7.block.2.fc2_0.7 | AT1: features.7.block.3.0 | AU1: sensitivityscore_After_features.7.block.3.0_0.5 | AV1: sensitivityscore_After_features.7.block.3.0_0.6 | AW1: sensitivityscore_After_features.7.block.3.0_0.7
A2: features.5.block.0.0 | B2: 1 | C2: -0.037395501 | D2: -0.10709172 | E2: -0.056123194 | F2: 0.68322932 | G2: -0.042964597 | H2: 0.032213567 | I2: -0.16909084 | J2: 0.2666894 | K2: 0.068710231 | L2: 0.2940484 | M2: 0.2138149 | N2: 0.3878628 | O2: 0.10648889 | P2: -0.10192428 | Q2: 0.06152113 | R2: 0.11783283 | S2: -0.0099451374 | T2: -0.1194345 | U2: -0.13084544 | V2: 0.015213774 | W2: 0.16071256 | X2: 0.12548989 | Y2: 0.081656614 | Z2: 0.37607941 | AA2: -0.12183074 | AB2: -0.11799057 | AC2: 0.013168284 | AD2: 0.045678332 | AE2: -0.12924086 | AF2: -0.089974529 | AG2: -0.010440915 | AH2: 0.16024304 | AI2: 0.17115453 | AJ2: 0.18209818 | AK2: 0.087857486 | AL2: 0.28494654 | AM2: -0.13115238 | AN2: -0.26075031 | AO2: -0.074379368 | AP2: -0.14609601 | AQ2: 0.17288528 | AR2: 0.11179066 | AS2: 0.19697613 | AT2: 0.32232705 | AU2: 0.050727127 | AV2: -0.074182907 | AW2: -0.0037904267
A3: sensitivityscore_After_features.5.block.0.0_0.5 | B3: -0.037395501 | C3: 1 | D3: 0.72416026 | E3: 0.53303323 | F3: 0.012662633 | G3: 0.067391357 | H3: -0.013328237 | I3: -0.14665426 | J3: -0.026062052 | K3: -0.088747739 | L3: -0.0051306707 | M3: -0.071258256 | N3: -0.034412782 | O3: 0.15085127 | P3: 0.057713939 | Q3: -0.30924942 | R3: -0.18072882 | S3: 0.067106097 | T3: 0.026266495 | U3: -0.043522928 | V3: 0.13691183 | W3: -0.083499418 | X3: -0.090352767 | Y3: -0.044980206 | Z3: -0.024077832 | AA3: -0.058671404 | AB3: -0.14204365 | AC3: -0.055690641 | AD3: 0.032189413 | AE3: 0.087829365 | AF3: 0.33958345 | AG3: 0.1106849 | AH3: 0.12009132 | AI3: -0.056597381 | AJ3: -0.035838549 | AK3: -0.18899408 | AL3: -0.025334016 | AM3: 0.0048966464 | AN3: 0.12724953 | AO3: 0.17306349 | AP3: 0.17854506 | AQ3: -0.13523166 | AR3: -0.1520231 | AS3: -0.039179718 | AT3: 0.13200651 | AU3: 0.15088927 | AV3: 0.014704117 | AW3: 0.12855339
A4: sensitivityscore_After_features.5.block.0.0_0.6 | B4: -0.10709172 | C4: 0.72416026 | D4: 1 | E4: 0.70626916 | F4: -0.13690316 | G4: 0.14731422 | H4: 0.035898123 | I4: -0.19370138 | J4: -0.31668543 | K4: 0.018002741 | L4: 0.11721043 | M4: 0.071973732 | N4: -0.030709341 | O4: 0.039826921 | P4: -0.0015432086 | Q4: -0.15058255 | R4: -0.12055327 | S4: 0.23280123 | T4: -0.022714599 | U4: -0.25423434 | V4: -0.0034249819 | W4: 0.019338885 | X4: -0.17330044 | Y4: -0.019950421 | Z4: -0.016752413 | AA4: -0.038963081 | AB4: -0.032160369 | AC4: 0.051591155 | AD4: -0.043063477 | AE4: 0.0715024 | AF4: 0.21419693 | AG4: 0.071599075 | AH4: 0.1082036 | AI4: 0.14347531 | AJ4: -0.070197386 | AK4: -0.14138738 | AL4: -0.012722538 | AM4: -0.028078377 | AN4: 0.15991391 | AO4: 0.11751964 | AP4: -0.045848856 | AQ4: -0.22226076 | AR4: -0.21761534 | AS4: -0.17639989 | AT4: 0.1406482 | AU4: 0.13820513 | AV4: 0.085821274 | AW4: 0.088727094
A5: sensitivityscore_After_features.5.block.0.0_0.7 | B5: -0.056123194 | C5: 0.53303323 | D5: 0.70626916 | E5: 1 | F5: -0.012432211 | G5: 0.10110352 | H5: 0.01597762 | I5: -0.14568191 | J5: -0.21564606 | K5: -0.1547283 | L5: 0.14909403 | M5: 0.15371122 | N5: 0.061621068 | O5: -0.22069825 | P5: -0.2699223 | Q5: -0.073474276 | R5: -0.060267836 | S5: 0.36803305 | T5: 0.22237205 | U5: 0.038678523 | V5: 0.0037673773 | W5: 0.084349 | X5: -0.06011868 | Y5: -0.051827859 | Z5: 0.057308228 | AA5: -0.037525504 | AB5: 0.059771365 | AC5: 0.10556954 | AD5: -0.13728084 | AE5: -0.053014944 | AF5: 0.020428534 | AG5: -0.096784539 | AH5: 0.035873069 | AI5: 0.088465444 | AJ5: -0.1154312 | AK5: 0.034145353 | AL5: 0.080942687 | AM5: 0.083980453 | AN5: 0.20052417 | AO5: 0.31866277 | AP5: -0.0080568286 | AQ5: -0.049788038 | AR5: -0.15145588 | AS5: -0.23367441 | AT5: 0.094503736 | AU5: 0.2292245 | AV5: 0.025059955 | AW5: -0.073569738
A6: features.5.block.1.0 | B6: 0.68322932 | C6: 0.012662633 | D6: -0.13690316 | E6: -0.012432211 | F6: 1 | G6: -0.099251917 | H6: 0.11936695 | I6: -0.03569917 | J6: 0.28102446 | K6: -0.045177222 | L6: 0.089987469 | M6: 0.03546086 | N6: 0.43071035 | O6: 0.0083827591 | P6: -0.16405544 | Q6: 0.17432578 | R6: 0.014743654 | S6: 0.10335317 | T6: 0.12592694 | U6: -0.055211128 | V6: 0.11697687 | W6: 0.2267047 | X6: 0.11856198 | Y6: 0.037944387 | Z6: 0.48695887 | AA6: -0.18317102 | AB6: -0.21003475 | AC6: -0.1287483 | AD6: -0.18227271 | AE6: -0.27005663 | AF6: -0.16244872 | AG6: -0.1882965 | AH6: 0.17241344 | AI6: 0.08004544 | AJ6: -0.012383605 | AK6: -0.038254921 | AL6: 0.31968374 | AM6: -0.10825858 | AN6: 0.022641292 | AO6: 0.071288846 | AP6: -0.086339009 | AQ6: 0.10422229 | AR6: 0.022129126 | AS6: 0.10477975 | AT6: 0.20261524 | AU6: 0.04474702 | AV6: -0.1636811 | AW6: -0.071284294
A7: sensitivityscore_After_features.5.block.1.0_0.5 | B7: -0.042964597 | C7: 0.067391357 | D7: 0.14731422 | E7: 0.10110352 | F7: -0.099251917 | G7: 1 | H7: 0.61158745 | I7: 0.36025568 | J7: -0.069311081 | K7: -0.095494491 | L7: 0.16401726 | M7: 0.21137895 | N7: 0.052336402 | O7: 0.096059899 | P7: 0.21100263 | Q7: -0.26397285 | R7: -0.015238637 | S7: 0.031737907 | T7: 0.065062385 | U7: 0.14364834 | V7: 0.11657488 | W7: 0.18642559 | X7: 0.27001391 | Y7: 0.11901193 | Z7: 0.068514085 | AA7: 0.099511145 | AB7: 0.17241435 | AC7: 0.18501757 | AD7: 0.19425269 | AE7: 0.21190613 | AF7: 0.10489443 | AG7: 0.027135339 | AH7: 0.21724781 | AI7: 0.17646468 | AJ7: 0.036663847 | AK7: 0.19127779 | AL7: 0.12031928 | AM7: 0.11810836 | AN7: 0.25286478 | AO7: 0.22729889 | AP7: 0.22727032 | AQ7: -0.011890463 | AR7: 0.033495114 | AS7: 0.28223555 | AT7: 0.25693948 | AU7: 0.054675145 | AV7: 0.092757313 | AW7: -0.11667369
A8: sensitivityscore_After_features.5.block.1.0_0.6 | B8: 0.032213567 | C8: -0.013328237 | D8: 0.035898123 | E8: 0.01597762 | F8: 0.11936695 | G8: 0.61158745 | H8: 1 | I8: 0.59765769 | J8: -0.055625719 | K8: 0.14028985 | L8: 0.21044744 | M8: 0.24972087 | N8: 0.15087805 | O8: 0.12483757 | P8: 0.29745222 | Q8: -0.16633813 | R8: -0.055676397 | S8: -0.04464128 | T8: 0.058429931 | U8: 0.043312854 | V8: 0.027916663 | W8: 0.03987435 | X8: 0.13020095 | Y8: -0.11121842 | Z8: 0.2397721 | AA8: -0.021352824 | AB8: 0.0046683381 | AC8: 0.022933399 | AD8: 0.20829569 | AE8: 0.01025029 | AF8: 0.04134841 | AG8: -0.11371126 | AH8: 0.27764168 | AI8: -0.065815701 | AJ8: -0.16126942 | AK8: 0.0027924188 | AL8: 0.14625863 | AM8: 0.22069008 | AN8: 0.46456649 | AO8: 0.18273562 | AP8: 0.026149526 | AQ8: 0.094528171 | AR8: -0.055455935 | AS8: 0.21296307 | AT8: 0.18510217 | AU8: -0.17731894 | AV8: 0.0047052159 | AW8: -0.025812281
A9: sensitivityscore_After_features.5.block.1.0_0.7 | B9: -0.16909084 | C9: -0.14665426 | D9: -0.19370138 | E9: -0.14568191 | F9: -0.03569917 | G9: 0.36025568 | H9: 0.59765769 | I9: 1 | J9: 0.11210877 | K9: 0.04716768 | L9: -0.06214972 | M9: 0.021491497 | N9: -0.053204133 | O9: 0.053777663 | P9: 0.10905807 | Q9: -0.023351482 | R9: -0.19638885 | S9: -0.071320075 | T9: 0.055326817 | U9: 0.11532647 | V9: -0.12617736 | W9: -0.084901477 | X9: 0.15475403 | Y9: 0.0023588197 | Z9: -0.064915661 | AA9: 0.070526907 | AB9: -0.038782769 | AC9: -0.090852673 | AD9: 0.080653505 | AE9: -0.10279653 | AF9: -0.085793297 | AG9: -0.08270965 | AH9: -0.054174096 | AI9: -0.024996932 | AJ9: -0.30605239 | AK9: -0.047714182 | AL9: -0.029297891 | AM9: 0.21885599 | AN9: 0.28823006 | AO9: 0.22979847 | AP9: 0.13698109 | AQ9: 0.018446008 | AR9: 0.03961169 | AS9: 0.39146563 | AT9: -0.039102005 | AU9: -0.20511373 | AV9: -0.00047549839 | AW9: 0.049859423
A10: features.5.block.2.fc2 | B10: 0.2666894 | C10: -0.026062052 | D10: -0.31668543 | E10: -0.21564606 | F10: 0.28102446 | G10: -0.069311081 | H10: -0.055625719 | I10: 0.11210877 | J10: 1 | K10: -0.15484553 | L10: -0.21561893 | M10: -0.22159456 | N10: 0.05299158 | O10: 0.25824083 | P10: 0.012014628 | Q10: 0.02504755 | R10: -0.22130071 | S10: 0.017766893 | T10: 0.1529476 | U10: -0.041331695 | V10: 0.027045153 | W10: 0.20092697 | X10: 0.20807851 | Y10: 0.19605179 | Z10: 0.070543701 | AA10: 0.16284793 | AB10: 0.029824495 | AC10: 0.097838946 | AD10: 0.017826917 | AE10: -0.082631991 | AF10: 0.074913398 | AG10: 0.14413212 | AH10: -0.091351731 | AI10: -0.094230693 | AJ10: 0.051890241 | AK10: 0.11631355 | AL10: -0.09301692 | AM10: 0.046666195 | AN10: -0.15213029 | AO10: 0.055338598 | AP10: 0.13126843 | AQ10: 0.033275225 | AR10: 0.023289486 | AS10: 0.21878915 | AT10: -0.12351224 | AU10: -0.07176213 | AV10: -0.15878447 | AW10: 0.073770745
A11: sensitivityscore_After_features.5.block.2.fc2_0.5 | B11: 0.068710231 | C11: -0.088747739 | D11: 0.018002741 | E11: -0.1547283 | F11: -0.045177222 | G11: -0.095494491 | H11: 0.14028985 | I11: 0.04716768 | J11: -0.15484553 | K11: 1 | L11: 0.55723128 | M11: 0.54041882 | N11: -0.080181312 | O11: 0.08661596 | P11: 0.12069174 | Q11: 0.0031482615 | R11: -0.15871288 | S11: -0.18317296 | T11: -0.1588789 | U11: -0.11239616 | V11: 0.030820315 | W11: -0.11604107 | X11: 0.093849788 | Y11: 0.083346537 | Z11: -0.074209019 | AA11: 0.064316922 | AB11: 0.087033919 | AC11: -0.19395157 | AD11: 0.33067066 | AE11: 0.35553697 | AF11: 0.22271352 | AG11: 0.16979462 | AH11: 0.060201077 | AI11: 0.019919912 | AJ11: -0.11380359 | AK11: -0.057051794 | AL11: 0.052147701 | AM11: 0.039565763 | AN11: 0.12050519 | AO11: -0.081242889 | AP11: -0.26466887 | AQ11: -0.17808086 | AR11: -0.050028454 | AS11: 0.0094344809 | AT11: 0.06232494 | AU11: -0.079760479 | AV11: -0.044003749 | AW11: 0.16599762
A12: sensitivityscore_After_features.5.block.2.fc2_0.6 | B12: 0.2940484 | C12: -0.0051306707 | D12: 0.11721043 | E12: 0.14909403 | F12: 0.089987469 | G12: 0.16401726 | H12: 0.21044744 | I12: -0.06214972 | J12: -0.21561893 | K12: 0.55723128 | L12: 1 | M12: 0.86153584 | N12: 0.27278187 | O12: 0.0273933 | P12: 0.1485692 | Q12: -0.0081718158 | R12: 0.096703311 | S12: -0.074253627 | T12: -0.011772155 | U12: -0.053087386 | V12: 0.20805865 | W12: 0.070441735 | X12: 0.22873336 | Y12: 0.14787878 | Z12: 0.15090326 | AA12: 0.033458582 | AB12: 0.019949892 | AC12: -0.21739373 | AD12: 0.11060993 | AE12: 0.15657939 | AF12: 0.058349631 | AG12: 0.030187862 | AH12: 0.043680267 | AI12: -0.05168202 | AJ12: -0.069158686 | AK12: 0.021133884 | AL12: 0.16421342 | AM12: -0.0065331772 | AN12: 0.10166664 | AO12: 0.21234141 | AP12: -0.15981798 | AQ12: 0.049811451 | AR12: -0.024965736 | AS12: -0.067875702 | AT12: 0.20839352 | AU12: 0.023541972 | AV12: 0.17420164 | AW12: -0.0092500072
A13: sensitivityscore_After_features.5.block.2.fc2_0.7 | B13: 0.2138149 | C13: -0.071258256 | D13: 0.071973732 | E13: 0.15371122 | F13: 0.03546086 | G13: 0.21137895 | H13: 0.24972087 | I13: 0.021491497 | J13: -0.22159456 | K13: 0.54041882 | L13: 0.86153584 | M13: 1 | N13: 0.057531581 | O13: 0.081807751 | P13: 0.093649692 | Q13: -0.067227857 | R13: 0.016825636 | S13: -0.10181109 | T13: 0.027876225 | U13: 0.012201362 | V13: 0.16030169 | W13: 0.20958636 | X13: 0.33097169 | Y13: 0.24128875 | Z13: 0.044761255 | AA13: 0.0060378682 | AB13: 0.053852933 | AC13: -0.22937986 | AD13: 0.15187881 | AE13: 0.15143304 | AF13: 0.018915481 | AG13: -0.059093882 | AH13: 0.012205471 | AI13: -0.098229364 | AJ13: -0.12476593 | AK13: 0.081165318 | AL13: 0.17517494 | AM13: -0.048924188 | AN13: -0.0158732 | AO13: 0.072150513 | AP13: -0.10751162 | AQ13: 0.12618192 | AR13: 0.054633281 | AS13: 0.0096259266 | AT13: 0.073991948 | AU13: -0.048345569 | AV13: 0.17000024 | AW13: -0.054423478
... A49: sensitivityscore_After_features.7.block.3.0_0.7 | B49: -0.0037904267 | C49: 0.12855339 | D49: 0.088727094 | E49: -0.073569738 | F49: -0.071284294 | G49: -0.11667369 | H49: -0.025812281 | I49: 0.049859423 | J49: 0.073770745 | K49: 0.16599762 | L49: -0.0092500072 | M49: -0.054423478 | N49: 0.0049640142 | O49: 0.31458072 | P49: 0.05922269 | Q49: 0.19745824 | R49: 0.070076241 | S49: -0.23641539 | T49: -0.22144502 | U49: -0.40698885 | V49: 0.0035215729 | W49: -0.37034005 | X49: -0.34439276 | Y49: -0.17696059 | Z49: -0.12429223 | AA49: 0.2152844 | AB49: 0.18267125 | AC49: 0.029904862 | AD49: 0.076642104 | AE49: 0.11341868 | AF49: 0.12697098 | AG49: 0.11283432 | AH49: 0.01051331 | AI49: -0.031254935 | AJ49: 0.15295623 | AK49: 0.084057372 | AL49: 0.0089423649 | AM49: -0.17556485 | AN49: -0.19356329 | AO49: -0.10887946 | AP49: -0.17523927 | AQ49: -0.063467498 | AR49: 0.028248059 | AS49: 0.076255377 | AT49: -0.16708781 | AU49: -0.2566062 | AV49: 0.17279061 | AW49: 1
