Workbook

Sheet Sheet1
A1: Class | B1: =Class_0!B1 -> features.11.block.2.fc1 | C1: =Class_0!C1 -> features.11.block.2.fc2 | D1: =Class_0!D1 -> features.12.block.2.fc1 | E1: =Class_0!E1 -> features.12.block.2.fc2 | F1: =Class_0!F1 -> features.13.block.2.fc1 | G1: =Class_0!G1 -> features.13.block.2.fc2 | H1: =Class_0!H1 -> features.14.block.2.fc1 | I1: =Class_0!I1 -> features.14.block.2.fc2 | ... Z1: =Class_0!Z1 -> 0
A2: 0 | B2: =Class_0!B12 -> 0.13853901 | C2: =Class_0!C12 -> 0.14364086 | D2: =Class_0!D12 -> -0.15637732 | E2: =Class_0!E12 -> -0.1647615 | F2: =Class_0!F12 -> 0.2314096 | G2: =Class_0!G12 -> 0.075481889 | H2: =Class_0!H12 -> 0.32060949 | I2: =Class_0!I12 -> -0.085048433 | ... L2: =Class_0!L12 -> 1
A3: 1 | B3: =Class_1!B12 -> -0.013248124 | C3: =Class_1!C12 -> 0.0069704982 | D3: =Class_1!D12 -> 0.19740041 | E3: =Class_1!E12 -> 0.30844435 | F3: =Class_1!F12 -> -0.053488204 | G3: =Class_1!G12 -> 0.091931157 | H3: =Class_1!H12 -> -0.023000746 | I3: =Class_1!I12 -> 0.061707855 | ... L3: =Class_1!L12 -> 1
A4: 2 | B4: =Class_2!B12 -> 0.11832407 | C4: =Class_2!C12 -> 0.0036780935 | D4: =Class_2!D12 -> 0.053176869 | E4: =Class_2!E12 -> 0.39753359 | F4: =Class_2!F12 -> -0.0066371239 | G4: =Class_2!G12 -> -0.052499423 | H4: =Class_2!H12 -> -0.004717764 | I4: =Class_2!I12 -> 0.15637759 | ... L4: =Class_2!L12 -> 1
A5: 3 | B5: =Class_3!B12 -> 0.11521166 | C5: =Class_3!C12 -> 0.10792813 | D5: =Class_3!D12 -> 0.20192718 | E5: =Class_3!E12 -> 0.086048617 | F5: =Class_3!F12 -> -0.17160245 | G5: =Class_3!G12 -> 0.17476298 | H5: =Class_3!H12 -> 0.34025509 | I5: =Class_3!I12 -> 0.21622308 | ... L5: =Class_3!L12 -> 1
A6: 4 | B6: =Class_4!B12 -> -0.17796 | C6: =Class_4!C12 -> -0.19440376 | D6: =Class_4!D12 -> 0.1256489 | E6: =Class_4!E12 -> 0.25131945 | F6: =Class_4!F12 -> -0.33456591 | G6: =Class_4!G12 -> 0.19979755 | H6: =Class_4!H12 -> 0.055268947 | I6: =Class_4!I12 -> -0.17361343 | ... L6: =Class_4!L12 -> 1
A7: 5 | B7: =Class_5!B12 -> 0.13443566 | C7: =Class_5!C12 -> 0.28353817 | D7: =Class_5!D12 -> 0.17689011 | E7: =Class_5!E12 -> 0.012145024 | F7: =Class_5!F12 -> 0.03936852 | G7: =Class_5!G12 -> -0.016751151 | H7: =Class_5!H12 -> -0.034207687 | I7: =Class_5!I12 -> 0.07604657 | ... L7: =Class_5!L12 -> 1
A8: 6 | B8: =Class_6!B12 -> -0.054748544 | C8: =Class_6!C12 -> -0.042186943 | D8: =Class_6!D12 -> 0.060332318 | E8: =Class_6!E12 -> 0.05282157 | F8: =Class_6!F12 -> 0.067055258 | G8: =Class_6!G12 -> -0.010247121 | H8: =Class_6!H12 -> 0.051635442 | I8: =Class_6!I12 -> 0.11695421 | ... L8: =Class_6!L12 -> 1
A9: 7 | B9: =Class_7!B12 -> 0.16858963 | C9: =Class_7!C12 -> 0.068578652 | D9: =Class_7!D12 -> 0.25057878 | E9: =Class_7!E12 -> 0.4180265 | F9: =Class_7!F12 -> 0.11820234 | G9: =Class_7!G12 -> 0.18393213 | H9: =Class_7!H12 -> 0.043532823 | I9: =Class_7!I12 -> -0.058022691 | ... L9: =Class_7!L12 -> 1
A10: 8 | B10: =Class_8!B12 -> 0.11954228 | C10: =Class_8!C12 -> -0.17589852 | D10: =Class_8!D12 -> 0.14394331 | E10: =Class_8!E12 -> -0.038241091 | F10: =Class_8!F12 -> -0.090885636 | G10: =Class_8!G12 -> 0.26825805 | H10: =Class_8!H12 -> 0.16747829 | I10: =Class_8!I12 -> 0.14448886 | ... L10: =Class_8!L12 -> 1
A11: 9 | B11: =Class_9!B12 -> -0.034721191 | C11: =Class_9!C12 -> -0.040889776 | D11: =Class_9!D12 -> 0.07539177 | E11: =Class_9!E12 -> -0.06516584 | F11: =Class_9!F12 -> 0.024658005 | G11: =Class_9!G12 -> -0.078459183 | H11: =Class_9!H12 -> 0.027189436 | I11: =Class_9!I12 -> 0.00050264039 | ... L11: =Class_9!L12 -> 1

Sheet Class_0
B1: features.11.block.2.fc1 | C1: features.11.block.2.fc2 | D1: features.12.block.2.fc1 | E1: features.12.block.2.fc2 | F1: features.13.block.2.fc1 | G1: features.13.block.2.fc2 | H1: features.14.block.2.fc1 | I1: features.14.block.2.fc2 | J1: features.15.block.2.fc1 | K1: features.15.block.2.fc2 | L1: features.16.0
A2: features.11.block.2.fc1 | B2: 1 | C2: 0.68018743 | D2: 0.13900591 | E2: -0.0014341409 | F2: 0.29270149 | G2: 0.12021853 | H2: -0.17557893 | I2: -0.053431465 | J2: 0.071644046 | K2: 0.0062983917 | L2: 0.13853901
A3: features.11.block.2.fc2 | B3: 0.68018743 | C3: 1 | D3: -0.056486088 | E3: -0.30721999 | F3: 0.066849692 | G3: -0.064006415 | H3: -0.33459376 | I3: -0.40365355 | J3: 0.0092432099 | K3: 0.10064805 | L3: 0.14364086
A4: features.12.block.2.fc1 | B4: 0.13900591 | C4: -0.056486088 | D4: 1 | E4: 0.55888857 | F4: 0.071419442 | G4: 0.25719118 | H4: -0.12403155 | I4: -0.095436748 | J4: 0.15886347 | K4: -0.12108211 | L4: -0.15637732
A5: features.12.block.2.fc2 | B5: -0.0014341409 | C5: -0.30721999 | D5: 0.55888857 | E5: 1 | F5: 0.14033595 | G5: 0.32491974 | H5: -0.016721442 | I5: 0.095630519 | J5: 0.30667561 | K5: -0.0061077825 | L5: -0.1647615
A6: features.13.block.2.fc1 | B6: 0.29270149 | C6: 0.066849692 | D6: 0.071419442 | E6: 0.14033595 | F6: 1 | G6: 0.4777117 | H6: -0.15613907 | I6: -0.084380443 | J6: 0.069540065 | K6: -0.21210633 | L6: 0.2314096
A7: features.13.block.2.fc2 | B7: 0.12021853 | C7: -0.064006415 | D7: 0.25719118 | E7: 0.32491974 | F7: 0.4777117 | G7: 1 | H7: 0.089739789 | I7: -0.030879791 | J7: 0.19231626 | K7: -0.10305032 | L7: 0.075481889
A8: features.14.block.2.fc1 | B8: -0.17557893 | C8: -0.33459376 | D8: -0.12403155 | E8: -0.016721442 | F8: -0.15613907 | G8: 0.089739789 | H8: 1 | I8: 0.38320396 | J8: 0.0086717924 | K8: -0.089923174 | L8: 0.32060949
A9: features.14.block.2.fc2 | B9: -0.053431465 | C9: -0.40365355 | D9: -0.095436748 | E9: 0.095630519 | F9: -0.084380443 | G9: -0.030879791 | H9: 0.38320396 | I9: 1 | J9: 0.40856952 | K9: 0.28135974 | L9: -0.085048433
A10: features.15.block.2.fc1 | B10: 0.071644046 | C10: 0.0092432099 | D10: 0.15886347 | E10: 0.30667561 | F10: 0.069540065 | G10: 0.19231626 | H10: 0.0086717924 | I10: 0.40856952 | J10: 1 | K10: 0.49031232 | L10: -0.18803509
A11: features.15.block.2.fc2 | B11: 0.0062983917 | C11: 0.10064805 | D11: -0.12108211 | E11: -0.0061077825 | F11: -0.21210633 | G11: -0.10305032 | H11: -0.089923174 | I11: 0.28135974 | J11: 0.49031232 | K11: 1 | L11: -0.19371097
A12: features.16.0 | B12: 0.13853901 | C12: 0.14364086 | D12: -0.15637732 | E12: -0.1647615 | F12: 0.2314096 | G12: 0.075481889 | H12: 0.32060949 | I12: -0.085048433 | J12: -0.18803509 | K12: -0.19371097 | L12: 1

Sheet Class_1
B1: features.11.block.2.fc1 | C1: features.11.block.2.fc2 | D1: features.12.block.2.fc1 | E1: features.12.block.2.fc2 | F1: features.13.block.2.fc1 | G1: features.13.block.2.fc2 | H1: features.14.block.2.fc1 | I1: features.14.block.2.fc2 | J1: features.15.block.2.fc1 | K1: features.15.block.2.fc2 | L1: features.16.0
A2: features.11.block.2.fc1 | B2: 1 | C2: 0.81953812 | D2: 0.078684778 | E2: -0.054002452 | F2: 0.052861236 | G2: 0.3398183 | H2: 0.065935313 | I2: 0.018692275 | J2: 0.3277516 | K2: 0.05321136 | L2: -0.013248124
A3: features.11.block.2.fc2 | B3: 0.81953812 | C3: 1 | D3: 0.020824966 | E3: -0.079703949 | F3: 0.0069380231 | G3: 0.21250193 | H3: -0.015419176 | I3: -0.088968001 | J3: 0.30432298 | K3: 0.068878957 | L3: 0.0069704982
A4: features.12.block.2.fc1 | B4: 0.078684778 | C4: 0.020824966 | D4: 1 | E4: 0.64673187 | F4: 0.21721381 | G4: 0.26111139 | H4: 0.26449988 | I4: 0.2446519 | J4: 0.18182334 | K4: 0.12445779 | L4: 0.19740041
A5: features.12.block.2.fc2 | B5: -0.054002452 | C5: -0.079703949 | D5: 0.64673187 | E5: 1 | F5: 0.23635015 | G5: 0.2340472 | H5: 0.029013562 | I5: 0.10663471 | J5: 0.12726236 | K5: 0.19303549 | L5: 0.30844435
A6: features.13.block.2.fc1 | B6: 0.052861236 | C6: 0.0069380231 | D6: 0.21721381 | E6: 0.23635015 | F6: 1 | G6: 0.56966552 | H6: 0.082035139 | I6: 0.027241214 | J6: 0.12128237 | K6: -0.27139465 | L6: -0.053488204
A7: features.13.block.2.fc2 | B7: 0.3398183 | C7: 0.21250193 | D7: 0.26111139 | E7: 0.2340472 | F7: 0.56966552 | G7: 1 | H7: 0.068285924 | I7: 0.017633423 | J7: 0.34618593 | K7: -0.020280101 | L7: 0.091931157
A8: features.14.block.2.fc1 | B8: 0.065935313 | C8: -0.015419176 | D8: 0.26449988 | E8: 0.029013562 | F8: 0.082035139 | G8: 0.068285924 | H8: 1 | I8: 0.7992258 | J8: -0.16229601 | K8: -0.12776157 | L8: -0.023000746
A9: features.14.block.2.fc2 | B9: 0.018692275 | C9: -0.088968001 | D9: 0.2446519 | E9: 0.10663471 | F9: 0.027241214 | G9: 0.017633423 | H9: 0.7992258 | I9: 1 | J9: -0.2207357 | K9: -0.070824993 | L9: 0.061707855
A10: features.15.block.2.fc1 | B10: 0.3277516 | C10: 0.30432298 | D10: 0.18182334 | E10: 0.12726236 | F10: 0.12128237 | G10: 0.34618593 | H10: -0.16229601 | I10: -0.2207357 | J10: 1 | K10: 0.46610437 | L10: 0.32900003
A11: features.15.block.2.fc2 | B11: 0.05321136 | C11: 0.068878957 | D11: 0.12445779 | E11: 0.19303549 | F11: -0.27139465 | G11: -0.020280101 | H11: -0.12776157 | I11: -0.070824993 | J11: 0.46610437 | K11: 1 | L11: 0.42782353
A12: features.16.0 | B12: -0.013248124 | C12: 0.0069704982 | D12: 0.19740041 | E12: 0.30844435 | F12: -0.053488204 | G12: 0.091931157 | H12: -0.023000746 | I12: 0.061707855 | J12: 0.32900003 | K12: 0.42782353 | L12: 1

Sheet Class_2
B1: features.11.block.2.fc1 | C1: features.11.block.2.fc2 | D1: features.12.block.2.fc1 | E1: features.12.block.2.fc2 | F1: features.13.block.2.fc1 | G1: features.13.block.2.fc2 | H1: features.14.block.2.fc1 | I1: features.14.block.2.fc2 | J1: features.15.block.2.fc1 | K1: features.15.block.2.fc2 | L1: features.16.0
A2: features.11.block.2.fc1 | B2: 1 | C2: 0.74880958 | D2: 0.36016114 | E2: 0.065731381 | F2: -0.09145918 | G2: 0.30608204 | H2: 0.15644647 | I2: 0.36043976 | J2: 0.10912431 | K2: 0.12737956 | L2: 0.11832407
A3: features.11.block.2.fc2 | B3: 0.74880958 | C3: 1 | D3: 0.27140901 | E3: 0.071192379 | F3: 0.029713574 | G3: 0.23499948 | H3: -0.024722295 | I3: 0.24827022 | J3: -0.031917931 | K3: 0.050519661 | L3: 0.0036780935
A4: features.12.block.2.fc1 | B4: 0.36016114 | C4: 0.27140901 | D4: 1 | E4: 0.49603246 | F4: -0.11217735 | G4: 0.014695233 | H4: 0.049897424 | I4: 0.25418294 | J4: -0.031799794 | K4: -0.0037704229 | L4: 0.053176869
A5: features.12.block.2.fc2 | B5: 0.065731381 | C5: 0.071192379 | D5: 0.49603246 | E5: 1 | F5: 0.0012749141 | G5: -0.072822626 | H5: 0.060688128 | I5: 0.16346782 | J5: 0.0028868415 | K5: 0.050064155 | L5: 0.39753359
A6: features.13.block.2.fc1 | B6: -0.09145918 | C6: 0.029713574 | D6: -0.11217735 | E6: 0.0012749141 | F6: 1 | G6: 0.50965923 | H6: -0.24454136 | I6: -0.38558115 | J6: -0.084519866 | K6: -0.018373287 | L6: -0.0066371239
A7: features.13.block.2.fc2 | B7: 0.30608204 | C7: 0.23499948 | D7: 0.014695233 | E7: -0.072822626 | F7: 0.50965923 | G7: 1 | H7: 0.12455814 | I7: 0.18653043 | J7: 0.082329622 | K7: 0.23106715 | L7: -0.052499423
A8: features.14.block.2.fc1 | B8: 0.15644647 | C8: -0.024722295 | D8: 0.049897424 | E8: 0.060688128 | F8: -0.24454136 | G8: 0.12455814 | H8: 1 | I8: 0.55472534 | J8: 0.0069374861 | K8: 0.0027318049 | L8: -0.004717764
A9: features.14.block.2.fc2 | B9: 0.36043976 | C9: 0.24827022 | D9: 0.25418294 | E9: 0.16346782 | F9: -0.38558115 | G9: 0.18653043 | H9: 0.55472534 | I9: 1 | J9: 0.092543757 | K9: 0.12253972 | L9: 0.15637759
A10: features.15.block.2.fc1 | B10: 0.10912431 | C10: -0.031917931 | D10: -0.031799794 | E10: 0.0028868415 | F10: -0.084519866 | G10: 0.082329622 | H10: 0.0069374861 | I10: 0.092543757 | J10: 1 | K10: 0.64279441 | L10: 0.17220308
A11: features.15.block.2.fc2 | B11: 0.12737956 | C11: 0.050519661 | D11: -0.0037704229 | E11: 0.050064155 | F11: -0.018373287 | G11: 0.23106715 | H11: 0.0027318049 | I11: 0.12253972 | J11: 0.64279441 | K11: 1 | L11: 0.067756761
A12: features.16.0 | B12: 0.11832407 | C12: 0.0036780935 | D12: 0.053176869 | E12: 0.39753359 | F12: -0.0066371239 | G12: -0.052499423 | H12: -0.004717764 | I12: 0.15637759 | J12: 0.17220308 | K12: 0.067756761 | L12: 1

Sheet Class_3
B1: features.11.block.2.fc1 | C1: features.11.block.2.fc2 | D1: features.12.block.2.fc1 | E1: features.12.block.2.fc2 | F1: features.13.block.2.fc1 | G1: features.13.block.2.fc2 | H1: features.14.block.2.fc1 | I1: features.14.block.2.fc2 | J1: features.15.block.2.fc1 | K1: features.15.block.2.fc2 | L1: features.16.0
A2: features.11.block.2.fc1 | B2: 1 | C2: 0.44440624 | D2: 0.085025649 | E2: -0.022513196 | F2: 0.13661209 | G2: 0.13885785 | H2: 0.19406145 | I2: 0.21741477 | J2: 0.16953164 | K2: 0.12170348 | L2: 0.11521166
A3: features.11.block.2.fc2 | B3: 0.44440624 | C3: 1 | D3: -0.23788555 | E3: -0.23811731 | F3: -0.25425372 | G3: -0.20192954 | H3: -0.078747936 | I3: -0.17809248 | J3: -0.039747875 | K3: 0.14045465 | L3: 0.10792813
A4: features.12.block.2.fc1 | B4: 0.085025649 | C4: -0.23788555 | D4: 1 | E4: 0.69242929 | F4: 0.077829995 | G4: 0.20408953 | H4: 0.040938344 | I4: 0.10523237 | J4: 0.13935196 | K4: -0.071971617 | L4: 0.20192718
A5: features.12.block.2.fc2 | B5: -0.022513196 | C5: -0.23811731 | D5: 0.69242929 | E5: 1 | F5: 0.056963259 | G5: 0.082988128 | H5: -0.063674307 | I5: 0.025492635 | J5: 0.058269164 | K5: -0.25307466 | L5: 0.086048617
A6: features.13.block.2.fc1 | B6: 0.13661209 | C6: -0.25425372 | D6: 0.077829995 | E6: 0.056963259 | F6: 1 | G6: 0.48357416 | H6: -0.13766116 | I6: 0.0012597568 | J6: 0.19803543 | K6: 0.039359117 | L6: -0.17160245
A7: features.13.block.2.fc2 | B7: 0.13885785 | C7: -0.20192954 | D7: 0.20408953 | E7: 0.082988128 | F7: 0.48357416 | G7: 1 | H7: 0.18155578 | I7: 0.15860849 | J7: 0.31210367 | K7: 0.038643673 | L7: 0.17476298
A8: features.14.block.2.fc1 | B8: 0.19406145 | C8: -0.078747936 | D8: 0.040938344 | E8: -0.063674307 | F8: -0.13766116 | G8: 0.18155578 | H8: 1 | I8: 0.68533458 | J8: -0.064682575 | K8: -0.19690563 | L8: 0.34025509
A9: features.14.block.2.fc2 | B9: 0.21741477 | C9: -0.17809248 | D9: 0.10523237 | E9: 0.025492635 | F9: 0.0012597568 | G9: 0.15860849 | H9: 0.68533458 | I9: 1 | J9: 0.12681823 | K9: -0.0051889615 | L9: 0.21622308
A10: features.15.block.2.fc1 | B10: 0.16953164 | C10: -0.039747875 | D10: 0.13935196 | E10: 0.058269164 | F10: 0.19803543 | G10: 0.31210367 | H10: -0.064682575 | I10: 0.12681823 | J10: 1 | K10: 0.4436813 | L10: 0.18320535
A11: features.15.block.2.fc2 | B11: 0.12170348 | C11: 0.14045465 | D11: -0.071971617 | E11: -0.25307466 | F11: 0.039359117 | G11: 0.038643673 | H11: -0.19690563 | I11: -0.0051889615 | J11: 0.4436813 | K11: 1 | L11: 0.25771674
A12: features.16.0 | B12: 0.11521166 | C12: 0.10792813 | D12: 0.20192718 | E12: 0.086048617 | F12: -0.17160245 | G12: 0.17476298 | H12: 0.34025509 | I12: 0.21622308 | J12: 0.18320535 | K12: 0.25771674 | L12: 1

Sheet Class_4
B1: features.11.block.2.fc1 | C1: features.11.block.2.fc2 | D1: features.12.block.2.fc1 | E1: features.12.block.2.fc2 | F1: features.13.block.2.fc1 | G1: features.13.block.2.fc2 | H1: features.14.block.2.fc1 | I1: features.14.block.2.fc2 | J1: features.15.block.2.fc1 | K1: features.15.block.2.fc2 | L1: features.16.0
A2: features.11.block.2.fc1 | B2: 1 | C2: 0.55607637 | D2: 0.053541941 | E2: 0.0022228096 | F2: -0.35673486 | G2: -0.091727895 | H2: 0.27206838 | I2: 0.42642351 | J2: 0.01730619 | K2: 0.022689155 | L2: -0.17796
A3: features.11.block.2.fc2 | B3: 0.55607637 | C3: 1 | D3: 0.092352076 | E3: -0.12687066 | F3: -0.20717491 | G3: -0.34472525 | H3: 0.15223734 | I3: 0.27519941 | J3: -0.27721803 | K3: -0.16813993 | L3: -0.19440376
A4: features.12.block.2.fc1 | B4: 0.053541941 | C4: 0.092352076 | D4: 1 | E4: 0.57447028 | F4: 0.0852431 | G4: -0.038886719 | H4: 0.089118026 | I4: 0.33678884 | J4: -0.077900951 | K4: -0.20838772 | L4: 0.1256489
A5: features.12.block.2.fc2 | B5: 0.0022228096 | C5: -0.12687066 | D5: 0.57447028 | E5: 1 | F5: 0.020565375 | G5: -0.046768997 | H5: -0.14268055 | I5: 0.18874989 | J5: -0.038456816 | K5: -0.18005363 | L5: 0.25131945
A6: features.13.block.2.fc1 | B6: -0.35673486 | C6: -0.20717491 | D6: 0.0852431 | E6: 0.020565375 | F6: 1 | G6: 0.077336674 | H6: -0.30427158 | I6: -0.047079005 | J6: -0.20022849 | K6: -0.24116636 | L6: -0.33456591
A7: features.13.block.2.fc2 | B7: -0.091727895 | C7: -0.34472525 | D7: -0.038886719 | E7: -0.046768997 | F7: 0.077336674 | G7: 1 | H7: 0.27686072 | I7: 0.045789213 | J7: 0.40695367 | K7: 0.13564607 | L7: 0.19979755
A8: features.14.block.2.fc1 | B8: 0.27206838 | C8: 0.15223734 | D8: 0.089118026 | E8: -0.14268055 | F8: -0.30427158 | G8: 0.27686072 | H8: 1 | I8: 0.3573686 | J8: 0.20545411 | K8: 0.1365643 | L8: 0.055268947
A9: features.14.block.2.fc2 | B9: 0.42642351 | C9: 0.27519941 | D9: 0.33678884 | E9: 0.18874989 | F9: -0.047079005 | G9: 0.045789213 | H9: 0.3573686 | I9: 1 | J9: -0.1155941 | K9: -0.076283009 | L9: -0.17361343
A10: features.15.block.2.fc1 | B10: 0.01730619 | C10: -0.27721803 | D10: -0.077900951 | E10: -0.038456816 | F10: -0.20022849 | G10: 0.40695367 | H10: 0.20545411 | I10: -0.1155941 | J10: 1 | K10: 0.41027755 | L10: 0.45501533
A11: features.15.block.2.fc2 | B11: 0.022689155 | C11: -0.16813993 | D11: -0.20838772 | E11: -0.18005363 | F11: -0.24116636 | G11: 0.13564607 | H11: 0.1365643 | I11: -0.076283009 | J11: 0.41027755 | K11: 1 | L11: -0.059305865
A12: features.16.0 | B12: -0.17796 | C12: -0.19440376 | D12: 0.1256489 | E12: 0.25131945 | F12: -0.33456591 | G12: 0.19979755 | H12: 0.055268947 | I12: -0.17361343 | J12: 0.45501533 | K12: -0.059305865 | L12: 1

Sheet Class_5
B1: features.11.block.2.fc1 | C1: features.11.block.2.fc2 | D1: features.12.block.2.fc1 | E1: features.12.block.2.fc2 | F1: features.13.block.2.fc1 | G1: features.13.block.2.fc2 | H1: features.14.block.2.fc1 | I1: features.14.block.2.fc2 | J1: features.15.block.2.fc1 | K1: features.15.block.2.fc2 | L1: features.16.0
A2: features.11.block.2.fc1 | B2: 1 | C2: 0.74493781 | D2: 0.59907625 | E2: 0.17939472 | F2: 0.35590297 | G2: 0.59258678 | H2: 0.30708268 | I2: 0.48642165 | J2: -0.28021063 | K2: -0.14786936 | L2: 0.13443566
A3: features.11.block.2.fc2 | B3: 0.74493781 | C3: 1 | D3: 0.29780731 | E3: 0.099348607 | F3: 0.11667827 | G3: 0.20449169 | H3: -0.048229162 | I3: 0.25076418 | J3: -0.25450584 | K3: -0.26235225 | L3: 0.28353817
A4: features.12.block.2.fc1 | B4: 0.59907625 | C4: 0.29780731 | D4: 1 | E4: 0.62318206 | F4: 0.17198069 | G4: 0.30727302 | H4: 0.33759858 | I4: 0.29623058 | J4: -0.26292026 | K4: -0.24841059 | L4: 0.17689011
A5: features.12.block.2.fc2 | B5: 0.17939472 | C5: 0.099348607 | D5: 0.62318206 | E5: 1 | F5: 0.013776189 | G5: -0.11693747 | H5: 0.0085529452 | I5: -0.048985035 | J5: -0.16093668 | K5: -0.19226894 | L5: 0.012145024
A6: features.13.block.2.fc1 | B6: 0.35590297 | C6: 0.11667827 | D6: 0.17198069 | E6: 0.013776189 | F6: 1 | G6: 0.47544728 | H6: -0.23427993 | I6: -0.13375519 | J6: -0.021351923 | K6: 0.092389242 | L6: 0.03936852
A7: features.13.block.2.fc2 | B7: 0.59258678 | C7: 0.20449169 | D7: 0.30727302 | E7: -0.11693747 | F7: 0.47544728 | G7: 1 | H7: 0.30337163 | I7: 0.42736707 | J7: 0.013561582 | K7: 0.03522051 | L7: -0.016751151
A8: features.14.block.2.fc1 | B8: 0.30708268 | C8: -0.048229162 | D8: 0.33759858 | E8: 0.0085529452 | F8: -0.23427993 | G8: 0.30337163 | H8: 1 | I8: 0.62136228 | J8: 0.31912402 | K8: -0.020521835 | L8: -0.034207687
A9: features.14.block.2.fc2 | B9: 0.48642165 | C9: 0.25076418 | D9: 0.29623058 | E9: -0.048985035 | F9: -0.13375519 | G9: 0.42736707 | H9: 0.62136228 | I9: 1 | J9: 0.19750807 | K9: -0.18796148 | L9: 0.07604657
A10: features.15.block.2.fc1 | B10: -0.28021063 | C10: -0.25450584 | D10: -0.26292026 | E10: -0.16093668 | F10: -0.021351923 | G10: 0.013561582 | H10: 0.31912402 | I10: 0.19750807 | J10: 1 | K10: 0.12111304 | L10: -0.036782287
A11: features.15.block.2.fc2 | B11: -0.14786936 | C11: -0.26235225 | D11: -0.24841059 | E11: -0.19226894 | F11: 0.092389242 | G11: 0.03522051 | H11: -0.020521835 | I11: -0.18796148 | J11: 0.12111304 | K11: 1 | L11: 0.036489074
A12: features.16.0 | B12: 0.13443566 | C12: 0.28353817 | D12: 0.17689011 | E12: 0.012145024 | F12: 0.03936852 | G12: -0.016751151 | H12: -0.034207687 | I12: 0.07604657 | J12: -0.036782287 | K12: 0.036489074 | L12: 1

Sheet Class_6
B1: features.11.block.2.fc1 | C1: features.11.block.2.fc2 | D1: features.12.block.2.fc1 | E1: features.12.block.2.fc2 | F1: features.13.block.2.fc1 | G1: features.13.block.2.fc2 | H1: features.14.block.2.fc1 | I1: features.14.block.2.fc2 | J1: features.15.block.2.fc1 | K1: features.15.block.2.fc2 | L1: features.16.0
A2: features.11.block.2.fc1 | B2: 1 | C2: 0.71294332 | D2: 0.07533661 | E2: 0.24965212 | F2: 0.26503957 | G2: 0.20679396 | H2: 0.020660623 | I2: 0.18771246 | J2: -0.043372268 | K2: -0.08042245 | L2: -0.054748544
A3: features.11.block.2.fc2 | B3: 0.71294332 | C3: 1 | D3: -0.036424358 | E3: 0.095934383 | F3: 0.23909339 | G3: 0.13828034 | H3: -0.11433286 | I3: 0.12844132 | J3: -0.26521906 | K3: -0.27004306 | L3: -0.042186943
A4: features.12.block.2.fc1 | B4: 0.07533661 | C4: -0.036424358 | D4: 1 | E4: 0.41182816 | F4: 0.2796472 | G4: 0.079461721 | H4: 0.093375336 | I4: 0.13221688 | J4: 0.2153389 | K4: -0.10421226 | L4: 0.060332318
A5: features.12.block.2.fc2 | B5: 0.24965212 | C5: 0.095934383 | D5: 0.41182816 | E5: 1 | F5: 0.23540801 | G5: 0.018745979 | H5: -0.26914659 | I5: -0.044861185 | J5: -0.038152618 | K5: -0.17086662 | L5: 0.05282157
A6: features.13.block.2.fc1 | B6: 0.26503957 | C6: 0.23909339 | D6: 0.2796472 | E6: 0.23540801 | F6: 1 | G6: 0.59007059 | H6: -0.12240351 | I6: 0.13229654 | J6: -0.016261694 | K6: -0.25491156 | L6: 0.067055258
A7: features.13.block.2.fc2 | B7: 0.20679396 | C7: 0.13828034 | D7: 0.079461721 | E7: 0.018745979 | F7: 0.59007059 | G7: 1 | H7: 0.24950371 | I7: 0.37435873 | J7: 0.15727868 | K7: -0.041848001 | L7: -0.010247121
A8: features.14.block.2.fc1 | B8: 0.020660623 | C8: -0.11433286 | D8: 0.093375336 | E8: -0.26914659 | F8: -0.12240351 | G8: 0.24950371 | H8: 1 | I8: 0.60435418 | J8: 0.3617432 | K8: 0.14185954 | L8: 0.051635442
A9: features.14.block.2.fc2 | B9: 0.18771246 | C9: 0.12844132 | D9: 0.13221688 | E9: -0.044861185 | F9: 0.13229654 | G9: 0.37435873 | H9: 0.60435418 | I9: 1 | J9: 0.38446752 | K9: 0.057058341 | L9: 0.11695421
A10: features.15.block.2.fc1 | B10: -0.043372268 | C10: -0.26521906 | D10: 0.2153389 | E10: -0.038152618 | F10: -0.016261694 | G10: 0.15727868 | H10: 0.3617432 | I10: 0.38446752 | J10: 1 | K10: 0.54967774 | L10: -0.099860673
A11: features.15.block.2.fc2 | B11: -0.08042245 | C11: -0.27004306 | D11: -0.10421226 | E11: -0.17086662 | F11: -0.25491156 | G11: -0.041848001 | H11: 0.14185954 | I11: 0.057058341 | J11: 0.54967774 | K11: 1 | L11: 0.15801727
A12: features.16.0 | B12: -0.054748544 | C12: -0.042186943 | D12: 0.060332318 | E12: 0.05282157 | F12: 0.067055258 | G12: -0.010247121 | H12: 0.051635442 | I12: 0.11695421 | J12: -0.099860673 | K12: 0.15801727 | L12: 1

Sheet Class_7
B1: features.11.block.2.fc1 | C1: features.11.block.2.fc2 | D1: features.12.block.2.fc1 | E1: features.12.block.2.fc2 | F1: features.13.block.2.fc1 | G1: features.13.block.2.fc2 | H1: features.14.block.2.fc1 | I1: features.14.block.2.fc2 | J1: features.15.block.2.fc1 | K1: features.15.block.2.fc2 | L1: features.16.0
A2: features.11.block.2.fc1 | B2: 1 | C2: 0.78392999 | D2: 0.044251338 | E2: 0.16418906 | F2: -0.22973512 | G2: 0.078096432 | H2: -0.034637861 | I2: 0.18662688 | J2: -0.086607877 | K2: -0.21024901 | L2: 0.16858963
A3: features.11.block.2.fc2 | B3: 0.78392999 | C3: 1 | D3: 0.0422252 | E3: 0.080583561 | F3: -0.31868735 | G3: 0.081075873 | H3: -0.15344196 | I3: -0.0081520782 | J3: -0.025345044 | K3: -0.25397967 | L3: 0.068578652
A4: features.12.block.2.fc1 | B4: 0.044251338 | C4: 0.0422252 | D4: 1 | E4: 0.86657457 | F4: 0.028718833 | G4: -0.10859659 | H4: -0.1255507 | I4: -0.068184174 | J4: 0.041991297 | K4: -0.013011752 | L4: 0.25057878
A5: features.12.block.2.fc2 | B5: 0.16418906 | C5: 0.080583561 | D5: 0.86657457 | E5: 1 | F5: -0.031455982 | G5: -0.10205499 | H5: -0.046968561 | I5: -0.015392207 | J5: 0.17773029 | K5: 0.032371456 | L5: 0.4180265
A6: features.13.block.2.fc1 | B6: -0.22973512 | C6: -0.31868735 | D6: 0.028718833 | E6: -0.031455982 | F6: 1 | G6: 0.42803117 | H6: 0.1282435 | I6: -0.059412755 | J6: 0.22070123 | K6: 0.29374511 | L6: 0.11820234
A7: features.13.block.2.fc2 | B7: 0.078096432 | C7: 0.081075873 | D7: -0.10859659 | E7: -0.10205499 | F7: 0.42803117 | G7: 1 | H7: 0.40110063 | I7: 0.41784096 | J7: 0.16555599 | K7: 0.13398387 | L7: 0.18393213
A8: features.14.block.2.fc1 | B8: -0.034637861 | C8: -0.15344196 | D8: -0.1255507 | E8: -0.046968561 | F8: 0.1282435 | G8: 0.40110063 | H8: 1 | I8: 0.62825621 | J8: 0.13821912 | K8: 0.082116912 | L8: 0.043532823
A9: features.14.block.2.fc2 | B9: 0.18662688 | C9: -0.0081520782 | D9: -0.068184174 | E9: -0.015392207 | F9: -0.059412755 | G9: 0.41784096 | H9: 0.62825621 | I9: 1 | J9: 0.010685854 | K9: 0.10884402 | L9: -0.058022691
A10: features.15.block.2.fc1 | B10: -0.086607877 | C10: -0.025345044 | D10: 0.041991297 | E10: 0.17773029 | F10: 0.22070123 | G10: 0.16555599 | H10: 0.13821912 | I10: 0.010685854 | J10: 1 | K10: 0.59056083 | L10: -0.013068773
A11: features.15.block.2.fc2 | B11: -0.21024901 | C11: -0.25397967 | D11: -0.013011752 | E11: 0.032371456 | F11: 0.29374511 | G11: 0.13398387 | H11: 0.082116912 | I11: 0.10884402 | J11: 0.59056083 | K11: 1 | L11: -0.28468963
A12: features.16.0 | B12: 0.16858963 | C12: 0.068578652 | D12: 0.25057878 | E12: 0.4180265 | F12: 0.11820234 | G12: 0.18393213 | H12: 0.043532823 | I12: -0.058022691 | J12: -0.013068773 | K12: -0.28468963 | L12: 1

Sheet Class_8
B1: features.11.block.2.fc1 | C1: features.11.block.2.fc2 | D1: features.12.block.2.fc1 | E1: features.12.block.2.fc2 | F1: features.13.block.2.fc1 | G1: features.13.block.2.fc2 | H1: features.14.block.2.fc1 | I1: features.14.block.2.fc2 | J1: features.15.block.2.fc1 | K1: features.15.block.2.fc2 | L1: features.16.0
A2: features.11.block.2.fc1 | B2: 1 | C2: 0.6419134 | D2: -0.14334058 | E2: -0.070257689 | F2: 0.0090724007 | G2: 0.045520163 | H2: -0.091213681 | I2: 0.045047934 | J2: 0.01861999 | K2: 0.24606095 | L2: 0.11954228
A3: features.11.block.2.fc2 | B3: 0.6419134 | C3: 1 | D3: -0.32012512 | E3: -0.26441321 | F3: -0.008153703 | G3: -0.22085479 | H3: -0.13774078 | I3: -0.094747679 | J3: -0.19079084 | K3: 0.015255561 | L3: -0.17589852
A4: features.12.block.2.fc1 | B4: -0.14334058 | C4: -0.32012512 | D4: 1 | E4: 0.69607745 | F4: 0.15704582 | G4: 0.28782493 | H4: 0.3462997 | I4: 0.17158691 | J4: -0.20088115 | K4: -0.1316957 | L4: 0.14394331
A5: features.12.block.2.fc2 | B5: -0.070257689 | C5: -0.26441321 | D5: 0.69607745 | E5: 1 | F5: 0.41572275 | G5: 0.25551019 | H5: 0.11375958 | I5: -0.05397705 | J5: -0.27543583 | K5: -0.23982729 | L5: -0.038241091
A6: features.13.block.2.fc1 | B6: 0.0090724007 | C6: -0.008153703 | D6: 0.15704582 | E6: 0.41572275 | F6: 1 | G6: 0.61287965 | H6: -0.064245076 | I6: -0.092557188 | J6: 0.078856142 | K6: -0.19282683 | L6: -0.090885636
A7: features.13.block.2.fc2 | B7: 0.045520163 | C7: -0.22085479 | D7: 0.28782493 | E7: 0.25551019 | F7: 0.61287965 | G7: 1 | H7: 0.1176552 | I7: 0.073514859 | J7: 0.26874294 | K7: -0.13676933 | L7: 0.26825805
A8: features.14.block.2.fc1 | B8: -0.091213681 | C8: -0.13774078 | D8: 0.3462997 | E8: 0.11375958 | F8: -0.064245076 | G8: 0.1176552 | H8: 1 | I8: 0.63065327 | J8: 0.035497627 | K8: -0.059416387 | L8: 0.16747829
A9: features.14.block.2.fc2 | B9: 0.045047934 | C9: -0.094747679 | D9: 0.17158691 | E9: -0.05397705 | F9: -0.092557188 | G9: 0.073514859 | H9: 0.63065327 | I9: 1 | J9: 0.18362932 | K9: 0.03217355 | L9: 0.14448886
A10: features.15.block.2.fc1 | B10: 0.01861999 | C10: -0.19079084 | D10: -0.20088115 | E10: -0.27543583 | F10: 0.078856142 | G10: 0.26874294 | H10: 0.035497627 | I10: 0.18362932 | J10: 1 | K10: 0.33610474 | L10: 0.40342762
A11: features.15.block.2.fc2 | B11: 0.24606095 | C11: 0.015255561 | D11: -0.1316957 | E11: -0.23982729 | F11: -0.19282683 | G11: -0.13676933 | H11: -0.059416387 | I11: 0.03217355 | J11: 0.33610474 | K11: 1 | L11: 0.12880855
A12: features.16.0 | B12: 0.11954228 | C12: -0.17589852 | D12: 0.14394331 | E12: -0.038241091 | F12: -0.090885636 | G12: 0.26825805 | H12: 0.16747829 | I12: 0.14448886 | J12: 0.40342762 | K12: 0.12880855 | L12: 1

Sheet Class_9
B1: features.11.block.2.fc1 | C1: features.11.block.2.fc2 | D1: features.12.block.2.fc1 | E1: features.12.block.2.fc2 | F1: features.13.block.2.fc1 | G1: features.13.block.2.fc2 | H1: features.14.block.2.fc1 | I1: features.14.block.2.fc2 | J1: features.15.block.2.fc1 | K1: features.15.block.2.fc2 | L1: features.16.0
A2: features.11.block.2.fc1 | B2: 1 | C2: 0.42670759 | D2: -0.031117971 | E2: -0.03495527 | F2: -0.11685728 | G2: -0.0017900377 | H2: 0.038831861 | I2: 0.084552508 | J2: 0.060085011 | K2: 0.10281331 | L2: -0.034721191
A3: features.11.block.2.fc2 | B3: 0.42670759 | C3: 1 | D3: -0.22074449 | E3: -0.19144593 | F3: -0.1279052 | G3: -0.13904943 | H3: -0.19179258 | I3: -0.074694002 | J3: 0.12685651 | K3: 0.3005111 | L3: -0.040889776
A4: features.12.block.2.fc1 | B4: -0.031117971 | C4: -0.22074449 | D4: 1 | E4: 0.6625648 | F4: 0.079650123 | G4: 0.034514345 | H4: 0.10918572 | I4: 0.018746958 | J4: 0.067046891 | K4: 0.025891745 | L4: 0.07539177
A5: features.12.block.2.fc2 | B5: -0.03495527 | C5: -0.19144593 | D5: 0.6625648 | E5: 1 | F5: 0.15302802 | G5: 0.091232143 | H5: -0.025686645 | I5: -0.15302537 | J5: 0.026205574 | K5: -0.046799606 | L5: -0.06516584
A6: features.13.block.2.fc1 | B6: -0.11685728 | C6: -0.1279052 | D6: 0.079650123 | E6: 0.15302802 | F6: 1 | G6: 0.73017535 | H6: -0.11134944 | I6: -0.15838599 | J6: 0.3532364 | K6: 0.18013873 | L6: 0.024658005
A7: features.13.block.2.fc2 | B7: -0.0017900377 | C7: -0.13904943 | D7: 0.034514345 | E7: 0.091232143 | F7: 0.73017535 | G7: 1 | H7: 0.084113184 | I7: 0.024613375 | J7: 0.45479752 | K7: 0.13515817 | L7: -0.078459183
A8: features.14.block.2.fc1 | B8: 0.038831861 | C8: -0.19179258 | D8: 0.10918572 | E8: -0.025686645 | F8: -0.11134944 | G8: 0.084113184 | H8: 1 | I8: 0.77169943 | J8: 0.024597273 | K8: -0.066243126 | L8: 0.027189436
A9: features.14.block.2.fc2 | B9: 0.084552508 | C9: -0.074694002 | D9: 0.018746958 | E9: -0.15302537 | F9: -0.15838599 | G9: 0.024613375 | H9: 0.77169943 | I9: 1 | J9: 0.14150181 | K9: 0.022333074 | L9: 0.00050264039
A10: features.15.block.2.fc1 | B10: 0.060085011 | C10: 0.12685651 | D10: 0.067046891 | E10: 0.026205574 | F10: 0.3532364 | G10: 0.45479752 | H10: 0.024597273 | I10: 0.14150181 | J10: 1 | K10: 0.62963284 | L10: -0.27724825
A11: features.15.block.2.fc2 | B11: 0.10281331 | C11: 0.3005111 | D11: 0.025891745 | E11: -0.046799606 | F11: 0.18013873 | G11: 0.13515817 | H11: -0.066243126 | I11: 0.022333074 | J11: 0.62963284 | K11: 1 | L11: -0.04770134
A12: features.16.0 | B12: -0.034721191 | C12: -0.040889776 | D12: 0.07539177 | E12: -0.06516584 | F12: 0.024658005 | G12: -0.078459183 | H12: 0.027189436 | I12: 0.00050264039 | J12: -0.27724825 | K12: -0.04770134 | L12: 1
