Workbook

Sheet Sheet1
A1: Class | B1: =Class_0!B1 -> features.5.block.0.0 | C1: =Class_0!C1 -> features.5.block.1.0 | D1: =Class_0!D1 -> features.5.block.2.fc2 | E1: =Class_0!E1 -> features.5.block.3.0 | F1: =Class_0!F1 -> features.6.block.0.0 | G1: =Class_0!G1 -> features.6.block.1.0 | H1: =Class_0!H1 -> features.6.block.2.fc2 | I1: =Class_0!I1 -> features.6.block.3.0 | ... AC1: =Class_0!AC1 -> 0
A2: 0 | B2: =Class_0!B13 -> -0.087093244 | C2: =Class_0!C13 -> -0.17946652 | D2: =Class_0!D13 -> 0.057816682 | E2: =Class_0!E13 -> 0.23004841 | F2: =Class_0!F13 -> 0.13025134 | G2: =Class_0!G13 -> -0.10051727 | H2: =Class_0!H13 -> -0.38008288 | I2: =Class_0!I13 -> 0.3065191 | ... M2: =Class_0!M13 -> 1
A3: 1 | B3: =Class_1!B13 -> 0.15792652 | C3: =Class_1!C13 -> 0.19326545 | D3: =Class_1!D13 -> -0.0097640258 | E3: =Class_1!E13 -> 0.23145608 | F3: =Class_1!F13 -> 0.058545408 | G3: =Class_1!G13 -> 0.10231464 | H3: =Class_1!H13 -> -0.044312883 | I3: =Class_1!I13 -> 0.29349817 | ... M3: =Class_1!M13 -> 1
A4: 2 | B4: =Class_2!B13 -> -0.26868438 | C4: =Class_2!C13 -> -0.33529744 | D4: =Class_2!D13 -> -0.2525776 | E4: =Class_2!E13 -> -0.18397516 | F4: =Class_2!F13 -> -0.10103354 | G4: =Class_2!G13 -> 0.1822754 | H4: =Class_2!H13 -> -0.18480091 | I4: =Class_2!I13 -> 0.15283276 | ... M4: =Class_2!M13 -> 1
A5: 3 | B5: =Class_3!B13 -> -0.064643908 | C5: =Class_3!C13 -> -0.12526801 | D5: =Class_3!D13 -> -0.26782806 | E5: =Class_3!E13 -> 0.11885014 | F5: =Class_3!F13 -> -0.16956155 | G5: =Class_3!G13 -> -0.22315332 | H5: =Class_3!H13 -> 0.033058798 | I5: =Class_3!I13 -> 0.38826503 | ... M5: =Class_3!M13 -> 1
A6: 4 | B6: =Class_4!B13 -> 0.034720804 | C6: =Class_4!C13 -> 0.24006751 | D6: =Class_4!D13 -> 0.32632097 | E6: =Class_4!E13 -> 0.32346175 | F6: =Class_4!F13 -> -0.15928025 | G6: =Class_4!G13 -> 0.13307888 | H6: =Class_4!H13 -> 0.28349602 | I6: =Class_4!I13 -> 0.21726878 | ... M6: =Class_4!M13 -> 1
A7: 5 | B7: =Class_5!B13 -> 0.34278155 | C7: =Class_5!C13 -> 0.1328511 | D7: =Class_5!D13 -> -0.36864133 | E7: =Class_5!E13 -> 0.22609779 | F7: =Class_5!F13 -> 0.34916844 | G7: =Class_5!G13 -> 0.36218077 | H7: =Class_5!H13 -> 0.14032823 | I7: =Class_5!I13 -> 0.30112975 | ... M7: =Class_5!M13 -> 1
A8: 6 | B8: =Class_6!B13 -> 0.30713664 | C8: =Class_6!C13 -> 0.4205357 | D8: =Class_6!D13 -> -0.26888986 | E8: =Class_6!E13 -> 0.52912013 | F8: =Class_6!F13 -> 0.15794294 | G8: =Class_6!G13 -> 0.25958912 | H8: =Class_6!H13 -> -0.094510932 | I8: =Class_6!I13 -> 0.53581401 | ... M8: =Class_6!M13 -> 1
A9: 7 | B9: =Class_7!B13 -> 0.019529155 | C9: =Class_7!C13 -> -0.093063075 | D9: =Class_7!D13 -> -0.0025735506 | E9: =Class_7!E13 -> -0.014200172 | F9: =Class_7!F13 -> 0.19084262 | G9: =Class_7!G13 -> 0.2417832 | H9: =Class_7!H13 -> -0.15006807 | I9: =Class_7!I13 -> 0.40979729 | ... M9: =Class_7!M13 -> 1
A10: 8 | B10: =Class_8!B13 -> -0.19399433 | C10: =Class_8!C13 -> 0.029800465 | D10: =Class_8!D13 -> -0.28167946 | E10: =Class_8!E13 -> 0.14081886 | F10: =Class_8!F13 -> 0.052987445 | G10: =Class_8!G13 -> -0.13357599 | H10: =Class_8!H13 -> -0.17898862 | I10: =Class_8!I13 -> 0.39067349 | ... M10: =Class_8!M13 -> 1
A11: 9 | B11: =Class_9!B13 -> 0.32290981 | C11: =Class_9!C13 -> 0.41199931 | D11: =Class_9!D13 -> -0.18514534 | E11: =Class_9!E13 -> 0.49299253 | F11: =Class_9!F13 -> 0.20840644 | G11: =Class_9!G13 -> 0.4099458 | H11: =Class_9!H13 -> 0.096970371 | I11: =Class_9!I13 -> 0.57933279 | ... M11: =Class_9!M13 -> 1

Sheet Class_0
B1: features.5.block.0.0 | C1: features.5.block.1.0 | D1: features.5.block.2.fc2 | E1: features.5.block.3.0 | F1: features.6.block.0.0 | G1: features.6.block.1.0 | H1: features.6.block.2.fc2 | I1: features.6.block.3.0 | J1: features.7.block.0.0 | K1: features.7.block.1.0 | L1: features.7.block.2.fc2 | M1: features.7.block.3.0
A2: features.5.block.0.0 | B2: 1 | C2: 0.60131741 | D2: 0.43477635 | E2: 0.24046178 | F2: -0.35818824 | G2: 0.22450982 | H2: 0.14112144 | I2: -0.030419302 | J2: 0.21382277 | K2: -0.088833411 | L2: 0.3199286 | M2: -0.087093244
A3: features.5.block.1.0 | B3: 0.60131741 | C3: 1 | D3: 0.40469519 | E3: 0.097892917 | F3: -0.20504867 | G3: 0.16009554 | H3: 0.32027686 | I3: -0.0053050922 | J3: 0.12288195 | K3: -0.068259952 | L3: 0.36301611 | M3: -0.17946652
A4: features.5.block.2.fc2 | B4: 0.43477635 | C4: 0.40469519 | D4: 1 | E4: 0.18024345 | F4: -0.24271967 | G4: -0.11267056 | H4: -0.1104315 | I4: -0.060234198 | J4: 0.22252718 | K4: -0.081861609 | L4: -0.032953523 | M4: 0.057816682
A5: features.5.block.3.0 | B5: 0.24046178 | C5: 0.097892917 | D5: 0.18024345 | E5: 1 | F5: -0.021800425 | G5: 0.44296159 | H5: 0.038420446 | I5: 0.22014775 | J5: 0.45847538 | K5: 0.24067289 | L5: -0.15120638 | M5: 0.23004841
A6: features.6.block.0.0 | B6: -0.35818824 | C6: -0.20504867 | D6: -0.24271967 | E6: -0.021800425 | F6: 1 | G6: 0.0076252316 | H6: -0.11711981 | I6: 0.12288139 | J6: -0.22239481 | K6: 0.064563892 | L6: -0.31627192 | M6: 0.13025134
A7: features.6.block.1.0 | B7: 0.22450982 | C7: 0.16009554 | D7: -0.11267056 | E7: 0.44296159 | F7: 0.0076252316 | G7: 1 | H7: 0.35037677 | I7: 0.10629345 | J7: 0.17018312 | K7: 0.086668721 | L7: 0.14446927 | M7: -0.10051727
A8: features.6.block.2.fc2 | B8: 0.14112144 | C8: 0.32027686 | D8: -0.1104315 | E8: 0.038420446 | F8: -0.11711981 | G8: 0.35037677 | H8: 1 | I8: -0.17571552 | J8: -0.099071678 | K8: -0.13350312 | L8: 0.12981944 | M8: -0.38008288
A9: features.6.block.3.0 | B9: -0.030419302 | C9: -0.0053050922 | D9: -0.060234198 | E9: 0.22014775 | F9: 0.12288139 | G9: 0.10629345 | H9: -0.17571552 | I9: 1 | J9: 0.36872718 | K9: 0.31090799 | L9: 0.02015902 | M9: 0.3065191
A10: features.7.block.0.0 | B10: 0.21382277 | C10: 0.12288195 | D10: 0.22252718 | E10: 0.45847538 | F10: -0.22239481 | G10: 0.17018312 | H10: -0.099071678 | I10: 0.36872718 | J10: 1 | K10: 0.40435083 | L10: -0.090844322 | M10: 0.38604664
A11: features.7.block.1.0 | B11: -0.088833411 | C11: -0.068259952 | D11: -0.081861609 | E11: 0.24067289 | F11: 0.064563892 | G11: 0.086668721 | H11: -0.13350312 | I11: 0.31090799 | J11: 0.40435083 | K11: 1 | L11: -0.15515442 | M11: 0.55575943
A12: features.7.block.2.fc2 | B12: 0.3199286 | C12: 0.36301611 | D12: -0.032953523 | E12: -0.15120638 | F12: -0.31627192 | G12: 0.14446927 | H12: 0.12981944 | I12: 0.02015902 | J12: -0.090844322 | K12: -0.15515442 | L12: 1 | M12: -0.2217927
A13: features.7.block.3.0 | B13: -0.087093244 | C13: -0.17946652 | D13: 0.057816682 | E13: 0.23004841 | F13: 0.13025134 | G13: -0.10051727 | H13: -0.38008288 | I13: 0.3065191 | J13: 0.38604664 | K13: 0.55575943 | L13: -0.2217927 | M13: 1

Sheet Class_1
B1: features.5.block.0.0 | C1: features.5.block.1.0 | D1: features.5.block.2.fc2 | E1: features.5.block.3.0 | F1: features.6.block.0.0 | G1: features.6.block.1.0 | H1: features.6.block.2.fc2 | I1: features.6.block.3.0 | J1: features.7.block.0.0 | K1: features.7.block.1.0 | L1: features.7.block.2.fc2 | M1: features.7.block.3.0
A2: features.5.block.0.0 | B2: 1 | C2: 0.65580802 | D2: 0.45305542 | E2: 0.47002207 | F2: 0.21152772 | G2: 0.3226109 | H2: -0.035756472 | I2: 0.12433385 | J2: 0.055393933 | K2: -0.034708976 | L2: -0.099141779 | M2: 0.15792652
A3: features.5.block.1.0 | B3: 0.65580802 | C3: 1 | D3: 0.37299612 | E3: 0.3408556 | F3: 0.12059701 | G3: 0.063456838 | H3: -0.11678313 | I3: 0.13757747 | J3: 0.093365072 | K3: -0.10617592 | L3: -0.2431235 | M3: 0.19326545
A4: features.5.block.2.fc2 | B4: 0.45305542 | C4: 0.37299612 | D4: 1 | E4: 0.46693116 | F4: 0.39359049 | G4: 0.081292914 | H4: 0.01833318 | I4: 0.22305532 | J4: -0.19874628 | K4: -0.22876098 | L4: -0.092065369 | M4: -0.0097640258
A5: features.5.block.3.0 | B5: 0.47002207 | C5: 0.3408556 | D5: 0.46693116 | E5: 1 | F5: 0.37638887 | G5: 0.2002005 | H5: 0.096754972 | I5: 0.219827 | J5: 0.15470352 | K5: 0.13064875 | L5: -0.14407012 | M5: 0.23145608
A6: features.6.block.0.0 | B6: 0.21152772 | C6: 0.12059701 | D6: 0.39359049 | E6: 0.37638887 | F6: 1 | G6: 0.15737688 | H6: 0.088755451 | I6: 0.15708209 | J6: -0.34233351 | K6: -0.049349991 | L6: -0.19031691 | M6: 0.058545408
A7: features.6.block.1.0 | B7: 0.3226109 | C7: 0.063456838 | D7: 0.081292914 | E7: 0.2002005 | F7: 0.15737688 | G7: 1 | H7: 0.27980003 | I7: 0.0028922404 | J7: -0.03675301 | K7: 0.016610572 | L7: -0.00230438 | M7: 0.10231464
A8: features.6.block.2.fc2 | B8: -0.035756472 | C8: -0.11678313 | D8: 0.01833318 | E8: 0.096754972 | F8: 0.088755451 | G8: 0.27980003 | H8: 1 | I8: -0.18778102 | J8: 0.017738425 | K8: 0.078013871 | L8: 0.23895815 | M8: -0.044312883
A9: features.6.block.3.0 | B9: 0.12433385 | C9: 0.13757747 | D9: 0.22305532 | E9: 0.219827 | F9: 0.15708209 | G9: 0.0028922404 | H9: -0.18778102 | I9: 1 | J9: 0.5659598 | K9: 0.48892396 | L9: 0.13180253 | M9: 0.29349817
A10: features.7.block.0.0 | B10: 0.055393933 | C10: 0.093365072 | D10: -0.19874628 | E10: 0.15470352 | F10: -0.34233351 | G10: -0.03675301 | H10: 0.017738425 | I10: 0.5659598 | J10: 1 | K10: 0.69414295 | L10: 0.14216039 | M10: 0.44850426
A11: features.7.block.1.0 | B11: -0.034708976 | C11: -0.10617592 | D11: -0.22876098 | E11: 0.13064875 | F11: -0.049349991 | G11: 0.016610572 | H11: 0.078013871 | I11: 0.48892396 | J11: 0.69414295 | K11: 1 | L11: 0.029946664 | M11: 0.58006441
A12: features.7.block.2.fc2 | B12: -0.099141779 | C12: -0.2431235 | D12: -0.092065369 | E12: -0.14407012 | F12: -0.19031691 | G12: -0.00230438 | H12: 0.23895815 | I12: 0.13180253 | J12: 0.14216039 | K12: 0.029946664 | L12: 1 | M12: -0.21611513
A13: features.7.block.3.0 | B13: 0.15792652 | C13: 0.19326545 | D13: -0.0097640258 | E13: 0.23145608 | F13: 0.058545408 | G13: 0.10231464 | H13: -0.044312883 | I13: 0.29349817 | J13: 0.44850426 | K13: 0.58006441 | L13: -0.21611513 | M13: 1

Sheet Class_2
B1: features.5.block.0.0 | C1: features.5.block.1.0 | D1: features.5.block.2.fc2 | E1: features.5.block.3.0 | F1: features.6.block.0.0 | G1: features.6.block.1.0 | H1: features.6.block.2.fc2 | I1: features.6.block.3.0 | J1: features.7.block.0.0 | K1: features.7.block.1.0 | L1: features.7.block.2.fc2 | M1: features.7.block.3.0
A2: features.5.block.0.0 | B2: 1 | C2: 0.7679461 | D2: 0.14959375 | E2: 0.62241639 | F2: 0.061575371 | G2: 0.21699401 | H2: 0.47534393 | I2: 0.012689965 | J2: -0.08984582 | K2: -0.027279758 | L2: -0.063370157 | M2: -0.26868438
A3: features.5.block.1.0 | B3: 0.7679461 | C3: 1 | D3: 0.088016674 | E3: 0.40674655 | F3: -0.17807843 | G3: -0.075642573 | H3: 0.2707518 | I3: 0.025542848 | J3: -0.087835031 | K3: -0.058153114 | L3: -0.057144254 | M3: -0.33529744
A4: features.5.block.2.fc2 | B4: 0.14959375 | C4: 0.088016674 | D4: 1 | E4: 0.12005551 | F4: 0.13911685 | G4: -0.16665753 | H4: 0.3423109 | I4: -0.10636411 | J4: -0.34538826 | K4: -0.39461587 | L4: -0.17635853 | M4: -0.2525776
A5: features.5.block.3.0 | B5: 0.62241639 | C5: 0.40674655 | D5: 0.12005551 | E5: 1 | F5: 0.2522923 | G5: 0.32254984 | H5: 0.47520356 | I5: 0.14570897 | J5: -0.0029429027 | K5: -0.074688571 | L5: -0.11898863 | M5: -0.18397516
A6: features.6.block.0.0 | B6: 0.061575371 | C6: -0.17807843 | D6: 0.13911685 | E6: 0.2522923 | F6: 1 | G6: 0.49672048 | H6: 0.26316356 | I6: 0.24688247 | J6: 0.096301372 | K6: -0.0060186451 | L6: 0.064628287 | M6: -0.10103354
A7: features.6.block.1.0 | B7: 0.21699401 | C7: -0.075642573 | D7: -0.16665753 | E7: 0.32254984 | F7: 0.49672048 | G7: 1 | H7: 0.42119896 | I7: 0.29750994 | J7: 0.42214254 | K7: 0.3766608 | L7: 0.00091784868 | M7: 0.1822754
A8: features.6.block.2.fc2 | B8: 0.47534393 | C8: 0.2707518 | D8: 0.3423109 | E8: 0.47520356 | F8: 0.26316356 | G8: 0.42119896 | H8: 1 | I8: -0.025694792 | J8: -0.063204573 | K8: 0.013187802 | L8: -0.020403988 | M8: -0.18480091
A9: features.6.block.3.0 | B9: 0.012689965 | C9: 0.025542848 | D9: -0.10636411 | E9: 0.14570897 | F9: 0.24688247 | G9: 0.29750994 | H9: -0.025694792 | I9: 1 | J9: 0.28822999 | K9: 0.086367692 | L9: 0.10918206 | M9: 0.15283276
A10: features.7.block.0.0 | B10: -0.08984582 | C10: -0.087835031 | D10: -0.34538826 | E10: -0.0029429027 | F10: 0.096301372 | G10: 0.42214254 | H10: -0.063204573 | I10: 0.28822999 | J10: 1 | K10: 0.41530388 | L10: -0.18516196 | M10: 0.40347578
A11: features.7.block.1.0 | B11: -0.027279758 | C11: -0.058153114 | D11: -0.39461587 | E11: -0.074688571 | F11: -0.0060186451 | G11: 0.3766608 | H11: 0.013187802 | I11: 0.086367692 | J11: 0.41530388 | K11: 1 | L11: 0.12316243 | M11: 0.49767601
A12: features.7.block.2.fc2 | B12: -0.063370157 | C12: -0.057144254 | D12: -0.17635853 | E12: -0.11898863 | F12: 0.064628287 | G12: 0.00091784868 | H12: -0.020403988 | I12: 0.10918206 | J12: -0.18516196 | K12: 0.12316243 | L12: 1 | M12: -0.12063754
A13: features.7.block.3.0 | B13: -0.26868438 | C13: -0.33529744 | D13: -0.2525776 | E13: -0.18397516 | F13: -0.10103354 | G13: 0.1822754 | H13: -0.18480091 | I13: 0.15283276 | J13: 0.40347578 | K13: 0.49767601 | L13: -0.12063754 | M13: 1

Sheet Class_3
B1: features.5.block.0.0 | C1: features.5.block.1.0 | D1: features.5.block.2.fc2 | E1: features.5.block.3.0 | F1: features.6.block.0.0 | G1: features.6.block.1.0 | H1: features.6.block.2.fc2 | I1: features.6.block.3.0 | J1: features.7.block.0.0 | K1: features.7.block.1.0 | L1: features.7.block.2.fc2 | M1: features.7.block.3.0
A2: features.5.block.0.0 | B2: 1 | C2: 0.59832729 | D2: 0.24013257 | E2: 0.40972907 | F2: 0.20234175 | G2: 0.24314305 | H2: -0.22592006 | I2: -0.13114024 | J2: 0.13340823 | K2: 0.068005365 | L2: 0.19845989 | M2: -0.064643908
A3: features.5.block.1.0 | B3: 0.59832729 | C3: 1 | D3: 0.48574009 | E3: 0.52418557 | F3: 0.13680088 | G3: 0.20306747 | H3: -0.1392886 | I3: -0.08611643 | J3: 0.11981035 | K3: -0.0073457214 | L3: 0.063918722 | M3: -0.12526801
A4: features.5.block.2.fc2 | B4: 0.24013257 | C4: 0.48574009 | D4: 1 | E4: 0.14524386 | F4: -0.03651415 | G4: 0.14500383 | H4: 0.072527613 | I4: -0.18814829 | J4: -0.30954788 | K4: -0.37138393 | L4: 0.013327471 | M4: -0.26782806
A5: features.5.block.3.0 | B5: 0.40972907 | C5: 0.52418557 | D5: 0.14524386 | E5: 1 | F5: 0.083020805 | G5: 0.12147892 | H5: -0.085972654 | I5: -0.12386126 | J5: 0.30126574 | K5: 0.20687522 | L5: -0.057766091 | M5: 0.11885014
A6: features.6.block.0.0 | B6: 0.20234175 | C6: 0.13680088 | D6: -0.03651415 | E6: 0.083020805 | F6: 1 | G6: 0.7215426 | H6: 0.24965443 | I6: 0.40096404 | J6: 0.0098664937 | K6: -0.024574164 | L6: 0.11842358 | M6: -0.16956155
A7: features.6.block.1.0 | B7: 0.24314305 | C7: 0.20306747 | D7: 0.14500383 | E7: 0.12147892 | F7: 0.7215426 | G7: 1 | H7: 0.18013735 | I7: 0.1045272 | J7: -0.11982815 | K7: -0.052339604 | L7: -0.013719404 | M7: -0.22315332
A8: features.6.block.2.fc2 | B8: -0.22592006 | C8: -0.1392886 | D8: 0.072527613 | E8: -0.085972654 | F8: 0.24965443 | G8: 0.18013735 | H8: 1 | I8: 0.34168414 | J8: -0.10608328 | K8: -0.18989857 | L8: -0.15517772 | M8: 0.033058798
A9: features.6.block.3.0 | B9: -0.13114024 | C9: -0.08611643 | D9: -0.18814829 | E9: -0.12386126 | F9: 0.40096404 | G9: 0.1045272 | H9: 0.34168414 | I9: 1 | J9: 0.44913479 | K9: 0.34915741 | L9: -0.1108116 | M9: 0.38826503
A10: features.7.block.0.0 | B10: 0.13340823 | C10: 0.11981035 | D10: -0.30954788 | E10: 0.30126574 | F10: 0.0098664937 | G10: -0.11982815 | H10: -0.10608328 | I10: 0.44913479 | J10: 1 | K10: 0.80075582 | L10: -0.21115788 | M10: 0.67077981
A11: features.7.block.1.0 | B11: 0.068005365 | C11: -0.0073457214 | D11: -0.37138393 | E11: 0.20687522 | F11: -0.024574164 | G11: -0.052339604 | H11: -0.18989857 | I11: 0.34915741 | J11: 0.80075582 | K11: 1 | L11: -0.11839704 | M11: 0.77391466
A12: features.7.block.2.fc2 | B12: 0.19845989 | C12: 0.063918722 | D12: 0.013327471 | E12: -0.057766091 | F12: 0.11842358 | G12: -0.013719404 | H12: -0.15517772 | I12: -0.1108116 | J12: -0.21115788 | K12: -0.11839704 | L12: 1 | M12: -0.021066414
A13: features.7.block.3.0 | B13: -0.064643908 | C13: -0.12526801 | D13: -0.26782806 | E13: 0.11885014 | F13: -0.16956155 | G13: -0.22315332 | H13: 0.033058798 | I13: 0.38826503 | J13: 0.67077981 | K13: 0.77391466 | L13: -0.021066414 | M13: 1

Sheet Class_4
B1: features.5.block.0.0 | C1: features.5.block.1.0 | D1: features.5.block.2.fc2 | E1: features.5.block.3.0 | F1: features.6.block.0.0 | G1: features.6.block.1.0 | H1: features.6.block.2.fc2 | I1: features.6.block.3.0 | J1: features.7.block.0.0 | K1: features.7.block.1.0 | L1: features.7.block.2.fc2 | M1: features.7.block.3.0
A2: features.5.block.0.0 | B2: 1 | C2: 0.83918264 | D2: 0.24680707 | E2: 0.3851454 | F2: 0.1356278 | G2: 0.13507574 | H2: 0.12905233 | I2: 0.14866737 | J2: 0.4713668 | K2: 0.096222551 | L2: 0.048664513 | M2: 0.034720804
A3: features.5.block.1.0 | B3: 0.83918264 | C3: 1 | D3: 0.30541715 | E3: 0.42093143 | F3: 0.13182255 | G3: 0.13208766 | H3: 0.18410124 | I3: 0.22010332 | J3: 0.44744157 | K3: 0.24572326 | L3: 0.20388074 | M3: 0.24006751
A4: features.5.block.2.fc2 | B4: 0.24680707 | C4: 0.30541715 | D4: 1 | E4: 0.31294331 | F4: 0.26005091 | G4: 0.16651527 | H4: 0.2230397 | I4: 0.17423284 | J4: 0.14295037 | K4: 0.24150582 | L4: -0.1296516 | M4: 0.32632097
A5: features.5.block.3.0 | B5: 0.3851454 | C5: 0.42093143 | D5: 0.31294331 | E5: 1 | F5: 0.23865549 | G5: 0.40555338 | H5: 0.50137049 | I5: 0.45538638 | J5: 0.37617106 | K5: 0.32070343 | L5: 0.22934907 | M5: 0.32346175
A6: features.6.block.0.0 | B6: 0.1356278 | C6: 0.13182255 | D6: 0.26005091 | E6: 0.23865549 | F6: 1 | G6: 0.69488787 | H6: 0.29309842 | I6: 0.14739348 | J6: 0.083136104 | K6: -0.011212515 | L6: -0.016306559 | M6: -0.15928025
A7: features.6.block.1.0 | B7: 0.13507574 | C7: 0.13208766 | D7: 0.16651527 | E7: 0.40555338 | F7: 0.69488787 | G7: 1 | H7: 0.52876503 | I7: 0.17111926 | J7: 0.1208519 | K7: 0.077260595 | L7: 0.25087406 | M7: 0.13307888
A8: features.6.block.2.fc2 | B8: 0.12905233 | C8: 0.18410124 | D8: 0.2230397 | E8: 0.50137049 | F8: 0.29309842 | G8: 0.52876503 | H8: 1 | I8: 0.18568047 | J8: 0.032543509 | K8: 0.186577 | L8: 0.35179125 | M8: 0.28349602
A9: features.6.block.3.0 | B9: 0.14866737 | C9: 0.22010332 | D9: 0.17423284 | E9: 0.45538638 | F9: 0.14739348 | G9: 0.17111926 | H9: 0.18568047 | I9: 1 | J9: 0.50455646 | K9: 0.48763952 | L9: -0.032003503 | M9: 0.21726878
A10: features.7.block.0.0 | B10: 0.4713668 | C10: 0.44744157 | D10: 0.14295037 | E10: 0.37617106 | F10: 0.083136104 | G10: 0.1208519 | H10: 0.032543509 | I10: 0.50455646 | J10: 1 | K10: 0.48611802 | L10: -0.1637216 | M10: 0.41371262
A11: features.7.block.1.0 | B11: 0.096222551 | C11: 0.24572326 | D11: 0.24150582 | E11: 0.32070343 | F11: -0.011212515 | G11: 0.077260595 | H11: 0.186577 | I11: 0.48763952 | J11: 0.48611802 | K11: 1 | L11: 0.023341675 | M11: 0.49406795
A12: features.7.block.2.fc2 | B12: 0.048664513 | C12: 0.20388074 | D12: -0.1296516 | E12: 0.22934907 | F12: -0.016306559 | G12: 0.25087406 | H12: 0.35179125 | I12: -0.032003503 | J12: -0.1637216 | K12: 0.023341675 | L12: 1 | M12: 0.31729137
A13: features.7.block.3.0 | B13: 0.034720804 | C13: 0.24006751 | D13: 0.32632097 | E13: 0.32346175 | F13: -0.15928025 | G13: 0.13307888 | H13: 0.28349602 | I13: 0.21726878 | J13: 0.41371262 | K13: 0.49406795 | L13: 0.31729137 | M13: 1

Sheet Class_5
B1: features.5.block.0.0 | C1: features.5.block.1.0 | D1: features.5.block.2.fc2 | E1: features.5.block.3.0 | F1: features.6.block.0.0 | G1: features.6.block.1.0 | H1: features.6.block.2.fc2 | I1: features.6.block.3.0 | J1: features.7.block.0.0 | K1: features.7.block.1.0 | L1: features.7.block.2.fc2 | M1: features.7.block.3.0
A2: features.5.block.0.0 | B2: 1 | C2: 0.58453014 | D2: 0.023579896 | E2: 0.5137563 | F2: 0.017411658 | G2: -0.10897713 | H2: 0.18668015 | I2: 0.13143943 | J2: 0.44228948 | K2: 0.41132092 | L2: -0.016845394 | M2: 0.34278155
A3: features.5.block.1.0 | B3: 0.58453014 | C3: 1 | D3: -0.031116119 | E3: 0.58011651 | F3: -0.029757064 | G3: -0.041726517 | H3: 0.12724392 | I3: 0.19924482 | J3: 0.22205279 | K3: 0.35263541 | L3: 0.0093048346 | M3: 0.1328511
A4: features.5.block.2.fc2 | B4: 0.023579896 | C4: -0.031116119 | D4: 1 | E4: 0.079493943 | F4: -0.33452905 | G4: -0.057377374 | H4: -0.036347678 | I4: -0.30023994 | J4: -0.26754113 | K4: -0.32422432 | L4: -0.29424769 | M4: -0.36864133
A5: features.5.block.3.0 | B5: 0.5137563 | C5: 0.58011651 | D5: 0.079493943 | E5: 1 | F5: -0.22243205 | G5: -0.14905117 | H5: 0.091840884 | I5: 0.10925898 | J5: 0.47613888 | K5: 0.34512954 | L5: 0.0079335986 | M5: 0.22609779
A6: features.6.block.0.0 | B6: 0.017411658 | C6: -0.029757064 | D6: -0.33452905 | E6: -0.22243205 | F6: 1 | G6: 0.51311774 | H6: 0.11598825 | I6: 0.32359437 | J6: 0.10104672 | K6: 0.28459534 | L6: 0.029480238 | M6: 0.34916844
A7: features.6.block.1.0 | B7: -0.10897713 | C7: -0.041726517 | D7: -0.057377374 | E7: -0.14905117 | F7: 0.51311774 | G7: 1 | H7: 0.32306261 | I7: 0.21591497 | J7: 0.14194377 | K7: 0.069580288 | L7: -0.044732521 | M7: 0.36218077
A8: features.6.block.2.fc2 | B8: 0.18668015 | C8: 0.12724392 | D8: -0.036347678 | E8: 0.091840884 | F8: 0.11598825 | G8: 0.32306261 | H8: 1 | I8: 0.092937067 | J8: 0.098438896 | K8: -0.16326228 | L8: 0.31261598 | M8: 0.14032823
A9: features.6.block.3.0 | B9: 0.13143943 | C9: 0.19924482 | D9: -0.30023994 | E9: 0.10925898 | F9: 0.32359437 | G9: 0.21591497 | H9: 0.092937067 | I9: 1 | J9: 0.41661203 | K9: 0.28454423 | L9: 0.19163798 | M9: 0.30112975
A10: features.7.block.0.0 | B10: 0.44228948 | C10: 0.22205279 | D10: -0.26754113 | E10: 0.47613888 | F10: 0.10104672 | G10: 0.14194377 | H10: 0.098438896 | I10: 0.41661203 | J10: 1 | K10: 0.67650218 | L10: 0.036856938 | M10: 0.70294567
A11: features.7.block.1.0 | B11: 0.41132092 | C11: 0.35263541 | D11: -0.32422432 | E11: 0.34512954 | F11: 0.28459534 | G11: 0.069580288 | H11: -0.16326228 | I11: 0.28454423 | J11: 0.67650218 | K11: 1 | L11: 0.092454135 | M11: 0.49107573
A12: features.7.block.2.fc2 | B12: -0.016845394 | C12: 0.0093048346 | D12: -0.29424769 | E12: 0.0079335986 | F12: 0.029480238 | G12: -0.044732521 | H12: 0.31261598 | I12: 0.19163798 | J12: 0.036856938 | K12: 0.092454135 | L12: 1 | M12: 0.054335017
A13: features.7.block.3.0 | B13: 0.34278155 | C13: 0.1328511 | D13: -0.36864133 | E13: 0.22609779 | F13: 0.34916844 | G13: 0.36218077 | H13: 0.14032823 | I13: 0.30112975 | J13: 0.70294567 | K13: 0.49107573 | L13: 0.054335017 | M13: 1

Sheet Class_6
B1: features.5.block.0.0 | C1: features.5.block.1.0 | D1: features.5.block.2.fc2 | E1: features.5.block.3.0 | F1: features.6.block.0.0 | G1: features.6.block.1.0 | H1: features.6.block.2.fc2 | I1: features.6.block.3.0 | J1: features.7.block.0.0 | K1: features.7.block.1.0 | L1: features.7.block.2.fc2 | M1: features.7.block.3.0
A2: features.5.block.0.0 | B2: 1 | C2: 0.49691828 | D2: 0.010182431 | E2: 0.43089218 | F2: 0.38491584 | G2: 0.29513864 | H2: 0.080041445 | I2: 0.023416507 | J2: 0.34313961 | K2: 0.24133045 | L2: -0.13985381 | M2: 0.30713664
A3: features.5.block.1.0 | B3: 0.49691828 | C3: 1 | D3: 0.03535375 | E3: 0.35992866 | F3: 0.20385433 | G3: 0.36034203 | H3: -0.125383 | I3: 0.22902013 | J3: 0.5019601 | K3: 0.1801852 | L3: 0.25640714 | M3: 0.4205357
A4: features.5.block.2.fc2 | B4: 0.010182431 | C4: 0.03535375 | D4: 1 | E4: -0.1627766 | F4: -0.15110631 | G4: 0.015459192 | H4: -0.084645457 | I4: -0.031417302 | J4: -0.2600059 | K4: -0.33679748 | L4: 0.024941348 | M4: -0.26888986
A5: features.5.block.3.0 | B5: 0.43089218 | C5: 0.35992866 | D5: -0.1627766 | E5: 1 | F5: 0.33143285 | G5: 0.45176951 | H5: 0.15394271 | I5: 0.39997187 | J5: 0.44182864 | K5: 0.50427893 | L5: -0.082360117 | M5: 0.52912013
A6: features.6.block.0.0 | B6: 0.38491584 | C6: 0.20385433 | D6: -0.15110631 | E6: 0.33143285 | F6: 1 | G6: 0.47033494 | H6: 0.22635253 | I6: 0.015178943 | J6: 0.21731789 | K6: 0.18758862 | L6: 0.03905917 | M6: 0.15794294
A7: features.6.block.1.0 | B7: 0.29513864 | C7: 0.36034203 | D7: 0.015459192 | E7: 0.45176951 | F7: 0.47033494 | G7: 1 | H7: 0.16522683 | I7: 0.28219553 | J7: 0.42404972 | K7: 0.21874749 | L7: -0.043211224 | M7: 0.25958912
A8: features.6.block.2.fc2 | B8: 0.080041445 | C8: -0.125383 | D8: -0.084645457 | E8: 0.15394271 | F8: 0.22635253 | G8: 0.16522683 | H8: 1 | I8: -0.093317908 | J8: -0.1428853 | K8: 0.073902192 | L8: -0.31414736 | M8: -0.094510932
A9: features.6.block.3.0 | B9: 0.023416507 | C9: 0.22902013 | D9: -0.031417302 | E9: 0.39997187 | F9: 0.015178943 | G9: 0.28219553 | H9: -0.093317908 | I9: 1 | J9: 0.51345666 | K9: 0.36965469 | L9: 0.13003299 | M9: 0.53581401
A10: features.7.block.0.0 | B10: 0.34313961 | C10: 0.5019601 | D10: -0.2600059 | E10: 0.44182864 | F10: 0.21731789 | G10: 0.42404972 | H10: -0.1428853 | I10: 0.51345666 | J10: 1 | K10: 0.55935021 | L10: 0.034772114 | M10: 0.7195785
A11: features.7.block.1.0 | B11: 0.24133045 | C11: 0.1801852 | D11: -0.33679748 | E11: 0.50427893 | F11: 0.18758862 | G11: 0.21874749 | H11: 0.073902192 | I11: 0.36965469 | J11: 0.55935021 | K11: 1 | L11: -0.023156898 | M11: 0.67021669
A12: features.7.block.2.fc2 | B12: -0.13985381 | C12: 0.25640714 | D12: 0.024941348 | E12: -0.082360117 | F12: 0.03905917 | G12: -0.043211224 | H12: -0.31414736 | I12: 0.13003299 | J12: 0.034772114 | K12: -0.023156898 | L12: 1 | M12: 0.08999365
A13: features.7.block.3.0 | B13: 0.30713664 | C13: 0.4205357 | D13: -0.26888986 | E13: 0.52912013 | F13: 0.15794294 | G13: 0.25958912 | H13: -0.094510932 | I13: 0.53581401 | J13: 0.7195785 | K13: 0.67021669 | L13: 0.08999365 | M13: 1

Sheet Class_7
B1: features.5.block.0.0 | C1: features.5.block.1.0 | D1: features.5.block.2.fc2 | E1: features.5.block.3.0 | F1: features.6.block.0.0 | G1: features.6.block.1.0 | H1: features.6.block.2.fc2 | I1: features.6.block.3.0 | J1: features.7.block.0.0 | K1: features.7.block.1.0 | L1: features.7.block.2.fc2 | M1: features.7.block.3.0
A2: features.5.block.0.0 | B2: 1 | C2: 0.66892018 | D2: 0.28040032 | E2: 0.039538027 | F2: -0.31123483 | G2: 0.097271002 | H2: 0.19417451 | I2: -0.023262207 | J2: 0.19159423 | K2: 0.02611685 | L2: -0.12264036 | M2: 0.019529155
A3: features.5.block.1.0 | B3: 0.66892018 | C3: 1 | D3: 0.33376514 | E3: 0.17237704 | F3: -0.18627449 | G3: 0.014938951 | H3: 0.41564166 | I3: -0.27383375 | J3: -0.070288497 | K3: -0.10776426 | L3: -0.036563029 | M3: -0.093063075
A4: features.5.block.2.fc2 | B4: 0.28040032 | C4: 0.33376514 | D4: 1 | E4: -0.0040788116 | F4: -0.12821501 | G4: -0.026426464 | H4: 0.26534441 | I4: -0.29975503 | J4: -0.12556141 | K4: -0.2406793 | L4: 0.24499481 | M4: -0.0025735506
A5: features.5.block.3.0 | B5: 0.039538027 | C5: 0.17237704 | D5: -0.0040788116 | E5: 1 | F5: -0.10796998 | G5: -0.054504476 | H5: -0.13998669 | I5: -0.13153773 | J5: 0.15611598 | K5: 0.11620061 | L5: -0.33936714 | M5: -0.014200172
A6: features.6.block.0.0 | B6: -0.31123483 | C6: -0.18627449 | D6: -0.12821501 | E6: -0.10796998 | F6: 1 | G6: 0.64739451 | H6: 0.37146711 | I6: 0.27955734 | J6: 0.22557979 | K6: 0.16028502 | L6: -0.1540251 | M6: 0.19084262
A7: features.6.block.1.0 | B7: 0.097271002 | C7: 0.014938951 | D7: -0.026426464 | E7: -0.054504476 | F7: 0.64739451 | G7: 1 | H7: 0.47279303 | I7: 0.24000585 | J7: 0.24066567 | K7: 0.15857836 | L7: -0.07765799 | M7: 0.2417832
A8: features.6.block.2.fc2 | B8: 0.19417451 | C8: 0.41564166 | D8: 0.26534441 | E8: -0.13998669 | F8: 0.37146711 | G8: 0.47279303 | H8: 1 | I8: -0.25179308 | J8: -0.20129513 | K8: -0.1479627 | L8: 0.20795077 | M8: -0.15006807
A9: features.6.block.3.0 | B9: -0.023262207 | C9: -0.27383375 | D9: -0.29975503 | E9: -0.13153773 | F9: 0.27955734 | G9: 0.24000585 | H9: -0.25179308 | I9: 1 | J9: 0.59602001 | K9: 0.42599444 | L9: -0.23400498 | M9: 0.40979729
A10: features.7.block.0.0 | B10: 0.19159423 | C10: -0.070288497 | D10: -0.12556141 | E10: 0.15611598 | F10: 0.22557979 | G10: 0.24066567 | H10: -0.20129513 | I10: 0.59602001 | J10: 1 | K10: 0.63519254 | L10: -0.28762329 | M10: 0.64351352
A11: features.7.block.1.0 | B11: 0.02611685 | C11: -0.10776426 | D11: -0.2406793 | E11: 0.11620061 | F11: 0.16028502 | G11: 0.15857836 | H11: -0.1479627 | I11: 0.42599444 | J11: 0.63519254 | K11: 1 | L11: -0.22483827 | M11: 0.63140894
A12: features.7.block.2.fc2 | B12: -0.12264036 | C12: -0.036563029 | D12: 0.24499481 | E12: -0.33936714 | F12: -0.1540251 | G12: -0.07765799 | H12: 0.20795077 | I12: -0.23400498 | J12: -0.28762329 | K12: -0.22483827 | L12: 1 | M12: -0.22367725
A13: features.7.block.3.0 | B13: 0.019529155 | C13: -0.093063075 | D13: -0.0025735506 | E13: -0.014200172 | F13: 0.19084262 | G13: 0.2417832 | H13: -0.15006807 | I13: 0.40979729 | J13: 0.64351352 | K13: 0.63140894 | L13: -0.22367725 | M13: 1

Sheet Class_8
B1: features.5.block.0.0 | C1: features.5.block.1.0 | D1: features.5.block.2.fc2 | E1: features.5.block.3.0 | F1: features.6.block.0.0 | G1: features.6.block.1.0 | H1: features.6.block.2.fc2 | I1: features.6.block.3.0 | J1: features.7.block.0.0 | K1: features.7.block.1.0 | L1: features.7.block.2.fc2 | M1: features.7.block.3.0
A2: features.5.block.0.0 | B2: 1 | C2: 0.78590062 | D2: 0.25595456 | E2: 0.47171138 | F2: 0.066462108 | G2: 0.086598154 | H2: 0.015035291 | I2: 0.0039445345 | J2: 0.059127969 | K2: 0.085815271 | L2: 0.13000545 | M2: -0.19399433
A3: features.5.block.1.0 | B3: 0.78590062 | C3: 1 | D3: 0.12846406 | E3: 0.65825153 | F3: 0.28621549 | G3: 0.29166986 | H3: -0.051442162 | I3: 0.0002314225 | J3: 0.13714324 | K3: 0.094456558 | L3: 0.22217845 | M3: 0.029800465
A4: features.5.block.2.fc2 | B4: 0.25595456 | C4: 0.12846406 | D4: 1 | E4: 0.12026626 | F4: 0.011195422 | G4: 0.17025828 | H4: 0.33177088 | I4: 0.012596103 | J4: -0.16241822 | K4: -0.22421047 | L4: 0.33937227 | M4: -0.28167946
A5: features.5.block.3.0 | B5: 0.47171138 | C5: 0.65825153 | D5: 0.12026626 | E5: 1 | F5: 0.28009368 | G5: 0.28319049 | H5: -0.24930769 | I5: 0.10003302 | J5: 0.29272594 | K5: 0.26608389 | L5: 0.15797296 | M5: 0.14081886
A6: features.6.block.0.0 | B6: 0.066462108 | C6: 0.28621549 | D6: 0.011195422 | E6: 0.28009368 | F6: 1 | G6: 0.63166038 | H6: 0.10189033 | I6: 0.29880334 | J6: 0.2150895 | K6: 0.06406299 | L6: -0.081618911 | M6: 0.052987445
A7: features.6.block.1.0 | B7: 0.086598154 | C7: 0.29166986 | D7: 0.17025828 | E7: 0.28319049 | F7: 0.63166038 | G7: 1 | H7: 0.32523071 | I7: 0.15605872 | J7: 0.038921087 | K7: -0.043944096 | L7: 0.039075379 | M7: -0.13357599
A8: features.6.block.2.fc2 | B8: 0.015035291 | C8: -0.051442162 | D8: 0.33177088 | E8: -0.24930769 | F8: 0.10189033 | G8: 0.32523071 | H8: 1 | I8: 0.10673829 | J8: -0.19655491 | K8: -0.19537204 | L8: 0.0088402067 | M8: -0.17898862
A9: features.6.block.3.0 | B9: 0.0039445345 | C9: 0.0002314225 | D9: 0.012596103 | E9: 0.10003302 | F9: 0.29880334 | G9: 0.15605872 | H9: 0.10673829 | I9: 1 | J9: 0.58057403 | K9: 0.54692774 | L9: -0.03432164 | M9: 0.39067349
A10: features.7.block.0.0 | B10: 0.059127969 | C10: 0.13714324 | D10: -0.16241822 | E10: 0.29272594 | F10: 0.2150895 | G10: 0.038921087 | H10: -0.19655491 | I10: 0.58057403 | J10: 1 | K10: 0.73735181 | L10: -0.023256281 | M10: 0.68995775
A11: features.7.block.1.0 | B11: 0.085815271 | C11: 0.094456558 | D11: -0.22421047 | E11: 0.26608389 | F11: 0.06406299 | G11: -0.043944096 | H11: -0.19537204 | I11: 0.54692774 | J11: 0.73735181 | K11: 1 | L11: -0.0673822 | M11: 0.64091885
A12: features.7.block.2.fc2 | B12: 0.13000545 | C12: 0.22217845 | D12: 0.33937227 | E12: 0.15797296 | F12: -0.081618911 | G12: 0.039075379 | H12: 0.0088402067 | I12: -0.03432164 | J12: -0.023256281 | K12: -0.0673822 | L12: 1 | M12: -0.045491469
A13: features.7.block.3.0 | B13: -0.19399433 | C13: 0.029800465 | D13: -0.28167946 | E13: 0.14081886 | F13: 0.052987445 | G13: -0.13357599 | H13: -0.17898862 | I13: 0.39067349 | J13: 0.68995775 | K13: 0.64091885 | L13: -0.045491469 | M13: 1

Sheet Class_9
B1: features.5.block.0.0 | C1: features.5.block.1.0 | D1: features.5.block.2.fc2 | E1: features.5.block.3.0 | F1: features.6.block.0.0 | G1: features.6.block.1.0 | H1: features.6.block.2.fc2 | I1: features.6.block.3.0 | J1: features.7.block.0.0 | K1: features.7.block.1.0 | L1: features.7.block.2.fc2 | M1: features.7.block.3.0
A2: features.5.block.0.0 | B2: 1 | C2: 0.69891774 | D2: 0.198006 | E2: 0.4122607 | F2: 0.028046728 | G2: 0.0089904588 | H2: 0.37751046 | I2: 0.12929742 | J2: 0.099847364 | K2: 0.29242134 | L2: -0.16743274 | M2: 0.32290981
A3: features.5.block.1.0 | B3: 0.69891774 | C3: 1 | D3: 0.20238914 | E3: 0.64729092 | F3: 0.0012459238 | G3: 0.30158311 | H3: 0.47964829 | I3: 0.088705463 | J3: 0.16017887 | K3: 0.27460475 | L3: -0.028948934 | M3: 0.41199931
A4: features.5.block.2.fc2 | B4: 0.198006 | C4: 0.20238914 | D4: 1 | E4: 0.28604053 | F4: -0.18824273 | G4: 0.035476273 | H4: 0.09817164 | I4: -0.069916763 | J4: -0.17637009 | K4: 0.023217959 | L4: 0.099753141 | M4: -0.18514534
A5: features.5.block.3.0 | B5: 0.4122607 | C5: 0.64729092 | D5: 0.28604053 | E5: 1 | F5: 0.012967471 | G5: 0.47737537 | H5: 0.43849898 | I5: 0.26590769 | J5: 0.32445665 | K5: 0.46184198 | L5: 0.026571783 | M5: 0.49299253
A6: features.6.block.0.0 | B6: 0.028046728 | C6: 0.0012459238 | D6: -0.18824273 | E6: 0.012967471 | F6: 1 | G6: 0.42362854 | H6: 0.045514239 | I6: 0.20070509 | J6: 0.20526153 | K6: 0.31603761 | L6: -0.16017194 | M6: 0.20840644
A7: features.6.block.1.0 | B7: 0.0089904588 | C7: 0.30158311 | D7: 0.035476273 | E7: 0.47737537 | F7: 0.42362854 | G7: 1 | H7: 0.1648771 | I7: 0.23081708 | J7: 0.3386103 | K7: 0.43315891 | L7: 0.14962781 | M7: 0.4099458
A8: features.6.block.2.fc2 | B8: 0.37751046 | C8: 0.47964829 | D8: 0.09817164 | E8: 0.43849898 | F8: 0.045514239 | G8: 0.1648771 | H8: 1 | I8: -0.01313709 | J8: -0.13171826 | K8: 0.014136487 | L8: -0.20423998 | M8: 0.096970371
A9: features.6.block.3.0 | B9: 0.12929742 | C9: 0.088705463 | D9: -0.069916763 | E9: 0.26590769 | F9: 0.20070509 | G9: 0.23081708 | H9: -0.01313709 | I9: 1 | J9: 0.58613924 | K9: 0.61926337 | L9: 0.051279692 | M9: 0.57933279
A10: features.7.block.0.0 | B10: 0.099847364 | C10: 0.16017887 | D10: -0.17637009 | E10: 0.32445665 | F10: 0.20526153 | G10: 0.3386103 | H10: -0.13171826 | I10: 0.58613924 | J10: 1 | K10: 0.76231668 | L10: 0.1600163 | M10: 0.67535852
A11: features.7.block.1.0 | B11: 0.29242134 | C11: 0.27460475 | D11: 0.023217959 | E11: 0.46184198 | F11: 0.31603761 | G11: 0.43315891 | H11: 0.014136487 | I11: 0.61926337 | J11: 0.76231668 | K11: 1 | L11: 0.20824483 | M11: 0.74439103
A12: features.7.block.2.fc2 | B12: -0.16743274 | C12: -0.028948934 | D12: 0.099753141 | E12: 0.026571783 | F12: -0.16017194 | G12: 0.14962781 | H12: -0.20423998 | I12: 0.051279692 | J12: 0.1600163 | K12: 0.20824483 | L12: 1 | M12: 0.22480221
A13: features.7.block.3.0 | B13: 0.32290981 | C13: 0.41199931 | D13: -0.18514534 | E13: 0.49299253 | F13: 0.20840644 | G13: 0.4099458 | H13: 0.096970371 | I13: 0.57933279 | J13: 0.67535852 | K13: 0.74439103 | L13: 0.22480221 | M13: 1
