Workbook

Sheet Sheet1
A1: Class | B1: =Class_0!B1 -> layer1.0.conv1 | C1: =Class_0!C1 -> sensitivityscore_After_layer1.0.conv1_0.5 | D1: =Class_0!D1 -> sensitivityscore_After_layer1.0.conv1_0.6 | E1: =Class_0!E1 -> sensitivityscore_After_layer1.0.conv1_0.7 | F1: =Class_0!F1 -> layer1.0.conv2 | G1: =Class_0!G1 -> sensitivityscore_After_layer1.0.conv2_0.5 | H1: =Class_0!H1 -> sensitivityscore_After_layer1.0.conv2_0.6 | I1: =Class_0!I1 -> sensitivityscore_After_layer1.0.conv2_0.7 | ... AX1: =Class_0!AX1 -> 0
A2: 0 | B2: =Class_0!B49 -> -0.37060628 | C2: =Class_0!C49 -> 0.25038762 | D2: =Class_0!D49 -> 0.0036613148 | E2: =Class_0!E49 -> 0.020554543 | F2: =Class_0!F49 -> -0.21323227 | G2: =Class_0!G49 -> -0.19736653 | H2: =Class_0!H49 -> -0.19215025 | I2: =Class_0!I49 -> -0.19213642 | ... AW2: =Class_0!AW49 -> 1
A3: =A2+1 -> 1 | B3: =Class_1!B49 -> -0.26562001 | C3: =Class_1!C49 -> 0.061661235 | D3: =Class_1!D49 -> -0.063965514 | E3: =Class_1!E49 -> 0.046567631 | F3: =Class_1!F49 -> -0.17085014 | G3: =Class_1!G49 -> -0.2772861 | H3: =Class_1!H49 -> -0.30600266 | I3: =Class_1!I49 -> -0.25837036 | ... AW3: =Class_1!AW49 -> 1
A4: =A3+1 -> 2 | B4: =Class_2!B49 -> 0.097405589 | C4: =Class_2!C49 -> 0.090759066 | D4: =Class_2!D49 -> 0.030087583 | E4: =Class_2!E49 -> -0.091949973 | F4: =Class_2!F49 -> 0.43587877 | G4: =Class_2!G49 -> 0.19761321 | H4: =Class_2!H49 -> 0.19116136 | I4: =Class_2!I49 -> 0.13505957 | ... AW4: =Class_2!AW49 -> 1
A5: =A4+1 -> 3 | B5: =Class_3!B49 -> 0.059535305 | C5: =Class_3!C49 -> 0.12637934 | D5: =Class_3!D49 -> -0.14309194 | E5: =Class_3!E49 -> 0.072933194 | F5: =Class_3!F49 -> 0.11204288 | G5: =Class_3!G49 -> 0.071287065 | H5: =Class_3!H49 -> -0.02573459 | I5: =Class_3!I49 -> 0.13152914 | ... AW5: =Class_3!AW49 -> 1
A6: =A5+1 -> 4 | B6: =Class_4!B49 -> 0.17203088 | C6: =Class_4!C49 -> -0.19033898 | D6: =Class_4!D49 -> -0.12569105 | E6: =Class_4!E49 -> -0.051612073 | F6: =Class_4!F49 -> -0.23097044 | G6: =Class_4!G49 -> 0.36559153 | H6: =Class_4!H49 -> 0.35336019 | I6: =Class_4!I49 -> 0.24725091 | ... AW6: =Class_4!AW49 -> 1
A7: =A6+1 -> 5 | B7: =Class_5!B49 -> -0.014617674 | C7: =Class_5!C49 -> 0.065096868 | D7: =Class_5!D49 -> -0.02181998 | E7: =Class_5!E49 -> 0.019855917 | F7: =Class_5!F49 -> 0.26369004 | G7: =Class_5!G49 -> 0.34258948 | H7: =Class_5!H49 -> 0.24797619 | I7: =Class_5!I49 -> 0.14742789 | ... AW7: =Class_5!AW49 -> 1
A8: =A7+1 -> 6 | B8: =Class_6!B49 -> 0.19074217 | C8: =Class_6!C49 -> -0.11446647 | D8: =Class_6!D49 -> -0.22614017 | E8: =Class_6!E49 -> -0.014274709 | F8: =Class_6!F49 -> 0.093309029 | G8: =Class_6!G49 -> 0.072705985 | H8: =Class_6!H49 -> 0.075762542 | I8: =Class_6!I49 -> 0.098050266 | ... AW8: =Class_6!AW49 -> 1
A9: =A8+1 -> 7 | B9: =Class_7!B49 -> -0.032481752 | C9: =Class_7!C49 -> -0.21051196 | D9: =Class_7!D49 -> -0.098922689 | E9: =Class_7!E49 -> -0.15631859 | F9: =Class_7!F49 -> -0.1567276 | G9: =Class_7!G49 -> 0.27260528 | H9: =Class_7!H49 -> 0.18331432 | I9: =Class_7!I49 -> 0.19256401 | ... AW9: =Class_7!AW49 -> 1
A10: =A9+1 -> 8 | B10: =Class_8!B49 -> -0.33671558 | C10: =Class_8!C49 -> 0.13460928 | D10: =Class_8!D49 -> -0.051282161 | E10: =Class_8!E49 -> 0.069760203 | F10: =Class_8!F49 -> 0.30783276 | G10: =Class_8!G49 -> 0.11750713 | H10: =Class_8!H49 -> 0.19692993 | I10: =Class_8!I49 -> 0.24754001 | ... AW10: =Class_8!AW49 -> 1
A11: =A10+1 -> 9 | B11: =Class_9!B49 -> -0.07436028 | C11: =Class_9!C49 -> -0.2482954 | D11: =Class_9!D49 -> -0.06295841 | E11: =Class_9!E49 -> -0.18718305 | F11: =Class_9!F49 -> -0.20487556 | G11: =Class_9!G49 -> -0.17330251 | H11: =Class_9!H49 -> -0.19365601 | I11: =Class_9!I49 -> -0.17332231 | ... AW11: =Class_9!AW49 -> 1

Sheet Class_0
B1: layer1.0.conv1 | C1: sensitivityscore_After_layer1.0.conv1_0.5 | D1: sensitivityscore_After_layer1.0.conv1_0.6 | E1: sensitivityscore_After_layer1.0.conv1_0.7 | F1: layer1.0.conv2 | G1: sensitivityscore_After_layer1.0.conv2_0.5 | H1: sensitivityscore_After_layer1.0.conv2_0.6 | I1: sensitivityscore_After_layer1.0.conv2_0.7 | J1: layer1.0.conv3 | K1: sensitivityscore_After_layer1.0.conv3_0.5 | L1: sensitivityscore_After_layer1.0.conv3_0.6 | M1: sensitivityscore_After_layer1.0.conv3_0.7 | N1: layer4.0.conv1 | O1: sensitivityscore_After_layer4.0.conv1_0.5 | P1: sensitivityscore_After_layer4.0.conv1_0.6 | Q1: sensitivityscore_After_layer4.0.conv1_0.7 | R1: layer4.0.conv2 | S1: sensitivityscore_After_layer4.0.conv2_0.5 | T1: sensitivityscore_After_layer4.0.conv2_0.6 | U1: sensitivityscore_After_layer4.0.conv2_0.7 | V1: layer4.0.conv3 | W1: sensitivityscore_After_layer4.0.conv3_0.5 | X1: sensitivityscore_After_layer4.0.conv3_0.6 | Y1: sensitivityscore_After_layer4.0.conv3_0.7 | Z1: layer4.1.conv1 | AA1: sensitivityscore_After_layer4.1.conv1_0.5 | AB1: sensitivityscore_After_layer4.1.conv1_0.6 | AC1: sensitivityscore_After_layer4.1.conv1_0.7 | AD1: layer4.1.conv2 | AE1: sensitivityscore_After_layer4.1.conv2_0.5 | AF1: sensitivityscore_After_layer4.1.conv2_0.6 | AG1: sensitivityscore_After_layer4.1.conv2_0.7 | AH1: layer4.1.conv3 | AI1: sensitivityscore_After_layer4.1.conv3_0.5 | AJ1: sensitivityscore_After_layer4.1.conv3_0.6 | AK1: sensitivityscore_After_layer4.1.conv3_0.7 | AL1: layer4.2.conv1 | AM1: sensitivityscore_After_layer4.2.conv1_0.5 | AN1: sensitivityscore_After_layer4.2.conv1_0.6 | AO1: sensitivityscore_After_layer4.2.conv1_0.7 | AP1: layer4.2.conv2 | AQ1: sensitivityscore_After_layer4.2.conv2_0.5 | AR1: sensitivityscore_After_layer4.2.conv2_0.6 | AS1: sensitivityscore_After_layer4.2.conv2_0.7 | AT1: layer4.2.conv3 | AU1: sensitivityscore_After_layer4.2.conv3_0.5 | AV1: sensitivityscore_After_layer4.2.conv3_0.6 | AW1: sensitivityscore_After_layer4.2.conv3_0.7
A2: layer1.0.conv1 | B2: 1 | C2: -0.040638072 | D2: 0.062966591 | E2: 0.071519705 | F2: 0.3818846 | G2: 0.32595443 | H2: 0.21632636 | I2: 0.22431245 | J2: 0.37877908 | K2: -0.013907182 | L2: 0.041257122 | M2: -0.049499585 | N2: -0.17712761 | O2: 0.0056731606 | P2: 0.084236276 | Q2: -0.2691076 | R2: -0.1383436 | S2: -0.1103751 | T2: 0.10361242 | U2: 0.17545803 | V2: 0.099960918 | W2: -0.11809406 | X2: -0.083207471 | Y2: -0.060801471 | Z2: -0.042335139 | AA2: -0.011434605 | AB2: 0.0040761115 | AC2: -0.063762364 | AD2: 0.0013500819 | AE2: -0.10532307 | AF2: 0.16744708 | AG2: 0.063370181 | AH2: 0.10157061 | AI2: -0.25404043 | AJ2: -0.1728424 | AK2: -0.21409698 | AL2: 0.06588835 | AM2: -0.13949312 | AN2: -0.040681314 | AO2: 0.033158668 | AP2: 0.23276991 | AQ2: -0.01048583 | AR2: 0.060025634 | AS2: -0.033565702 | AT2: -0.086797923 | AU2: -0.25969708 | AV2: -0.27499477 | AW2: -0.37060628
A3: sensitivityscore_After_layer1.0.conv1_0.5 | B3: -0.040638072 | C3: 1 | D3: 0.57065614 | E3: 0.19882788 | F3: 0.22623622 | G3: -0.088147401 | H3: 0.036986784 | I3: 0.039311315 | J3: 0.19218901 | K3: -0.00044454438 | L3: -0.17801432 | M3: 0.049078907 | N3: 0.23584965 | O3: 0.28842455 | P3: 0.20676179 | Q3: -0.034950023 | R3: 0.27751729 | S3: -0.086656765 | T3: -0.28194446 | U3: 0.13516818 | V3: 0.28972225 | W3: 0.098593443 | X3: 0.076314803 | Y3: -0.093323014 | Z3: 0.34223875 | AA3: -0.11818317 | AB3: -0.1932484 | AC3: -0.16775563 | AD3: 0.25415268 | AE3: -0.14447468 | AF3: -0.34432026 | AG3: -0.14200993 | AH3: 0.28241555 | AI3: 0.10357745 | AJ3: 0.14791097 | AK3: 0.14278423 | AL3: 0.17532167 | AM3: -0.063046503 | AN3: 0.067671785 | AO3: 0.054848017 | AP3: -0.2007248 | AQ3: -0.059451387 | AR3: -0.09466466 | AS3: -0.098325454 | AT3: 0.35986513 | AU3: 0.37130998 | AV3: 0.30568134 | AW3: 0.25038762
A4: sensitivityscore_After_layer1.0.conv1_0.6 | B4: 0.062966591 | C4: 0.57065614 | D4: 1 | E4: 0.58982199 | F4: 0.33290845 | G4: -0.027526538 | H4: 0.021753693 | I4: 0.15417832 | J4: 0.33848633 | K4: -0.020350137 | L4: -0.05560591 | M4: 0.13093449 | N4: 0.2729851 | O4: 0.15019165 | P4: 0.15420908 | Q4: -0.17857724 | R4: 0.067730795 | S4: -0.029976102 | T4: -0.1526477 | U4: 0.12895104 | V4: 0.21489681 | W4: -0.14704073 | X4: 0.046941328 | Y4: -0.043178786 | Z4: 0.11102261 | AA4: -0.076734684 | AB4: -0.038841571 | AC4: -0.13066041 | AD4: 0.13456555 | AE4: -0.12144994 | AF4: -0.16639455 | AG4: -0.14200339 | AH4: 0.11964266 | AI4: -0.096561619 | AJ4: -0.15080985 | AK4: -0.18023013 | AL4: 0.031684097 | AM4: -0.063362894 | AN4: 0.036259837 | AO4: 0.073391222 | AP4: -0.2018624 | AQ4: -0.09095535 | AR4: -0.16991136 | AS4: -0.20191894 | AT4: 0.36106232 | AU4: 0.10138024 | AV4: 0.11139509 | AW4: 0.0036613148
A5: sensitivityscore_After_layer1.0.conv1_0.7 | B5: 0.071519705 | C5: 0.19882788 | D5: 0.58982199 | E5: 1 | F5: 0.1509428 | G5: -0.13790728 | H5: 0.024456611 | I5: 0.20164833 | J5: 0.04855825 | K5: 0.20107807 | L5: 0.12770643 | M5: 0.10687771 | N5: 0.37569846 | O5: 0.13548138 | P5: 0.15398166 | Q5: -0.028579461 | R5: 0.13674004 | S5: 0.06275633 | T5: 0.2024901 | U5: 0.26874899 | V5: 0.10353438 | W5: 0.030926091 | X5: 0.10149606 | Y5: 0.11445876 | Z5: 0.111307 | AA5: 0.092420384 | AB5: 0.19625342 | AC5: 0.18046275 | AD5: 0.082789566 | AE5: -0.25569977 | AF5: -0.23903319 | AG5: -0.23736914 | AH5: 0.24242994 | AI5: -0.18530576 | AJ5: -0.15329037 | AK5: -0.24053501 | AL5: 0.010661551 | AM5: 0.05257097 | AN5: 0.15249428 | AO5: 0.1228515 | AP5: -0.1122942 | AQ5: -0.21325732 | AR5: -0.22538818 | AS5: -0.40242609 | AT5: 0.053702465 | AU5: 0.12231074 | AV5: 0.065776058 | AW5: 0.020554543
A6: layer1.0.conv2 | B6: 0.3818846 | C6: 0.22623622 | D6: 0.33290845 | E6: 0.1509428 | F6: 1 | G6: -0.069965789 | H6: -0.063664873 | I6: -0.040919879 | J6: 0.58277998 | K6: -0.10502763 | L6: -0.013191054 | M6: -0.043731231 | N6: 0.053930557 | O6: 0.15626691 | P6: 0.13013818 | Q6: -0.074778955 | R6: 0.033219276 | S6: 0.1793391 | T6: 0.15434475 | U6: 0.33373579 | V6: 0.056332021 | W6: 0.020543223 | X6: 0.070488013 | Y6: 0.022237286 | Z6: -0.11606632 | AA6: -0.030468685 | AB6: -0.076411982 | AC6: -0.054285384 | AD6: -0.12934554 | AE6: -0.1456265 | AF6: -0.16644517 | AG6: -0.014638395 | AH6: 0.22362299 | AI6: -0.22954722 | AJ6: -0.24394663 | AK6: -0.18036582 | AL6: 0.2674402 | AM6: 0.036809488 | AN6: -0.032223087 | AO6: 0.15511178 | AP6: 0.12943014 | AQ6: -0.13798063 | AR6: -0.08526994 | AS6: -0.20572652 | AT6: 0.19490253 | AU6: -0.084732652 | AV6: -0.27255272 | AW6: -0.21323227
A7: sensitivityscore_After_layer1.0.conv2_0.5 | B7: 0.32595443 | C7: -0.088147401 | D7: -0.027526538 | E7: -0.13790728 | F7: -0.069965789 | G7: 1 | H7: 0.70278807 | I7: 0.54361601 | J7: 0.099938336 | K7: 0.029091587 | L7: 0.042301156 | M7: 0.042474087 | N7: -0.4027523 | O7: -0.19083537 | P7: -0.18104504 | Q7: -0.09898701 | R7: -0.18260883 | S7: -0.10994246 | T7: -0.083177785 | U7: -0.12673573 | V7: 0.019829032 | W7: -0.12349423 | X7: -0.029142166 | Y7: -0.016235522 | Z7: 0.077929113 | AA7: 0.16277261 | AB7: 0.2857868 | AC7: 0.27269789 | AD7: 0.046505476 | AE7: 0.16807461 | AF7: 0.18113362 | AG7: -0.17666811 | AH7: -0.16926422 | AI7: -0.11041695 | AJ7: -0.10915409 | AK7: -0.136945 | AL7: -0.11297907 | AM7: -0.14371286 | AN7: -0.14968049 | AO7: -0.36915486 | AP7: 0.16323171 | AQ7: 0.10117967 | AR7: 0.20168059 | AS7: 0.16242432 | AT7: -0.20840594 | AU7: -0.35533555 | AV7: -0.14030824 | AW7: -0.19736653
A8: sensitivityscore_After_layer1.0.conv2_0.6 | B8: 0.21632636 | C8: 0.036986784 | D8: 0.021753693 | E8: 0.024456611 | F8: -0.063664873 | G8: 0.70278807 | H8: 1 | I8: 0.76647388 | J8: 0.026381761 | K8: 0.097987018 | L8: 0.032305455 | M8: 0.078245334 | N8: -0.23823977 | O8: 0.083853933 | P8: 0.071773412 | Q8: -0.14148595 | R8: -0.075164725 | S8: -0.12487148 | T8: -0.051130045 | U8: -0.17910595 | V8: -0.0051808179 | W8: -0.01121476 | X8: -0.082075349 | Y8: -0.024609173 | Z8: 0.11045441 | AA8: 0.12693985 | AB8: 0.055961784 | AC8: 0.030367786 | AD8: 0.11362701 | AE8: 0.08372452 | AF8: 0.14104894 | AG8: -0.1768884 | AH8: -0.08799118 | AI8: -0.059515919 | AJ8: 0.020794983 | AK8: -0.025923523 | AL8: 0.021541487 | AM8: -0.19199959 | AN8: -0.10998294 | AO8: -0.27085694 | AP8: 0.2051426 | AQ8: 0.23914996 | AR8: 0.27086731 | AS8: 0.13541481 | AT8: 0.033704862 | AU8: -0.16466232 | AV8: 0.041567864 | AW8: -0.19215025
A9: sensitivityscore_After_layer1.0.conv2_0.7 | B9: 0.22431245 | C9: 0.039311315 | D9: 0.15417832 | E9: 0.20164833 | F9: -0.040919879 | G9: 0.54361601 | H9: 0.76647388 | I9: 1 | J9: 0.042012184 | K9: 0.11621529 | L9: 0.095492078 | M9: 0.13275417 | N9: -0.29470387 | O9: 0.013306861 | P9: 0.075602086 | Q9: -0.094444256 | R9: -0.12731931 | S9: -0.16920244 | T9: -0.019365919 | U9: -0.15562706 | V9: -0.0086384888 | W9: -0.22026412 | X9: -0.23310214 | Y9: -0.077449411 | Z9: 0.047134292 | AA9: 0.20480229 | AB9: 0.073517283 | AC9: 0.066769913 | AD9: -0.014811795 | AE9: 0.025026384 | AF9: 0.098889394 | AG9: -0.14529857 | AH9: -0.13591489 | AI9: -0.20549949 | AJ9: -0.11264149 | AK9: -0.14890988 | AL9: -0.21907257 | AM9: -0.020389057 | AN9: 0.077691449 | AO9: -0.092201398 | AP9: 0.034698666 | AQ9: 0.20054139 | AR9: 0.15634761 | AS9: 0.028249256 | AT9: -0.089755195 | AU9: -0.13269659 | AV9: 0.077125502 | AW9: -0.19213642
A10: layer1.0.conv3 | B10: 0.37877908 | C10: 0.19218901 | D10: 0.33848633 | E10: 0.04855825 | F10: 0.58277998 | G10: 0.099938336 | H10: 0.026381761 | I10: 0.042012184 | J10: 1 | K10: 0.060350846 | L10: 0.13150162 | M10: -0.031982798 | N10: -0.0064015073 | O10: 0.15593524 | P10: 0.10649734 | Q10: -0.026589498 | R10: 0.0050613747 | S10: 0.13404 | T10: 0.23727113 | U10: 0.075533699 | V10: 0.011600207 | W10: -0.28334499 | X10: -0.1610551 | Y10: -0.22905931 | Z10: -0.15360371 | AA10: -0.026115639 | AB10: -0.10165743 | AC10: -0.073444735 | AD10: -0.17821465 | AE10: -0.088160049 | AF10: -0.12495261 | AG10: -0.070007057 | AH10: -0.11493951 | AI10: -0.22634134 | AJ10: -0.26452084 | AK10: -0.26122113 | AL10: 0.1422942 | AM10: 0.18756204 | AN10: 0.11896988 | AO10: 0.27942595 | AP10: 0.043938763 | AQ10: -0.18981699 | AR10: -0.12866857 | AS10: -0.1003828 | AT10: 0.068980117 | AU10: -0.25033262 | AV10: -0.2831102 | AW10: -0.39206924
A11: sensitivityscore_After_layer1.0.conv3_0.5 | B11: -0.013907182 | C11: -0.00044454438 | D11: -0.020350137 | E11: 0.20107807 | F11: -0.10502763 | G11: 0.029091587 | H11: 0.097987018 | I11: 0.11621529 | J11: 0.060350846 | K11: 1 | L11: 0.7871267 | M11: 0.700607 | N11: 0.084747742 | O11: -0.015905557 | P11: -0.047290663 | Q11: 0.15821702 | R11: 0.13870511 | S11: -0.13843204 | T11: -0.027812419 | U11: -0.21591611 | V11: -0.18510987 | W11: -0.20325069 | X11: -0.3643129 | Y11: -0.23960203 | Z11: -0.1300462 | AA11: 0.054876947 | AB11: -0.18137213 | AC11: 0.041558611 | AD11: -0.28114814 | AE11: -0.042137714 | AF11: 0.19642491 | AG11: 0.21202981 | AH11: -0.02664582 | AI11: 0.11168901 | AJ11: 0.0076922091 | AK11: 0.050571151 | AL11: -0.072143273 | AM11: 0.29990637 | AN11: 0.10511779 | AO11: 0.21523077 | AP11: 0.087921682 | AQ11: -0.0060420471 | AR11: -0.089201886 | AS11: -0.21509988 | AT11: -0.27384554 | AU11: 0.074801537 | AV11: 0.031227447 | AW11: -0.016422708
A12: sensitivityscore_After_layer1.0.conv3_0.6 | B12: 0.041257122 | C12: -0.17801432 | D12: -0.05560591 | E12: 0.12770643 | F12: -0.013191054 | G12: 0.042301156 | H12: 0.032305455 | I12: 0.095492078 | J12: 0.13150162 | K12: 0.7871267 | L12: 1 | M12: 0.77920361 | N12: 0.0035330119 | O12: -0.18202748 | P12: -0.060951595 | Q12: 0.05132561 | R12: 0.012019914 | S12: 0.025913955 | T12: 0.10980652 | U12: -0.14792448 | V12: -0.24363482 | W12: -0.27432921 | X12: -0.29050107 | Y12: -0.22601172 | Z12: -0.34911696 | AA12: -0.033393554 | AB12: -0.2516719 | AC12: -0.11869355 | AD12: -0.40859954 | AE12: -0.055944245 | AF12: 0.25871292 | AG12: 0.11514861 | AH12: -0.11454601 | AI12: -0.096349948 | AJ12: -0.17263594 | AK12: -0.094517379 | AL12: -0.10695348 | AM12: 0.25128875 | AN12: 0.017263961 | AO12: 0.012349711 | AP12: -0.0032380808 | AQ12: -0.068171156 | AR12: -0.11820463 | AS12: -0.21024934 | AT12: -0.1919904 | AU12: -0.11853149 | AV12: -0.16015309 | AW12: -0.054398402
A13: sensitivityscore_After_layer1.0.conv3_0.7 | B13: -0.049499585 | C13: 0.049078907 | D13: 0.13093449 | E13: 0.10687771 | F13: -0.043731231 | G13: 0.042474087 | H13: 0.078245334 | I13: 0.13275417 | J13: -0.031982798 | K13: 0.700607 | L13: 0.77920361 | M13: 1 | N13: -0.095903602 | O13: -0.29392042 | P13: -0.17500779 | Q13: -0.086660896 | R13: -0.15131633 | S13: -0.096307212 | T13: -0.11047868 | U13: -0.13026917 | V13: -0.31108338 | W13: -0.35624852 | X13: -0.39580538 | Y13: -0.33557603 | Z13: -0.30711057 | AA13: -0.066836694 | AB13: -0.28183963 | AC13: -0.15946776 | AD13: -0.38729761 | AE13: -0.051174737 | AF13: 0.17558163 | AG13: 0.10257368 | AH13: -0.097200684 | AI13: -0.094126585 | AJ13: -0.14013002 | AK13: -0.02894175 | AL13: -0.18763815 | AM13: 0.1268679 | AN13: -0.099551821 | AO13: 0.015298211 | AP13: -0.11373274 | AQ13: -0.078090171 | AR13: -0.19756793 | AS13: -0.23611611 | AT13: -0.11300591 | AU13: -0.13236575 | AV13: -0.062278555 | AW13: -0.010623535
... A49: sensitivityscore_After_layer4.2.conv3_0.7 | B49: -0.37060628 | C49: 0.25038762 | D49: 0.0036613148 | E49: 0.020554543 | F49: -0.21323227 | G49: -0.19736653 | H49: -0.19215025 | I49: -0.19213642 | J49: -0.39206924 | K49: -0.016422708 | L49: -0.054398402 | M49: -0.010623535 | N49: -0.0066650811 | O49: -0.09874836 | P49: -0.22509598 | Q49: -0.15372502 | R49: -0.057373933 | S49: -0.13023531 | T49: -0.34331132 | U49: -0.0010336717 | V49: -0.20057956 | W49: 0.16815904 | X49: 0.23638667 | Y49: 0.23635247 | Z49: -0.088804432 | AA49: -0.31157085 | AB49: -0.1702422 | AC49: -0.18597687 | AD49: -0.036205561 | AE49: 0.10554434 | AF49: -0.017113355 | AG49: -0.063779396 | AH49: 0.23825222 | AI49: 0.13592327 | AJ49: 0.10629545 | AK49: 0.057157996 | AL49: -0.041595651 | AM49: -0.13574307 | AN49: -0.17482362 | AO49: -0.20894581 | AP49: -0.19890371 | AQ49: 0.031407966 | AR49: -0.02015147 | AS49: 0.056561421 | AT49: 0.26712933 | AU49: 0.5850357 | AV49: 0.44236382 | AW49: 1

Sheet Class_1
B1: layer1.0.conv1 | C1: sensitivityscore_After_layer1.0.conv1_0.5 | D1: sensitivityscore_After_layer1.0.conv1_0.6 | E1: sensitivityscore_After_layer1.0.conv1_0.7 | F1: layer1.0.conv2 | G1: sensitivityscore_After_layer1.0.conv2_0.5 | H1: sensitivityscore_After_layer1.0.conv2_0.6 | I1: sensitivityscore_After_layer1.0.conv2_0.7 | J1: layer1.0.conv3 | K1: sensitivityscore_After_layer1.0.conv3_0.5 | L1: sensitivityscore_After_layer1.0.conv3_0.6 | M1: sensitivityscore_After_layer1.0.conv3_0.7 | N1: layer4.0.conv1 | O1: sensitivityscore_After_layer4.0.conv1_0.5 | P1: sensitivityscore_After_layer4.0.conv1_0.6 | Q1: sensitivityscore_After_layer4.0.conv1_0.7 | R1: layer4.0.conv2 | S1: sensitivityscore_After_layer4.0.conv2_0.5 | T1: sensitivityscore_After_layer4.0.conv2_0.6 | U1: sensitivityscore_After_layer4.0.conv2_0.7 | V1: layer4.0.conv3 | W1: sensitivityscore_After_layer4.0.conv3_0.5 | X1: sensitivityscore_After_layer4.0.conv3_0.6 | Y1: sensitivityscore_After_layer4.0.conv3_0.7 | Z1: layer4.1.conv1 | AA1: sensitivityscore_After_layer4.1.conv1_0.5 | AB1: sensitivityscore_After_layer4.1.conv1_0.6 | AC1: sensitivityscore_After_layer4.1.conv1_0.7 | AD1: layer4.1.conv2 | AE1: sensitivityscore_After_layer4.1.conv2_0.5 | AF1: sensitivityscore_After_layer4.1.conv2_0.6 | AG1: sensitivityscore_After_layer4.1.conv2_0.7 | AH1: layer4.1.conv3 | AI1: sensitivityscore_After_layer4.1.conv3_0.5 | AJ1: sensitivityscore_After_layer4.1.conv3_0.6 | AK1: sensitivityscore_After_layer4.1.conv3_0.7 | AL1: layer4.2.conv1 | AM1: sensitivityscore_After_layer4.2.conv1_0.5 | AN1: sensitivityscore_After_layer4.2.conv1_0.6 | AO1: sensitivityscore_After_layer4.2.conv1_0.7 | AP1: layer4.2.conv2 | AQ1: sensitivityscore_After_layer4.2.conv2_0.5 | AR1: sensitivityscore_After_layer4.2.conv2_0.6 | AS1: sensitivityscore_After_layer4.2.conv2_0.7 | AT1: layer4.2.conv3 | AU1: sensitivityscore_After_layer4.2.conv3_0.5 | AV1: sensitivityscore_After_layer4.2.conv3_0.6 | AW1: sensitivityscore_After_layer4.2.conv3_0.7
A2: layer1.0.conv1 | B2: 1 | C2: -0.0030305802 | D2: 0.10873134 | E2: -0.055558976 | F2: 0.62595353 | G2: 0.21137102 | H2: 0.35472314 | I2: 0.26220418 | J2: 0.62678636 | K2: 0.15625405 | L2: 0.26595823 | M2: -0.0014512559 | N2: 0.13843952 | O2: -0.077495998 | P2: -0.089839535 | Q2: -0.16338297 | R2: -0.079605415 | S2: 0.049285354 | T2: -0.00018350506 | U2: -0.095862688 | V2: -0.073233113 | W2: -0.24294536 | X2: -0.40963605 | Y2: -0.28510134 | Z2: -0.03363474 | AA2: -0.10716781 | AB2: -0.091095879 | AC2: -0.13959919 | AD2: -0.14066422 | AE2: -0.17858046 | AF2: -0.11210055 | AG2: -0.019848705 | AH2: 0.017943931 | AI2: 0.05881078 | AJ2: -0.084919624 | AK2: -0.091813039 | AL2: 0.016225398 | AM2: -0.034158113 | AN2: -0.10723868 | AO2: -0.086570859 | AP2: 0.013605392 | AQ2: -0.16319327 | AR2: -0.16683552 | AS2: -0.17479823 | AT2: 0.11789524 | AU2: -0.28795836 | AV2: -0.32301486 | AW2: -0.26562001
A3: sensitivityscore_After_layer1.0.conv1_0.5 | B3: -0.0030305802 | C3: 1 | D3: 0.18211428 | E3: 0.091452681 | F3: -0.17244298 | G3: -0.039792393 | H3: 0.032850335 | I3: 0.17550432 | J3: -0.21871101 | K3: 0.2291854 | L3: 0.16479727 | M3: 0.32390135 | N3: -0.21028488 | O3: -0.16245846 | P3: -0.20547936 | Q3: 0.019522994 | R3: -0.14575938 | S3: 0.20185599 | T3: 0.16245365 | U3: -0.013845209 | V3: -0.3584541 | W3: -0.20559645 | X3: 0.0098089295 | Y3: -0.20034073 | Z3: -0.22711891 | AA3: -0.033017404 | AB3: 0.088628632 | AC3: 0.22669008 | AD3: -0.33061403 | AE3: -0.070138967 | AF3: 0.10683944 | AG3: 0.19743409 | AH3: -0.33491995 | AI3: -0.051214818 | AJ3: -0.082766855 | AK3: -0.05118698 | AL3: -0.2401239 | AM3: -0.31495408 | AN3: -0.30268237 | AO3: -0.33306037 | AP3: -0.095197199 | AQ3: 0.001991647 | AR3: -0.23177052 | AS3: -0.089383177 | AT3: -0.06018728 | AU3: -0.068617997 | AV3: -0.079612841 | AW3: 0.061661235
A4: sensitivityscore_After_layer1.0.conv1_0.6 | B4: 0.10873134 | C4: 0.18211428 | D4: 1 | E4: 0.56324459 | F4: 0.022887701 | G4: -0.065326435 | H4: 0.065040015 | I4: 0.083668468 | J4: 0.016386322 | K4: -0.037976676 | L4: 0.098482774 | M4: 0.1118354 | N4: -0.066910938 | O4: -0.31799489 | P4: -0.22125776 | Q4: -0.18066927 | R4: -0.1491309 | S4: -0.20294262 | T4: -0.12065059 | U4: -0.26799562 | V4: -0.041199252 | W4: -0.11476759 | X4: -0.072562899 | Y4: -0.046721944 | Z4: -0.060954406 | AA4: -0.29010425 | AB4: -0.23971294 | AC4: -0.2065484 | AD4: -0.055605918 | AE4: -0.034977369 | AF4: -0.09775926 | AG4: -0.059072103 | AH4: -0.046512908 | AI4: -0.1341497 | AJ4: -0.1680947 | AK4: -0.20501091 | AL4: 0.04247244 | AM4: -0.054674082 | AN4: -0.095016958 | AO4: -0.064569112 | AP4: 0.025478186 | AQ4: -0.14174235 | AR4: -0.035712533 | AS4: -0.11808531 | AT4: -0.066228166 | AU4: -0.019037755 | AV4: -0.028138911 | AW4: -0.063965514
A5: sensitivityscore_After_layer1.0.conv1_0.7 | B5: -0.055558976 | C5: 0.091452681 | D5: 0.56324459 | E5: 1 | F5: -0.18095189 | G5: -0.010934566 | H5: -0.143446 | I5: -0.10603199 | J5: -0.13193895 | K5: 0.026147274 | L5: 0.099055562 | M5: 0.11509934 | N5: -0.1548956 | O5: -0.18325857 | P5: -0.084879245 | Q5: -0.14115214 | R5: -0.040539582 | S5: -0.19134469 | T5: -0.030980917 | U5: -0.10112326 | V5: 0.1321408 | W5: -0.025753801 | X5: 0.074314454 | Y5: -0.10118873 | Z5: 0.015869678 | AA5: -0.1502332 | AB5: -0.079891629 | AC5: -0.10804805 | AD5: 0.024223175 | AE5: -0.3885713 | AF5: -0.41490591 | AG5: -0.42606038 | AH5: -0.035849581 | AI5: -0.075804154 | AJ5: -0.084827054 | AK5: -0.15760735 | AL5: 0.016672084 | AM5: -0.065169355 | AN5: -0.23065979 | AO5: -0.16392016 | AP5: 0.12654919 | AQ5: -0.0015981836 | AR5: 0.10119737 | AS5: 0.02242677 | AT5: 0.17371665 | AU5: 0.063059986 | AV5: 0.14352442 | AW5: 0.046567631
A6: layer1.0.conv2 | B6: 0.62595353 | C6: -0.17244298 | D6: 0.022887701 | E6: -0.18095189 | F6: 1 | G6: 0.14656518 | H6: 0.22896409 | I6: 0.0350623 | J6: 0.80724195 | K6: -0.019997957 | L6: -0.01395248 | M6: -0.23489721 | N6: -0.033756764 | O6: -0.076066789 | P6: -0.053461268 | Q6: -0.15947689 | R6: -0.13007652 | S6: 0.12510185 | T6: 0.095427311 | U6: -0.065076191 | V6: 0.0081907124 | W6: -0.12285466 | X6: -0.24608807 | Y6: -0.1165921 | Z6: 0.043215743 | AA6: 0.080277245 | AB6: -0.11123716 | AC6: 0.065353592 | AD6: -0.037819876 | AE6: -0.099795838 | AF6: 0.069322178 | AG6: 0.023937671 | AH6: 0.20298825 | AI6: 0.00034825103 | AJ6: -0.025130182 | AK6: -0.092026864 | AL6: 0.010034713 | AM6: -0.14530373 | AN6: -0.18162615 | AO6: -0.038229367 | AP6: -0.012652725 | AQ6: -0.21087272 | AR6: -0.21411468 | AS6: -0.26762478 | AT6: -0.028858714 | AU6: -0.16907446 | AV6: -0.23570919 | AW6: -0.17085014
A7: sensitivityscore_After_layer1.0.conv2_0.5 | B7: 0.21137102 | C7: -0.039792393 | D7: -0.065326435 | E7: -0.010934566 | F7: 0.14656518 | G7: 1 | H7: 0.70501019 | I7: 0.46306627 | J7: 0.31650789 | K7: 0.084411514 | L7: 0.37921648 | M7: 0.10359761 | N7: -0.0050930665 | O7: -0.18375346 | P7: -0.26519707 | Q7: -0.3149752 | R7: -0.10717887 | S7: 0.33953902 | T7: 0.36151486 | U7: 0.12784917 | V7: -0.12655437 | W7: -0.058050811 | X7: -0.27993942 | Y7: -0.017620792 | Z7: 0.088092543 | AA7: -0.088378085 | AB7: 0.022945002 | AC7: -0.047536752 | AD7: -0.1441233 | AE7: -0.26251846 | AF7: -0.31179502 | AG7: -0.11206105 | AH7: -0.15010237 | AI7: 0.083826985 | AJ7: -0.083954037 | AK7: -0.034142296 | AL7: -0.022563503 | AM7: 0.085336883 | AN7: 0.11037262 | AO7: 0.18187342 | AP7: 0.10627998 | AQ7: -0.049046219 | AR7: 0.18633916 | AS7: 0.19083886 | AT7: 0.27636701 | AU7: -0.40306925 | AV7: -0.29075675 | AW7: -0.2772861
A8: sensitivityscore_After_layer1.0.conv2_0.6 | B8: 0.35472314 | C8: 0.032850335 | D8: 0.065040015 | E8: -0.143446 | F8: 0.22896409 | G8: 0.70501019 | H8: 1 | I8: 0.66331241 | J8: 0.29051557 | K8: 0.18603607 | L8: 0.35833708 | M8: 0.10452044 | N8: 0.080887367 | O8: -0.043778152 | P8: -0.18529488 | Q8: -0.14835302 | R8: 0.061792447 | S8: 0.18778373 | T8: 0.38012483 | U8: 0.01703595 | V8: -0.09557951 | W8: 0.00035710866 | X8: -0.13813206 | Y8: 0.11867417 | Z8: 0.10473321 | AA8: 0.0028689102 | AB8: 0.045799285 | AC8: 0.010914442 | AD8: -0.1267951 | AE8: -0.062246926 | AF8: -0.058983941 | AG8: -0.007705458 | AH8: -0.02323743 | AI8: 0.27214835 | AJ8: 0.16598264 | AK8: 0.17045171 | AL8: -0.050713092 | AM8: 0.033470914 | AN8: 0.075774437 | AO8: 0.12539209 | AP8: 0.025431699 | AQ8: -0.087101523 | AR8: 0.098603775 | AS8: 0.15718997 | AT8: 0.2650492 | AU8: -0.37074684 | AV8: -0.26335109 | AW8: -0.30600266
A9: sensitivityscore_After_layer1.0.conv2_0.7 | B9: 0.26220418 | C9: 0.17550432 | D9: 0.083668468 | E9: -0.10603199 | F9: 0.0350623 | G9: 0.46306627 | H9: 0.66331241 | I9: 1 | J9: 0.1589323 | K9: 0.29530174 | L9: 0.32157101 | M9: 0.22466091 | N9: 0.010515349 | O9: -0.25597022 | P9: -0.15786294 | Q9: -0.27825869 | R9: 0.09716307 | S9: 0.18307244 | T9: 0.33880509 | U9: -0.015426034 | V9: -0.1497102 | W9: 0.042208432 | X9: -0.0088709938 | Y9: 0.10598086 | Z9: -0.11413289 | AA9: 0.02913935 | AB9: 0.20793996 | AC9: -0.091555021 | AD9: -0.17865276 | AE9: 0.14961422 | AF9: 0.015257537 | AG9: 0.11358999 | AH9: -0.16874266 | AI9: 0.071992479 | AJ9: 0.022655956 | AK9: 0.015269522 | AL9: -0.10074164 | AM9: 0.015950795 | AN9: 0.045935349 | AO9: 0.077079536 | AP9: -0.022459174 | AQ9: -0.0021088959 | AR9: 0.099586003 | AS9: -0.0073635848 | AT9: 0.17416552 | AU9: -0.31215427 | AV9: -0.16688991 | AW9: -0.25837036
A10: layer1.0.conv3 | B10: 0.62678636 | C10: -0.21871101 | D10: 0.016386322 | E10: -0.13193895 | F10: 0.80724195 | G10: 0.31650789 | H10: 0.29051557 | I10: 0.1589323 | J10: 1 | K10: 0.059532177 | L10: 0.096308115 | M10: -0.18545838 | N10: -0.021789691 | O10: -0.21042981 | P10: -0.20447656 | Q10: -0.29960306 | R10: -0.13951368 | S10: 0.28520472 | T10: 0.26830875 | U10: 0.016018163 | V10: 0.098577957 | W10: -0.23878906 | X10: -0.44291819 | Y10: -0.2532439 | Z10: 0.11572821 | AA10: 0.12944046 | AB10: -0.091810345 | AC10: 0.086157434 | AD10: 0.017885262 | AE10: -0.14782613 | AF10: -0.088174819 | AG10: -0.090518742 | AH10: 0.19489957 | AI10: -0.072705024 | AJ10: -0.1331736 | AK10: -0.19940055 | AL10: 0.17289655 | AM10: -0.088602901 | AN10: -0.12051942 | AO10: -0.00046652351 | AP10: 0.17111694 | AQ10: -0.09391872 | AR10: -0.075150054 | AS10: -0.12511163 | AT10: 0.093335685 | AU10: -0.27945316 | AV10: -0.26340099 | AW10: -0.23367826
A11: sensitivityscore_After_layer1.0.conv3_0.5 | B11: 0.15625405 | C11: 0.2291854 | D11: -0.037976676 | E11: 0.026147274 | F11: -0.019997957 | G11: 0.084411514 | H11: 0.18603607 | I11: 0.29530174 | J11: 0.059532177 | K11: 1 | L11: 0.69072502 | M11: 0.55558452 | N11: -0.35918116 | O11: -0.3176712 | P11: -0.46897204 | Q11: -0.15687842 | R11: -0.41086896 | S11: -0.1209497 | T11: -0.034827862 | U11: -0.17097772 | V11: -0.29774061 | W11: -0.19450158 | X11: -0.17992219 | Y11: -0.10202566 | Z11: -0.29847234 | AA11: 0.12740755 | AB11: 0.075843689 | AC11: 0.044444824 | AD11: -0.32308476 | AE11: -0.17840996 | AF11: -0.26085247 | AG11: -0.17335937 | AH11: 0.019044482 | AI11: 0.012671338 | AJ11: -0.069849837 | AK11: -0.052028136 | AL11: -0.041086615 | AM11: -0.076888754 | AN11: -0.12526718 | AO11: -0.17951418 | AP11: 0.075977619 | AQ11: 0.14192906 | AR11: 0.11395503 | AS11: 0.066616835 | AT11: -0.0092350356 | AU11: -0.33529161 | AV11: -0.23334978 | AW11: -0.18177394
A12: sensitivityscore_After_layer1.0.conv3_0.6 | B12: 0.26595823 | C12: 0.16479727 | D12: 0.098482774 | E12: 0.099055562 | F12: -0.01395248 | G12: 0.37921648 | H12: 0.35833708 | I12: 0.32157101 | J12: 0.096308115 | K12: 0.69072502 | L12: 1 | M12: 0.62312296 | N12: -0.23557216 | O12: -0.40159108 | P12: -0.54497475 | Q12: -0.3592462 | R12: -0.35145964 | S12: 0.028724457 | T12: -0.049652297 | U12: -0.15106029 | V12: -0.40600735 | W12: -0.24332897 | X12: -0.24625317 | Y12: -0.093662156 | Z12: -0.21733293 | AA12: -0.13756759 | AB12: -0.092085993 | AC12: -0.10128869 | AD12: -0.4301494 | AE12: -0.35341424 | AF12: -0.49359101 | AG12: -0.32536591 | AH12: -0.15652072 | AI12: -0.1416634 | AJ12: -0.30676189 | AK12: -0.25018665 | AL12: -0.057258515 | AM12: 0.042879352 | AN12: -0.050874136 | AO12: -0.030610663 | AP12: 0.058857083 | AQ12: 0.013408574 | AR12: 0.14471322 | AS12: 0.10368222 | AT12: 0.15606343 | AU12: -0.34622477 | AV12: -0.3113646 | AW12: -0.26700021
A13: sensitivityscore_After_layer1.0.conv3_0.7 | B13: -0.0014512559 | C13: 0.32390135 | D13: 0.1118354 | E13: 0.11509934 | F13: -0.23489721 | G13: 0.10359761 | H13: 0.10452044 | I13: 0.22466091 | J13: -0.18545838 | K13: 0.55558452 | L13: 0.62312296 | M13: 1 | N13: -0.3294966 | O13: -0.3545819 | P13: -0.54551566 | Q13: -0.35997893 | R13: -0.24617064 | S13: -0.10655481 | T13: -0.079185741 | U13: -0.13269238 | V13: -0.24409111 | W13: -0.28673608 | X13: -0.19438129 | Y13: -0.087382789 | Z13: -0.23497592 | AA13: -0.1208049 | AB13: -0.035788174 | AC13: -0.16414482 | AD13: -0.23617462 | AE13: -0.12981065 | AF13: -0.26505064 | AG13: -0.074488296 | AH13: -0.18596269 | AI13: -0.23779243 | AJ13: -0.26079759 | AK13: -0.26268563 | AL13: -0.15108512 | AM13: -0.083289447 | AN13: -0.14568653 | AO13: -0.17312115 | AP13: -0.11212614 | AQ13: 0.022167204 | AR13: 0.14602023 | AS13: 0.08033462 | AT13: -0.0089376799 | AU13: -0.27431196 | AV13: -0.14804191 | AW13: -0.27620125
... A49: sensitivityscore_After_layer4.2.conv3_0.7 | B49: -0.26562001 | C49: 0.061661235 | D49: -0.063965514 | E49: 0.046567631 | F49: -0.17085014 | G49: -0.2772861 | H49: -0.30600266 | I49: -0.25837036 | J49: -0.23367826 | K49: -0.18177394 | L49: -0.26700021 | M49: -0.27620125 | N49: 0.22521033 | O49: 0.072272385 | P49: 0.34982487 | Q49: 0.3036432 | R49: 0.2199112 | S49: 0.091688379 | T49: -0.071335005 | U49: 0.096903437 | V49: 0.1992647 | W49: -0.0024395652 | X49: 0.17867715 | Y49: -0.11763058 | Z49: 0.21949408 | AA49: 0.41497463 | AB49: 0.23074529 | AC49: 0.38401144 | AD49: 0.31213268 | AE49: 0.10388261 | AF49: 0.23795413 | AG49: 0.044796402 | AH49: -0.067146562 | AI49: 0.13481535 | AJ49: 0.08580953 | AK49: 0.055174242 | AL49: -0.070915728 | AM49: -0.096753548 | AN49: 0.027589327 | AO49: -0.096054556 | AP49: -0.034820319 | AQ49: 0.13589942 | AR49: -0.13191935 | AS49: -0.077821595 | AT49: -0.065069345 | AU49: 0.73893938 | AV49: 0.70020303 | AW49: 1

Sheet Class_2
B1: layer1.0.conv1 | C1: sensitivityscore_After_layer1.0.conv1_0.5 | D1: sensitivityscore_After_layer1.0.conv1_0.6 | E1: sensitivityscore_After_layer1.0.conv1_0.7 | F1: layer1.0.conv2 | G1: sensitivityscore_After_layer1.0.conv2_0.5 | H1: sensitivityscore_After_layer1.0.conv2_0.6 | I1: sensitivityscore_After_layer1.0.conv2_0.7 | J1: layer1.0.conv3 | K1: sensitivityscore_After_layer1.0.conv3_0.5 | L1: sensitivityscore_After_layer1.0.conv3_0.6 | M1: sensitivityscore_After_layer1.0.conv3_0.7 | N1: layer4.0.conv1 | O1: sensitivityscore_After_layer4.0.conv1_0.5 | P1: sensitivityscore_After_layer4.0.conv1_0.6 | Q1: sensitivityscore_After_layer4.0.conv1_0.7 | R1: layer4.0.conv2 | S1: sensitivityscore_After_layer4.0.conv2_0.5 | T1: sensitivityscore_After_layer4.0.conv2_0.6 | U1: sensitivityscore_After_layer4.0.conv2_0.7 | V1: layer4.0.conv3 | W1: sensitivityscore_After_layer4.0.conv3_0.5 | X1: sensitivityscore_After_layer4.0.conv3_0.6 | Y1: sensitivityscore_After_layer4.0.conv3_0.7 | Z1: layer4.1.conv1 | AA1: sensitivityscore_After_layer4.1.conv1_0.5 | AB1: sensitivityscore_After_layer4.1.conv1_0.6 | AC1: sensitivityscore_After_layer4.1.conv1_0.7 | AD1: layer4.1.conv2 | AE1: sensitivityscore_After_layer4.1.conv2_0.5 | AF1: sensitivityscore_After_layer4.1.conv2_0.6 | AG1: sensitivityscore_After_layer4.1.conv2_0.7 | AH1: layer4.1.conv3 | AI1: sensitivityscore_After_layer4.1.conv3_0.5 | AJ1: sensitivityscore_After_layer4.1.conv3_0.6 | AK1: sensitivityscore_After_layer4.1.conv3_0.7 | AL1: layer4.2.conv1 | AM1: sensitivityscore_After_layer4.2.conv1_0.5 | AN1: sensitivityscore_After_layer4.2.conv1_0.6 | AO1: sensitivityscore_After_layer4.2.conv1_0.7 | AP1: layer4.2.conv2 | AQ1: sensitivityscore_After_layer4.2.conv2_0.5 | AR1: sensitivityscore_After_layer4.2.conv2_0.6 | AS1: sensitivityscore_After_layer4.2.conv2_0.7 | AT1: layer4.2.conv3 | AU1: sensitivityscore_After_layer4.2.conv3_0.5 | AV1: sensitivityscore_After_layer4.2.conv3_0.6 | AW1: sensitivityscore_After_layer4.2.conv3_0.7
A2: layer1.0.conv1 | B2: 1 | C2: 0.39366671 | D2: -0.21155252 | E2: -0.080859245 | F2: 0.59379695 | G2: -0.057700712 | H2: -0.17733801 | I2: -0.065822777 | J2: 0.44645718 | K2: -0.26255315 | L2: -0.11951162 | M2: 0.031312827 | N2: 0.15278325 | O2: -0.051060905 | P2: -0.033883587 | Q2: -0.15270962 | R2: -0.016537455 | S2: 0.011908516 | T2: 0.022693194 | U2: 0.1469718 | V2: 0.16470714 | W2: 0.28465509 | X2: 0.2561067 | Y2: 0.27480862 | Z2: 0.14943104 | AA2: 0.018732972 | AB2: -0.01989313 | AC2: -0.017859778 | AD2: 0.084389284 | AE2: 0.053966426 | AF2: 0.0090985306 | AG2: 0.038167869 | AH2: 0.19878991 | AI2: 0.061358012 | AJ2: 0.053716596 | AK2: 0.11748131 | AL2: 0.055961814 | AM2: -0.017541936 | AN2: -0.033716604 | AO2: -0.11953184 | AP2: 0.19728743 | AQ2: 0.1359433 | AR2: 0.2025668 | AS2: 0.10361031 | AT2: 0.048169968 | AU2: 0.10990253 | AV2: 0.058196488 | AW2: 0.097405589
A3: sensitivityscore_After_layer1.0.conv1_0.5 | B3: 0.39366671 | C3: 1 | D3: -0.050432408 | E3: -0.063570176 | F3: 0.18961401 | G3: -0.19795513 | H3: -0.22654682 | I3: -0.077638758 | J3: 0.13748274 | K3: 0.0023056377 | L3: 0.10059945 | M3: 0.13540086 | N3: 0.14626938 | O3: -0.046999251 | P3: 0.0029508941 | Q3: -0.1303018 | R3: 0.06854709 | S3: 0.15230227 | T3: -0.041183971 | U3: 0.092099805 | V3: 0.026222514 | W3: 0.17733028 | X3: 0.20772723 | Y3: 0.1847428 | Z3: 0.0078909589 | AA3: 0.023560644 | AB3: 0.063305161 | AC3: -0.017292236 | AD3: 0.020492324 | AE3: 0.092569755 | AF3: 0.11693735 | AG3: -0.030427378 | AH3: 0.098648016 | AI3: -0.049915013 | AJ3: -0.2258869 | AK3: -0.13350198 | AL3: -0.043217301 | AM3: -0.019082644 | AN3: -0.024472073 | AO3: 0.017531993 | AP3: -0.031433636 | AQ3: 0.0015505701 | AR3: 0.050827913 | AS3: 0.039380197 | AT3: 0.1219089 | AU3: 0.023894651 | AV3: 0.0015470393 | AW3: 0.090759066
A4: sensitivityscore_After_layer1.0.conv1_0.6 | B4: -0.21155252 | C4: -0.050432408 | D4: 1 | E4: 0.42694187 | F4: -0.16649629 | G4: 0.2628912 | H4: 0.25575846 | I4: 0.14121427 | J4: 0.064461112 | K4: 0.18830985 | L4: 0.073585565 | M4: -0.093126673 | N4: -0.032847717 | O4: 0.15984985 | P4: 0.041055779 | Q4: -0.027177096 | R4: 0.21735256 | S4: 0.0029947818 | T4: -0.26455533 | U4: -0.0051587029 | V4: 0.066594283 | W4: -0.10683631 | X4: -0.048998489 | Y4: -0.013166511 | Z4: 0.067903875 | AA4: -0.12725507 | AB4: -0.049608805 | AC4: -0.011859607 | AD4: -0.033230543 | AE4: -0.11484412 | AF4: -0.085727187 | AG4: -0.27253247 | AH4: 0.025027794 | AI4: -0.022246271 | AJ4: -0.022334218 | AK4: 0.14782344 | AL4: -0.19606926 | AM4: 0.010469158 | AN4: -0.02138765 | AO4: -0.05023409 | AP4: 0.087239875 | AQ4: 0.10552676 | AR4: 0.022289032 | AS4: 0.08447533 | AT4: -0.024449389 | AU4: 0.075382025 | AV4: 0.013180271 | AW4: 0.030087583
A5: sensitivityscore_After_layer1.0.conv1_0.7 | B5: -0.080859245 | C5: -0.063570176 | D5: 0.42694187 | E5: 1 | F5: -0.093254854 | G5: -0.17079814 | H5: -0.22310891 | I5: -0.15800444 | J5: 0.18267737 | K5: -0.14907615 | L5: -0.16165068 | M5: -0.12709216 | N5: 0.06657265 | O5: -0.057780758 | P5: 0.038514799 | Q5: 0.0037679618 | R5: -0.17024498 | S5: 0.016487118 | T5: -0.14545964 | U5: -0.16856247 | V5: 0.076520198 | W5: 0.039756175 | X5: -0.0096166566 | Y5: -0.053532798 | Z5: 0.23169884 | AA5: -0.12407104 | AB5: -0.10259951 | AC5: 0.00011801898 | AD5: 0.24768735 | AE5: -0.27710083 | AF5: -0.30852137 | AG5: -0.16287564 | AH5: 0.1357588 | AI5: -0.20713798 | AJ5: -0.25194912 | AK5: -0.072861507 | AL5: -0.25835711 | AM5: -0.098761034 | AN5: -0.18461531 | AO5: -0.24998958 | AP5: -0.01721986 | AQ5: -0.083436935 | AR5: -0.074638982 | AS5: -0.068259837 | AT5: -0.15138436 | AU5: 0.052108687 | AV5: -0.12568679 | AW5: -0.091949973
A6: layer1.0.conv2 | B6: 0.59379695 | C6: 0.18961401 | D6: -0.16649629 | E6: -0.093254854 | F6: 1 | G6: 0.035479366 | H6: -0.00040545172 | I6: -0.0060014775 | J6: 0.44719518 | K6: -0.12496664 | L6: -0.015189735 | M6: 0.13595615 | N6: 0.31588337 | O6: -0.019819368 | P6: 0.055547065 | Q6: -0.055379503 | R6: 0.202083 | S6: -0.054606273 | T6: -0.0093047281 | U6: -0.13716571 | V6: 0.28703656 | W6: 0.30409786 | X6: 0.36405327 | Y6: 0.36029967 | Z6: 0.14458171 | AA6: -0.02242076 | AB6: 0.0067762814 | AC6: 0.022347794 | AD6: 0.26371982 | AE6: -0.017060569 | AF6: -0.017072506 | AG6: -0.076194475 | AH6: 0.34363923 | AI6: 0.36001096 | AJ6: 0.36106042 | AK6: 0.35781103 | AL6: 0.30292275 | AM6: -0.0033832527 | AN6: 0.075848447 | AO6: -0.060591113 | AP6: 0.44490024 | AQ6: -0.096013103 | AR6: 0.051460139 | AS6: -0.056006633 | AT6: 0.41864626 | AU6: 0.29440991 | AV6: 0.36213719 | AW6: 0.43587877
A7: sensitivityscore_After_layer1.0.conv2_0.5 | B7: -0.057700712 | C7: -0.19795513 | D7: 0.2628912 | E7: -0.17079814 | F7: 0.035479366 | G7: 1 | H7: 0.69569961 | I7: 0.64623115 | J7: 0.043544147 | K7: 0.14132187 | L7: 0.20614096 | M7: 0.19811889 | N7: 0.14822302 | O7: 0.11755572 | P7: 0.072192548 | Q7: -0.18734588 | R7: 0.18246193 | S7: -0.4047394 | T7: -0.26165256 | U7: -0.25211097 | V7: 0.33013811 | W7: -0.017567861 | X7: 0.013650661 | Y7: 0.011262191 | Z7: 0.075647731 | AA7: 0.11841072 | AB7: 0.18001287 | AC7: 0.094311697 | AD7: 0.10787412 | AE7: 0.21406204 | AF7: 0.18770606 | AG7: -0.03904671 | AH7: 0.2915336 | AI7: 0.3280942 | AJ7: 0.30944118 | AK7: 0.28407182 | AL7: 0.013305034 | AM7: -0.0054581697 | AN7: 0.11256125 | AO7: 0.1349473 | AP7: 0.1313943 | AQ7: 0.043835597 | AR7: 0.0048070716 | AS7: 0.098468362 | AT7: 0.10560366 | AU7: 0.22155408 | AV7: 0.29489865 | AW7: 0.19761321
A8: sensitivityscore_After_layer1.0.conv2_0.6 | B8: -0.17733801 | C8: -0.22654682 | D8: 0.25575846 | E8: -0.22310891 | F8: -0.00040545172 | G8: 0.69569961 | H8: 1 | I8: 0.74641972 | J8: -0.18486311 | K8: 0.28273461 | L8: 0.15786978 | M8: 0.2014103 | N8: 0.18959147 | O8: 0.091192175 | P8: 0.044746091 | Q8: 0.010642671 | R8: 0.18114317 | S8: -0.22329685 | T8: -0.059882158 | U8: -0.16961838 | V8: 0.2203526 | W8: 0.018245436 | X8: 0.11139264 | Y8: 0.079102799 | Z8: 0.059051681 | AA8: 0.0047720773 | AB8: 0.046574627 | AC8: -0.068809754 | AD8: -0.085071038 | AE8: -0.080099189 | AF8: -0.1357563 | AG8: -0.27341028 | AH8: 0.16476555 | AI8: 0.22259468 | AJ8: 0.27233656 | AK8: 0.19184496 | AL8: -0.031046603 | AM8: -0.054646493 | AN8: 0.0974558 | AO8: 0.063842258 | AP8: 0.13993022 | AQ8: 0.11553011 | AR8: 0.094732915 | AS8: 0.17580171 | AT8: 0.14593995 | AU8: 0.19748443 | AV8: 0.24413373 | AW8: 0.19116136
A9: sensitivityscore_After_layer1.0.conv2_0.7 | B9: -0.065822777 | C9: -0.077638758 | D9: 0.14121427 | E9: -0.15800444 | F9: -0.0060014775 | G9: 0.64623115 | H9: 0.74641972 | I9: 1 | J9: -0.10959514 | K9: 0.26603584 | L9: 0.3081869 | M9: 0.31703106 | N9: 0.2131628 | O9: -0.070775919 | P9: -0.072580337 | Q9: -0.11142291 | R9: 0.10963407 | S9: -0.20267356 | T9: -0.037839285 | U9: -0.12989769 | V9: 0.20157844 | W9: 0.12742359 | X9: 0.20326444 | Y9: 0.16820133 | Z9: -0.0066439269 | AA9: 0.025483499 | AB9: 0.06518648 | AC9: -0.031251926 | AD9: -0.089598335 | AE9: 0.16629556 | AF9: 0.084006916 | AG9: -0.089567954 | AH9: 0.17052143 | AI9: 0.17761344 | AJ9: 0.22732368 | AK9: 0.019781148 | AL9: -0.11321987 | AM9: -0.10517831 | AN9: 0.041076312 | AO9: 0.12480116 | AP9: 0.031340602 | AQ9: 0.059362768 | AR9: -0.052752631 | AS9: 0.12545047 | AT9: 0.13987334 | AU9: 0.099509223 | AV9: 0.16216177 | AW9: 0.13505957
A10: layer1.0.conv3 | B10: 0.44645718 | C10: 0.13748274 | D10: 0.064461112 | E10: 0.18267737 | F10: 0.44719518 | G10: 0.043544147 | H10: -0.18486311 | I10: -0.10959514 | J10: 1 | K10: -0.15995478 | L10: 0.097908656 | M10: 0.085141663 | N10: 0.37301563 | O10: 0.087298081 | P10: 0.1812483 | Q10: 0.06434886 | R10: 0.24275995 | S10: 0.000367224 | T10: -0.13486241 | U10: 0.17043003 | V10: 0.23253014 | W10: 0.18460697 | X10: 0.093942523 | Y10: 0.19429184 | Z10: 0.3304245 | AA10: -0.016135834 | AB10: 0.068796498 | AC10: 0.11560427 | AD10: 0.34512926 | AE10: -0.094482779 | AF10: -0.098780981 | AG10: -0.078397248 | AH10: 0.2055187 | AI10: 0.09431078 | AJ10: 0.093124788 | AK10: 0.10245667 | AL10: 0.11321724 | AM10: 0.12070214 | AN10: 0.034152802 | AO10: 0.04750707 | AP10: 0.15797117 | AQ10: -0.091314844 | AR10: -0.20919416 | AS10: -0.099207557 | AT10: 0.17055723 | AU10: 0.088889722 | AV10: 0.0088986035 | AW10: 0.054600781
A11: sensitivityscore_After_layer1.0.conv3_0.5 | B11: -0.26255315 | C11: 0.0023056377 | D11: 0.18830985 | E11: -0.14907615 | F11: -0.12496664 | G11: 0.14132187 | H11: 0.28273461 | I11: 0.26603584 | J11: -0.15995478 | K11: 1 | L11: 0.50594663 | M11: 0.32722476 | N11: 0.013390812 | O11: 0.15765752 | P11: 0.14610925 | Q11: 0.086977552 | R11: 0.12573534 | S11: 0.048755615 | T11: -0.060434333 | U11: 0.072662189 | V11: 0.030185156 | W11: 0.066234453 | X11: -0.011959736 | Y11: -0.021784071 | Z11: -0.17876266 | AA11: 0.017284622 | AB11: 0.14025999 | AC11: 0.040128871 | AD11: -0.25372768 | AE11: 0.1219115 | AF11: 0.011203374 | AG11: -0.14712348 | AH11: -0.07912785 | AI11: 0.1909149 | AJ11: 0.3849396 | AK11: 0.18935875 | AL11: -0.19636963 | AM11: -0.1495922 | AN11: -0.12714931 | AO11: -0.19306555 | AP11: 0.095823244 | AQ11: -0.11075583 | AR11: -0.1610709 | AS11: -0.19175576 | AT11: -0.069334766 | AU11: -0.13891529 | AV11: -0.084213206 | AW11: -0.15890301
A12: sensitivityscore_After_layer1.0.conv3_0.6 | B12: -0.11951162 | C12: 0.10059945 | D12: 0.073585565 | E12: -0.16165068 | F12: -0.015189735 | G12: 0.20614096 | H12: 0.15786978 | I12: 0.3081869 | J12: 0.097908656 | K12: 0.50594663 | L12: 1 | M12: 0.81246467 | N12: -0.059119539 | O12: -0.11382605 | P12: -0.13652849 | Q12: -0.2742247 | R12: 0.094726949 | S12: -0.25902874 | T12: -0.2019395 | U12: 0.19134593 | V12: -0.098523661 | W12: -0.073831907 | X12: -0.09314013 | Y12: -0.12225854 | Z12: -0.16669294 | AA12: -0.32296409 | AB12: -0.17027844 | AC12: -0.21424123 | AD12: -0.22790561 | AE12: -0.010685636 | AF12: -0.13652512 | AG12: -0.41721265 | AH12: -0.04771553 | AI12: 0.12225978 | AJ12: 0.21212602 | AK12: -0.04850079 | AL12: -0.24519118 | AM12: -0.49989226 | AN12: -0.42767771 | AO12: -0.2277773 | AP12: -0.058577645 | AQ12: 0.044391643 | AR12: -0.081709008 | AS12: 0.039397103 | AT12: -0.15820204 | AU12: -0.020782194 | AV12: 0.098507326 | AW12: -0.1143782
A13: sensitivityscore_After_layer1.0.conv3_0.7 | B13: 0.031312827 | C13: 0.13540086 | D13: -0.093126673 | E13: -0.12709216 | F13: 0.13595615 | G13: 0.19811889 | H13: 0.2014103 | I13: 0.31703106 | J13: 0.085141663 | K13: 0.32722476 | L13: 0.81246467 | M13: 1 | N13: 0.096498918 | O13: -0.35220813 | P13: -0.12908557 | Q13: -0.43231012 | R13: 0.15205027 | S13: -0.20759326 | T13: -0.041497805 | U13: 0.050648493 | V13: -0.00067315499 | W13: -0.10332316 | X13: -0.0085876492 | Y13: -0.13885515 | Z13: 0.0077030184 | AA13: -0.46414844 | AB13: -0.37363417 | AC13: -0.38936765 | AD13: -0.064624106 | AE13: 0.032717372 | AF13: -0.20861878 | AG13: -0.44442072 | AH13: 0.17945765 | AI13: 0.168551 | AJ13: 0.14943223 | AK13: -0.051347969 | AL13: -0.084334549 | AM13: -0.487685 | AN13: -0.46068709 | AO13: -0.23478227 | AP13: 0.10419074 | AQ13: 0.126128 | AR13: 0.085945684 | AS13: 0.2155422 | AT13: -0.13666471 | AU13: -0.016462223 | AV13: 0.14155648 | AW13: -0.033106348
... A49: sensitivityscore_After_layer4.2.conv3_0.7 | B49: 0.097405589 | C49: 0.090759066 | D49: 0.030087583 | E49: -0.091949973 | F49: 0.43587877 | G49: 0.19761321 | H49: 0.19116136 | I49: 0.13505957 | J49: 0.054600781 | K49: -0.15890301 | L49: -0.1143782 | M49: -0.033106348 | N49: 0.10715317 | O49: -0.078244703 | P49: 0.082410552 | Q49: -0.059082253 | R49: 0.16549511 | S49: 0.025473323 | T49: 0.16940261 | U49: -0.20329642 | V49: 0.052891201 | W49: 0.15621348 | X49: 0.24643668 | Y49: 0.18304762 | Z49: -0.14191516 | AA49: 0.10006774 | AB49: 0.075540458 | AC49: 0.071562154 | AD49: 0.1241868 | AE49: 0.059469474 | AF49: 0.17536928 | AG49: 0.12856293 | AH49: 0.22232698 | AI49: 0.38221876 | AJ49: 0.44991141 | AK49: 0.37621897 | AL49: 0.10055422 | AM49: 0.20176299 | AN49: 0.27055387 | AO49: 0.19250659 | AP49: 0.013960541 | AQ49: -0.13851787 | AR49: 0.045834327 | AS49: -0.033158478 | AT49: 0.3613778 | AU49: 0.72061457 | AV49: 0.71035587 | AW49: 1

Sheet Class_3
B1: layer1.0.conv1 | C1: sensitivityscore_After_layer1.0.conv1_0.5 | D1: sensitivityscore_After_layer1.0.conv1_0.6 | E1: sensitivityscore_After_layer1.0.conv1_0.7 | F1: layer1.0.conv2 | G1: sensitivityscore_After_layer1.0.conv2_0.5 | H1: sensitivityscore_After_layer1.0.conv2_0.6 | I1: sensitivityscore_After_layer1.0.conv2_0.7 | J1: layer1.0.conv3 | K1: sensitivityscore_After_layer1.0.conv3_0.5 | L1: sensitivityscore_After_layer1.0.conv3_0.6 | M1: sensitivityscore_After_layer1.0.conv3_0.7 | N1: layer4.0.conv1 | O1: sensitivityscore_After_layer4.0.conv1_0.5 | P1: sensitivityscore_After_layer4.0.conv1_0.6 | Q1: sensitivityscore_After_layer4.0.conv1_0.7 | R1: layer4.0.conv2 | S1: sensitivityscore_After_layer4.0.conv2_0.5 | T1: sensitivityscore_After_layer4.0.conv2_0.6 | U1: sensitivityscore_After_layer4.0.conv2_0.7 | V1: layer4.0.conv3 | W1: sensitivityscore_After_layer4.0.conv3_0.5 | X1: sensitivityscore_After_layer4.0.conv3_0.6 | Y1: sensitivityscore_After_layer4.0.conv3_0.7 | Z1: layer4.1.conv1 | AA1: sensitivityscore_After_layer4.1.conv1_0.5 | AB1: sensitivityscore_After_layer4.1.conv1_0.6 | AC1: sensitivityscore_After_layer4.1.conv1_0.7 | AD1: layer4.1.conv2 | AE1: sensitivityscore_After_layer4.1.conv2_0.5 | AF1: sensitivityscore_After_layer4.1.conv2_0.6 | AG1: sensitivityscore_After_layer4.1.conv2_0.7 | AH1: layer4.1.conv3 | AI1: sensitivityscore_After_layer4.1.conv3_0.5 | AJ1: sensitivityscore_After_layer4.1.conv3_0.6 | AK1: sensitivityscore_After_layer4.1.conv3_0.7 | AL1: layer4.2.conv1 | AM1: sensitivityscore_After_layer4.2.conv1_0.5 | AN1: sensitivityscore_After_layer4.2.conv1_0.6 | AO1: sensitivityscore_After_layer4.2.conv1_0.7 | AP1: layer4.2.conv2 | AQ1: sensitivityscore_After_layer4.2.conv2_0.5 | AR1: sensitivityscore_After_layer4.2.conv2_0.6 | AS1: sensitivityscore_After_layer4.2.conv2_0.7 | AT1: layer4.2.conv3 | AU1: sensitivityscore_After_layer4.2.conv3_0.5 | AV1: sensitivityscore_After_layer4.2.conv3_0.6 | AW1: sensitivityscore_After_layer4.2.conv3_0.7
A2: layer1.0.conv1 | B2: 1 | C2: -0.10159837 | D2: -0.16050257 | E2: 0.082699056 | F2: 0.67552824 | G2: 0.058967764 | H2: 0.021370446 | I2: 0.060200705 | J2: 0.77293646 | K2: 0.13514111 | L2: 0.12213097 | M2: 0.17156222 | N2: 0.23444531 | O2: -0.12019261 | P2: -0.04044528 | Q2: 0.0012512706 | R2: 0.14484913 | S2: 0.16626691 | T2: 0.088846712 | U2: 0.077847542 | V2: 0.20705921 | W2: 0.21253304 | X2: 0.06948647 | Y2: 0.19471958 | Z2: 0.02223076 | AA2: -0.053547125 | AB2: -0.14738775 | AC2: 0.1228882 | AD2: 0.28252892 | AE2: -0.065766332 | AF2: -0.046718873 | AG2: -0.074496332 | AH2: 0.18787626 | AI2: -0.074238732 | AJ2: 0.0022607984 | AK2: 0.013507267 | AL2: 0.30735805 | AM2: -0.056483877 | AN2: 0.08697945 | AO2: 0.19748074 | AP2: 0.018398038 | AQ2: -0.082336869 | AR2: -0.12963022 | AS2: -0.13733362 | AT2: 0.021597674 | AU2: 0.28198105 | AV2: 0.22427859 | AW2: 0.059535305
A3: sensitivityscore_After_layer1.0.conv1_0.5 | B3: -0.10159837 | C3: 1 | D3: 0.073036208 | E3: -0.22554757 | F3: 0.054241928 | G3: -0.02367915 | H3: -0.02064118 | I3: 0.030379775 | J3: -0.0092625918 | K3: -0.12347434 | L3: 0.0099936222 | M3: -0.12931965 | N3: -0.20845045 | O3: 0.17635225 | P3: 0.12946194 | Q3: 0.022903404 | R3: -0.30479886 | S3: -0.097173151 | T3: -0.090476447 | U3: 0.017774481 | V3: -0.22555169 | W3: -0.21252052 | X3: -0.092906936 | Y3: 0.02832343 | Z3: 0.0053009287 | AA3: -0.025705783 | AB3: -0.033204975 | AC3: -0.06159635 | AD3: -0.0013554309 | AE3: -0.16880068 | AF3: -0.18112156 | AG3: -0.23983647 | AH3: 0.0086248938 | AI3: 9.0696344e-05 | AJ3: 0.10475616 | AK3: 0.078028808 | AL3: -0.061919607 | AM3: -0.047834588 | AN3: -0.0071100456 | AO3: -0.16164063 | AP3: 0.04028449 | AQ3: 0.23280974 | AR3: 0.22234725 | AS3: 0.2315646 | AT3: -0.047373741 | AU3: -0.10120728 | AV3: -0.010861784 | AW3: 0.12637934
A4: sensitivityscore_After_layer1.0.conv1_0.6 | B4: -0.16050257 | C4: 0.073036208 | D4: 1 | E4: 0.48986122 | F4: -0.12935453 | G4: -0.021704837 | H4: 0.1059703 | I4: 0.0042883247 | J4: -0.06623041 | K4: 0.083159111 | L4: 0.087695398 | M4: -0.00071322395 | N4: 0.06391068 | O4: 0.030055993 | P4: -0.014433268 | Q4: -0.048691395 | R4: 0.10425025 | S4: 0.080233529 | T4: -0.086507058 | U4: 0.038168967 | V4: 0.080232539 | W4: -0.13845843 | X4: -0.29354865 | Y4: -0.1119274 | Z4: 0.097172703 | AA4: -0.15727361 | AB4: -0.096719766 | AC4: -0.21943844 | AD4: -0.056833976 | AE4: 0.070692296 | AF4: 0.10929403 | AG4: -0.035030145 | AH4: 0.058347238 | AI4: 0.20227702 | AJ4: 0.30953057 | AK4: 0.31307398 | AL4: -0.13812425 | AM4: 0.28105359 | AN4: 0.17421706 | AO4: 0.18158649 | AP4: -0.039650477 | AQ4: 0.019187453 | AR4: -0.22911493 | AS4: -0.25280014 | AT4: 0.28782417 | AU4: 0.024983131 | AV4: -0.094290374 | AW4: -0.14309194
A5: sensitivityscore_After_layer1.0.conv1_0.7 | B5: 0.082699056 | C5: -0.22554757 | D5: 0.48986122 | E5: 1 | F5: -0.075411057 | G5: -0.41397519 | H5: -0.22782555 | I5: -0.19794658 | J5: -0.022806438 | K5: 0.010564811 | L5: 0.15941458 | M5: 0.27286576 | N5: 0.090188828 | O5: -0.13485182 | P5: -0.13048523 | Q5: 0.056099715 | R5: 0.21853872 | S5: 0.09987786 | T5: -0.13456005 | U5: -0.0057292563 | V5: 0.12270759 | W5: -0.010293516 | X5: -0.2403699 | Y5: -0.049582069 | Z5: 0.02046038 | AA5: -0.25109788 | AB5: -0.01544958 | AC5: -0.033650446 | AD5: -0.10363638 | AE5: 0.15600652 | AF5: 0.19254358 | AG5: 0.091470888 | AH5: -0.098215381 | AI5: 0.11993476 | AJ5: 0.1000044 | AK5: 0.10888549 | AL5: -0.16482002 | AM5: 0.1483605 | AN5: 0.068130751 | AO5: 0.2146659 | AP5: -0.12639456 | AQ5: -0.032603658 | AR5: -0.25207887 | AS5: -0.050119197 | AT5: 0.24438636 | AU5: 0.15061536 | AV5: 0.12181502 | AW5: 0.072933194
A6: layer1.0.conv2 | B6: 0.67552824 | C6: 0.054241928 | D6: -0.12935453 | E6: -0.075411057 | F6: 1 | G6: 0.12063385 | H6: 0.019430239 | I6: 0.029150112 | J6: 0.6742962 | K6: 0.15266603 | L6: 0.07309129 | M6: 0.051584803 | N6: 0.26763611 | O6: -0.15115482 | P6: -0.031729107 | Q6: 0.012278612 | R6: 0.13894943 | S6: 0.095565407 | T6: 0.14259092 | U6: 0.13108025 | V6: 0.10793752 | W6: 0.15187395 | X6: 0.038636899 | Y6: 0.10072003 | Z6: 0.13756454 | AA6: 0.10670484 | AB6: 0.00030172214 | AC6: 0.17529306 | AD6: 0.29414409 | AE6: -0.31404049 | AF6: -0.29983069 | AG6: -0.15895423 | AH6: 0.28930913 | AI6: -0.10630064 | AJ6: -0.019437913 | AK6: -0.074018838 | AL6: 0.33325894 | AM6: -0.081922621 | AN6: 0.23965046 | AO6: 0.13977686 | AP6: 0.022273474 | AQ6: -0.067049114 | AR6: -0.098313751 | AS6: -0.12627917 | AT6: -0.12128126 | AU6: 0.23627177 | AV6: 0.2262765 | AW6: 0.11204288
A7: sensitivityscore_After_layer1.0.conv2_0.5 | B7: 0.058967764 | C7: -0.02367915 | D7: -0.021704837 | E7: -0.41397519 | F7: 0.12063385 | G7: 1 | H7: 0.62490722 | I7: 0.52639548 | J7: 0.13556057 | K7: 0.33855192 | L7: 0.010284951 | M7: 0.018089552 | N7: 0.014449867 | O7: -0.052584877 | P7: 0.082138281 | Q7: -0.12955411 | R7: -0.032694008 | S7: 0.10530769 | T7: 0.23971455 | U7: 0.016733748 | V7: -0.082972484 | W7: -0.14944623 | X7: 0.0074993433 | Y7: -0.064779453 | Z7: 0.10137463 | AA7: 0.23887601 | AB7: -0.1690529 | AC7: -0.0013551226 | AD7: 0.05852748 | AE7: -0.18041309 | AF7: -0.12351907 | AG7: -0.074294226 | AH7: 0.13006394 | AI7: -0.18550026 | AJ7: -0.30442738 | AK7: -0.1716446 | AL7: 0.086267592 | AM7: 0.047185136 | AN7: -0.027750992 | AO7: -0.063865867 | AP7: 0.13563858 | AQ7: -0.060530137 | AR7: -0.13763246 | AS7: -0.049938366 | AT7: -0.24854385 | AU7: 0.1633008 | AV7: 0.091972026 | AW7: 0.071287065
A8: sensitivityscore_After_layer1.0.conv2_0.6 | B8: 0.021370446 | C8: -0.02064118 | D8: 0.1059703 | E8: -0.22782555 | F8: 0.019430239 | G8: 0.62490722 | H8: 1 | I8: 0.60652376 | J8: 0.082907669 | K8: 0.081836668 | L8: -0.17809502 | M8: -0.11401136 | N8: 0.090035384 | O8: -0.058845685 | P8: -0.17912347 | Q8: -0.1215737 | R8: -0.096916024 | S8: 0.042845151 | T8: 0.13362213 | U8: -0.10468645 | V8: -0.066769016 | W8: -0.23533796 | X8: -0.0012889856 | Y8: -0.22072551 | Z8: 0.0055414877 | AA8: 0.029735297 | AB8: -0.068445665 | AC8: 0.0054642165 | AD8: 0.0054722855 | AE8: -0.058929684 | AF8: 0.091254399 | AG8: 0.13236679 | AH8: 0.028581273 | AI8: 0.16647776 | AJ8: -0.071005571 | AK8: 0.076938001 | AL8: 0.16607104 | AM8: -0.0034536856 | AN8: -0.098681466 | AO8: -0.15638321 | AP8: 0.063848551 | AQ8: 0.050989835 | AR8: -0.003451041 | AS8: -0.083291196 | AT8: -0.090541766 | AU8: 0.24402791 | AV8: 0.025974955 | AW8: -0.02573459
A9: sensitivityscore_After_layer1.0.conv2_0.7 | B9: 0.060200705 | C9: 0.030379775 | D9: 0.0042883247 | E9: -0.19794658 | F9: 0.029150112 | G9: 0.52639548 | H9: 0.60652376 | I9: 1 | J9: -0.0027456592 | K9: 0.14422733 | L9: -0.14521065 | M9: -0.11343206 | N9: -0.10133987 | O9: 0.15464779 | P9: 0.15893129 | Q9: -0.13104451 | R9: -0.19355193 | S9: 0.12334661 | T9: 0.12453564 | U9: -0.12022059 | V9: -0.10955557 | W9: -0.23909608 | X9: -0.15414004 | Y9: -0.30431042 | Z9: -0.043449209 | AA9: -0.15510744 | AB9: -0.26085447 | AC9: -0.11313477 | AD9: 0.0063802097 | AE9: -0.037368188 | AF9: 0.091370579 | AG9: -0.036794655 | AH9: 0.11213155 | AI9: 0.047656537 | AJ9: -0.061702374 | AK9: 0.087055955 | AL9: 0.044150891 | AM9: -0.013472436 | AN9: -0.13257854 | AO9: -0.09571922 | AP9: 0.045097922 | AQ9: 0.21867995 | AR9: 0.12859955 | AS9: 0.031018571 | AT9: -0.14067491 | AU9: 0.21156809 | AV9: 0.1225326 | AW9: 0.13152914
A10: layer1.0.conv3 | B10: 0.77293646 | C10: -0.0092625918 | D10: -0.06623041 | E10: -0.022806438 | F10: 0.6742962 | G10: 0.13556057 | H10: 0.082907669 | I10: -0.0027456592 | J10: 1 | K10: 0.095840619 | L10: 0.25899304 | M10: 0.10945635 | N10: 0.36291242 | O10: -0.18118929 | P10: -0.062107382 | Q10: 0.04028884 | R10: 0.11234278 | S10: 0.069347817 | T10: 0.12575938 | U10: 0.12541869 | V10: 0.095424889 | W10: 0.23099085 | X10: 0.15783131 | Y10: 0.2203978 | Z10: -0.0070231661 | AA10: 0.23348536 | AB10: -0.038308859 | AC10: 0.19009983 | AD10: 0.13688797 | AE10: -0.089847331 | AF10: -0.17643378 | AG10: -0.050188034 | AH10: 0.23807511 | AI10: 0.035633216 | AJ10: 0.038587386 | AK10: 0.064489411 | AL10: 0.26605363 | AM10: -0.1353006 | AN10: 0.1290556 | AO10: 0.1339113 | AP10: 0.066170558 | AQ10: -0.030399717 | AR10: -0.057754007 | AS10: -0.11114163 | AT10: -0.14000105 | AU10: 0.12038188 | AV10: 0.11203908 | AW10: -0.037231642
A11: sensitivityscore_After_layer1.0.conv3_0.5 | B11: 0.13514111 | C11: -0.12347434 | D11: 0.083159111 | E11: 0.010564811 | F11: 0.15266603 | G11: 0.33855192 | H11: 0.081836668 | I11: 0.14422733 | J11: 0.095840619 | K11: 1 | L11: 0.51680596 | M11: 0.37021808 | N11: 0.022448995 | O11: -0.10812641 | P11: 0.0039036094 | Q11: -0.22463093 | R11: -0.082557434 | S11: 0.11278809 | T11: 0.16686658 | U11: 0.093190692 | V11: 0.056012907 | W11: -0.2613635 | X11: -0.35337001 | Y11: -0.14300234 | Z11: -0.15951337 | AA11: -0.0019215513 | AB11: -0.22890425 | AC11: 0.077626889 | AD11: -0.098330221 | AE11: -0.080301465 | AF11: 0.0078161384 | AG11: 0.034042635 | AH11: 0.13353111 | AI11: -0.073943032 | AJ11: -0.050595482 | AK11: 0.042257528 | AL11: -0.17730543 | AM11: 0.047076568 | AN11: 0.12150141 | AO11: 0.24362992 | AP11: 0.10695868 | AQ11: 0.210511 | AR11: 0.056787706 | AS11: 0.022216004 | AT11: 0.081202934 | AU11: -0.032799656 | AV11: 0.10758732 | AW11: 0.036498582
A12: sensitivityscore_After_layer1.0.conv3_0.6 | B12: 0.12213097 | C12: 0.0099936222 | D12: 0.087695398 | E12: 0.15941458 | F12: 0.07309129 | G12: 0.010284951 | H12: -0.17809502 | I12: -0.14521065 | J12: 0.25899304 | K12: 0.51680596 | L12: 1 | M12: 0.58892717 | N12: 0.14202713 | O12: 0.0045363787 | P12: -0.004883514 | Q12: -0.028603075 | R12: 0.020603116 | S12: 0.01503354 | T12: 0.00097236119 | U12: 0.2150077 | V12: -0.007724139 | W12: -0.19558412 | X12: -0.14761681 | Y12: -0.0716892 | Z12: -0.088414164 | AA12: 0.1480364 | AB12: -0.042276447 | AC12: 0.2369059 | AD12: -0.18015888 | AE12: 0.0348139 | AF12: -0.062427774 | AG12: -0.050995001 | AH12: 0.096704729 | AI12: 0.0021738822 | AJ12: 0.098291337 | AK12: 0.10973376 | AL12: -0.23482474 | AM12: 0.12846199 | AN12: 0.16817702 | AO12: 0.39846411 | AP12: 0.079480082 | AQ12: 0.16600585 | AR12: -0.011867899 | AS12: 0.13684797 | AT12: 0.10059456 | AU12: 0.016090619 | AV12: 0.04035436 | AW12: 0.025767114
A13: sensitivityscore_After_layer1.0.conv3_0.7 | B13: 0.17156222 | C13: -0.12931965 | D13: -0.00071322395 | E13: 0.27286576 | F13: 0.051584803 | G13: 0.018089552 | H13: -0.11401136 | I13: -0.11343206 | J13: 0.10945635 | K13: 0.37021808 | L13: 0.58892717 | M13: 1 | N13: -0.017344522 | O13: 0.17440665 | P13: 0.042662575 | Q13: -0.0054227887 | R13: 0.13576083 | S13: 0.20564437 | T13: 0.12602481 | U13: 0.0277764 | V13: 0.17793817 | W13: -0.16356333 | X13: -0.12293017 | Y13: -0.0062948014 | Z13: 0.070529405 | AA13: 0.035401223 | AB13: 0.040748101 | AC13: 0.19782969 | AD13: 0.082742971 | AE13: 0.068738157 | AF13: -0.067943326 | AG13: -0.028179517 | AH13: 0.15528841 | AI13: -0.36849819 | AJ13: -0.29085873 | AK13: -0.24623142 | AL13: 0.024665693 | AM13: 0.11623717 | AN13: 0.04133591 | AO13: 0.26448762 | AP13: 0.21691345 | AQ13: 0.15608969 | AR13: 0.074248909 | AS13: 0.24246097 | AT13: 0.014891506 | AU13: 0.21288175 | AV13: 0.21979233 | AW13: 0.22821043
... A49: sensitivityscore_After_layer4.2.conv3_0.7 | B49: 0.059535305 | C49: 0.12637934 | D49: -0.14309194 | E49: 0.072933194 | F49: 0.11204288 | G49: 0.071287065 | H49: -0.02573459 | I49: 0.13152914 | J49: -0.037231642 | K49: 0.036498582 | L49: 0.025767114 | M49: 0.22821043 | N49: -0.076957414 | O49: 0.11520081 | P49: 0.19937654 | Q49: 0.16484321 | R49: -0.0011996463 | S49: 0.19633604 | T49: 0.1732578 | U49: 0.1646172 | V49: -0.17214114 | W49: -0.068254019 | X49: 0.042210425 | Y49: -0.033697115 | Z49: 0.069589372 | AA49: -0.028992863 | AB49: 0.044248985 | AC49: 0.12757926 | AD49: -0.058288929 | AE49: -0.26113884 | AF49: -0.17516758 | AG49: 0.032590278 | AH49: 0.089636616 | AI49: -0.18700513 | AJ49: -0.14160963 | AK49: -0.19749656 | AL49: 0.11994993 | AM49: -0.11108176 | AN49: 0.01298282 | AO49: 0.00056508886 | AP49: 0.0074764529 | AQ49: 0.070262986 | AR49: -0.011543981 | AS49: 0.20213707 | AT49: -0.23487138 | AU49: 0.49202093 | AV49: 0.75100355 | AW49: 1

Sheet Class_4
B1: layer1.0.conv1 | C1: sensitivityscore_After_layer1.0.conv1_0.5 | D1: sensitivityscore_After_layer1.0.conv1_0.6 | E1: sensitivityscore_After_layer1.0.conv1_0.7 | F1: layer1.0.conv2 | G1: sensitivityscore_After_layer1.0.conv2_0.5 | H1: sensitivityscore_After_layer1.0.conv2_0.6 | I1: sensitivityscore_After_layer1.0.conv2_0.7 | J1: layer1.0.conv3 | K1: sensitivityscore_After_layer1.0.conv3_0.5 | L1: sensitivityscore_After_layer1.0.conv3_0.6 | M1: sensitivityscore_After_layer1.0.conv3_0.7 | N1: layer4.0.conv1 | O1: sensitivityscore_After_layer4.0.conv1_0.5 | P1: sensitivityscore_After_layer4.0.conv1_0.6 | Q1: sensitivityscore_After_layer4.0.conv1_0.7 | R1: layer4.0.conv2 | S1: sensitivityscore_After_layer4.0.conv2_0.5 | T1: sensitivityscore_After_layer4.0.conv2_0.6 | U1: sensitivityscore_After_layer4.0.conv2_0.7 | V1: layer4.0.conv3 | W1: sensitivityscore_After_layer4.0.conv3_0.5 | X1: sensitivityscore_After_layer4.0.conv3_0.6 | Y1: sensitivityscore_After_layer4.0.conv3_0.7 | Z1: layer4.1.conv1 | AA1: sensitivityscore_After_layer4.1.conv1_0.5 | AB1: sensitivityscore_After_layer4.1.conv1_0.6 | AC1: sensitivityscore_After_layer4.1.conv1_0.7 | AD1: layer4.1.conv2 | AE1: sensitivityscore_After_layer4.1.conv2_0.5 | AF1: sensitivityscore_After_layer4.1.conv2_0.6 | AG1: sensitivityscore_After_layer4.1.conv2_0.7 | AH1: layer4.1.conv3 | AI1: sensitivityscore_After_layer4.1.conv3_0.5 | AJ1: sensitivityscore_After_layer4.1.conv3_0.6 | AK1: sensitivityscore_After_layer4.1.conv3_0.7 | AL1: layer4.2.conv1 | AM1: sensitivityscore_After_layer4.2.conv1_0.5 | AN1: sensitivityscore_After_layer4.2.conv1_0.6 | AO1: sensitivityscore_After_layer4.2.conv1_0.7 | AP1: layer4.2.conv2 | AQ1: sensitivityscore_After_layer4.2.conv2_0.5 | AR1: sensitivityscore_After_layer4.2.conv2_0.6 | AS1: sensitivityscore_After_layer4.2.conv2_0.7 | AT1: layer4.2.conv3 | AU1: sensitivityscore_After_layer4.2.conv3_0.5 | AV1: sensitivityscore_After_layer4.2.conv3_0.6 | AW1: sensitivityscore_After_layer4.2.conv3_0.7
A2: layer1.0.conv1 | B2: 1 | C2: 0.10375495 | D2: 0.030648679 | E2: 0.10079322 | F2: 0.4880221 | G2: 0.081225416 | H2: -0.25610968 | I2: 0.043264763 | J2: 0.58952536 | K2: -0.10045542 | L2: -0.12305748 | M2: -0.055182469 | N2: 0.15947494 | O2: -0.066525213 | P2: -0.21855357 | Q2: -0.10169862 | R2: -0.050695481 | S2: 0.17148909 | T2: 0.010544384 | U2: -0.024473433 | V2: -0.35021939 | W2: -0.31994737 | X2: -0.12433704 | Y2: -0.068798148 | Z2: -0.15505986 | AA2: -0.0071025283 | AB2: -0.064526924 | AC2: 0.16942167 | AD2: 0.079906994 | AE2: 0.17581362 | AF2: -0.056261417 | AG2: -0.084524034 | AH2: -0.25913668 | AI2: -0.10110554 | AJ2: -0.021983705 | AK2: -0.12690971 | AL2: -0.16144151 | AM2: -0.088072289 | AN2: -0.043415217 | AO2: -0.19712462 | AP2: 0.19616343 | AQ2: -0.06826713 | AR2: -0.20995455 | AS2: -0.21092111 | AT2: 0.33914905 | AU2: 0.088922016 | AV2: 0.16455753 | AW2: 0.17203088
A3: sensitivityscore_After_layer1.0.conv1_0.5 | B3: 0.10375495 | C3: 1 | D3: 0.3735217 | E3: 0.18704739 | F3: 0.1564021 | G3: 0.035861209 | H3: -0.14525513 | I3: -0.14076985 | J3: 0.15187001 | K3: -0.44306513 | L3: -0.10949843 | M3: -0.086590346 | N3: -0.082487073 | O3: -0.058992754 | P3: 0.21370669 | Q3: 0.15519497 | R3: -0.030610418 | S3: -0.26962461 | T3: -0.44715226 | U3: -0.038682047 | V3: -0.17209959 | W3: 0.035671329 | X3: -0.091301192 | Y3: -0.22484399 | Z3: -0.23050804 | AA3: 0.23464019 | AB3: -0.11536462 | AC3: 0.15182291 | AD3: -0.12622833 | AE3: -0.34619889 | AF3: -0.32788587 | AG3: -0.3918106 | AH3: -0.28617718 | AI3: -0.084165565 | AJ3: 0.051223069 | AK3: 0.038478361 | AL3: -0.096376086 | AM3: -0.24076168 | AN3: -0.13020324 | AO3: -0.33635831 | AP3: -0.097879217 | AQ3: 0.019138706 | AR3: -0.15712878 | AS3: -0.041171523 | AT3: -0.11659153 | AU3: -0.23326161 | AV3: -0.0079569709 | AW3: -0.19033898
A4: sensitivityscore_After_layer1.0.conv1_0.6 | B4: 0.030648679 | C4: 0.3735217 | D4: 1 | E4: 0.58006834 | F4: 0.056159772 | G4: -0.26868551 | H4: -0.37331534 | I4: -0.45255794 | J4: 0.17432861 | K4: -0.0078391981 | L4: -0.17279294 | M4: -0.1057397 | N4: -0.085957045 | O4: -0.31099671 | P4: -0.030662075 | Q4: -0.0016966839 | R4: 0.1146939 | S4: -0.28921149 | T4: -0.3382676 | U4: -0.15187567 | V4: -0.17562152 | W4: 0.1029064 | X4: 0.09328103 | Y4: 0.15367229 | Z4: -0.2065045 | AA4: 0.34065374 | AB4: 0.30182513 | AC4: 0.21897367 | AD4: -0.074807174 | AE4: -0.30065478 | AF4: -0.39305687 | AG4: -0.39912687 | AH4: -0.29196329 | AI4: -0.24899526 | AJ4: 0.03133971 | AK4: 0.027624429 | AL4: 0.083545772 | AM4: -0.40527494 | AN4: -0.3799944 | AO4: -0.50303219 | AP4: 0.26933458 | AQ4: 0.10180058 | AR4: -0.027108991 | AS4: 0.21804116 | AT4: -0.030992967 | AU4: -0.15837267 | AV4: 0.021133118 | AW4: -0.12569105
A5: sensitivityscore_After_layer1.0.conv1_0.7 | B5: 0.10079322 | C5: 0.18704739 | D5: 0.58006834 | E5: 1 | F5: 0.1396929 | G5: -0.39898955 | H5: -0.51697803 | I5: -0.44454427 | J5: 0.23689885 | K5: -0.171068 | L5: -0.27119611 | M5: -0.17879534 | N5: 0.10479469 | O5: -0.1489861 | P5: -0.15939669 | Q5: -0.14573713 | R5: 0.021983994 | S5: -0.068498421 | T5: -0.15055392 | U5: -0.12143926 | V5: -0.14376948 | W5: -0.11500509 | X5: 0.15647875 | Y5: 0.27283658 | Z5: -0.091560415 | AA5: 0.10825637 | AB5: 0.29897504 | AC5: 0.24865061 | AD5: -0.038356102 | AE5: -0.18019279 | AF5: -0.38165953 | AG5: -0.2395641 | AH5: -0.33556743 | AI5: -0.28797048 | AJ5: -0.17939176 | AK5: -0.061943203 | AL5: 0.1582773 | AM5: -0.41594641 | AN5: -0.27888025 | AO5: -0.4053132 | AP5: 0.23374977 | AQ5: -0.021364254 | AR5: 0.020210102 | AS5: -0.015981338 | AT5: 0.047715227 | AU5: -0.00025643648 | AV5: 0.25326346 | AW5: -0.051612073
A6: layer1.0.conv2 | B6: 0.4880221 | C6: 0.1564021 | D6: 0.056159772 | E6: 0.1396929 | F6: 1 | G6: 0.066129848 | H6: -0.16113901 | I6: -0.052339661 | J6: 0.4094412 | K6: -0.050560375 | L6: -0.072189212 | M6: -0.29561438 | N6: 0.35300162 | O6: -0.17631071 | P6: -0.23554303 | Q6: 0.01346672 | R6: 0.24049139 | S6: 0.027048729 | T6: -0.16596137 | U6: -0.051120787 | V6: 0.0019266498 | W6: -0.12296418 | X6: 0.0012855173 | Y6: 0.023431806 | Z6: 0.12109592 | AA6: 0.1995875 | AB6: 0.090292417 | AC6: 0.17264264 | AD6: 0.026963671 | AE6: -0.18080155 | AF6: -0.18073677 | AG6: -0.38220182 | AH6: -0.22007075 | AI6: -0.27308781 | AJ6: -0.18181738 | AK6: -0.21125065 | AL6: -0.10737749 | AM6: 0.02736784 | AN6: 0.0073100076 | AO6: -0.14191817 | AP6: 0.057932755 | AQ6: 0.35523926 | AR6: 0.19966761 | AS6: 0.25191372 | AT6: 0.082016817 | AU6: -0.25399557 | AV6: -0.054350797 | AW6: -0.23097044
A7: sensitivityscore_After_layer1.0.conv2_0.5 | B7: 0.081225416 | C7: 0.035861209 | D7: -0.26868551 | E7: -0.39898955 | F7: 0.066129848 | G7: 1 | H7: 0.51207759 | I7: 0.45939919 | J7: 0.076609369 | K7: -0.15871863 | L7: -0.23555475 | M7: -0.2159069 | N7: 0.013229801 | O7: 0.18282724 | P7: 0.097527711 | Q7: 0.2700065 | R7: -0.10198473 | S7: 0.025735507 | T7: 0.14910992 | U7: -0.0053767008 | V7: -0.030892388 | W7: 0.29044108 | X7: -0.07458183 | Y7: -0.13854487 | Z7: -0.038396277 | AA7: -0.10188268 | AB7: -0.2088146 | AC7: -0.098515383 | AD7: 0.035226094 | AE7: 0.22061282 | AF7: 0.13671977 | AG7: 0.094717867 | AH7: 0.18829961 | AI7: 0.27275111 | AJ7: 0.24601734 | AK7: 0.12150786 | AL7: -0.088565261 | AM7: 0.21561941 | AN7: 0.21266818 | AO7: 0.21473566 | AP7: -0.08273778 | AQ7: 0.21033191 | AR7: -0.081170392 | AS7: 0.21712325 | AT7: 0.029652851 | AU7: 0.22795317 | AV7: 0.078051418 | AW7: 0.36559153
A8: sensitivityscore_After_layer1.0.conv2_0.6 | B8: -0.25610968 | C8: -0.14525513 | D8: -0.37331534 | E8: -0.51697803 | F8: -0.16113901 | G8: 0.51207759 | H8: 1 | I8: 0.67924975 | J8: -0.11770788 | K8: 0.06146907 | L8: 0.027152705 | M8: -0.13788904 | N8: 0.071978649 | O8: 0.097385656 | P8: 0.09992832 | Q8: 0.24438055 | R8: 0.084833837 | S8: -0.0020285207 | T8: -0.012347875 | U8: 0.016951709 | V8: 0.18475091 | W8: 0.092195659 | X8: -0.17833278 | Y8: -0.21506201 | Z8: 0.32953756 | AA8: 0.084421768 | AB8: -0.13631364 | AC8: -0.10833581 | AD8: 0.2152039 | AE8: 0.23783442 | AF8: 0.27469512 | AG8: 0.33482773 | AH8: 0.49065493 | AI8: 0.34215792 | AJ8: 0.25953915 | AK8: 0.034459732 | AL8: 0.31765381 | AM8: 0.39183337 | AN8: 0.27294628 | AO8: 0.3574303 | AP8: 0.053003762 | AQ8: -0.04980249 | AR8: -0.16547649 | AS8: 0.05300843 | AT8: -0.046944148 | AU8: 0.19690698 | AV8: 0.087472002 | AW8: 0.35336019
A9: sensitivityscore_After_layer1.0.conv2_0.7 | B9: 0.043264763 | C9: -0.14076985 | D9: -0.45255794 | E9: -0.44454427 | F9: -0.052339661 | G9: 0.45939919 | H9: 0.67924975 | I9: 1 | J9: -0.1728117 | K9: 0.18205615 | L9: 0.16433528 | M9: 0.055431501 | N9: 0.0025278126 | O9: 0.14338179 | P9: 0.029764131 | Q9: -0.11091452 | R9: 0.031463425 | S9: 0.12710567 | T9: -0.041070598 | U9: 0.071858279 | V9: 0.046624732 | W9: -0.10303751 | X9: -0.16364606 | Y9: -0.19978702 | Z9: 0.12542078 | AA9: -0.021362278 | AB9: -0.13849373 | AC9: 0.023383603 | AD9: 0.11129135 | AE9: 0.42270005 | AF9: 0.2833041 | AG9: 0.24786214 | AH9: 0.58505925 | AI9: 0.0014726864 | AJ9: -0.011057146 | AK9: -0.22155319 | AL9: 0.15912952 | AM9: 0.20680885 | AN9: 0.10994907 | AO9: 0.21873879 | AP9: 0.071238387 | AQ9: -0.1282941 | AR9: -0.14146793 | AS9: 0.057178598 | AT9: -0.12883328 | AU9: 0.14394679 | AV9: 0.17048093 | AW9: 0.24725091
A10: layer1.0.conv3 | B10: 0.58952536 | C10: 0.15187001 | D10: 0.17432861 | E10: 0.23689885 | F10: 0.4094412 | G10: 0.076609369 | H10: -0.11770788 | I10: -0.1728117 | J10: 1 | K10: -0.26218713 | L10: -0.087360738 | M10: 0.024781068 | N10: 0.23327508 | O10: -0.08942621 | P10: -0.18237459 | Q10: -0.04533335 | R10: -0.12129657 | S10: 0.080514415 | T10: 0.032593153 | U10: -0.35607026 | V10: -0.32080269 | W10: 0.029890867 | X10: -0.1526231 | Y10: -0.11164338 | Z10: -0.1715751 | AA10: 0.034160958 | AB10: -0.042357916 | AC10: 0.12428051 | AD10: -0.059973535 | AE10: 0.13677485 | AF10: 0.019377278 | AG10: 0.015658317 | AH10: -0.13837543 | AI10: -0.018983837 | AJ10: -0.027965794 | AK10: -0.15512701 | AL10: 0.13196114 | AM10: -0.046563998 | AN10: -0.080172453 | AO10: -0.24404813 | AP10: 0.1409792 | AQ10: -0.011594255 | AR10: -0.0081235085 | AS10: -0.085489458 | AT10: 0.21010952 | AU10: -0.23725598 | AV10: -0.084373139 | AW10: -0.1084817
A11: sensitivityscore_After_layer1.0.conv3_0.5 | B11: -0.10045542 | C11: -0.44306513 | D11: -0.0078391981 | E11: -0.171068 | F11: -0.050560375 | G11: -0.15871863 | H11: 0.06146907 | I11: 0.18205615 | J11: -0.26218713 | K11: 1 | L11: 0.60218276 | M11: 0.35077528 | N11: 0.082103932 | O11: 0.028606358 | P11: 0.095344173 | Q11: 0.051652339 | R11: 0.049795314 | S11: 0.28814233 | T11: 0.11543419 | U11: 0.14432844 | V11: 0.073785214 | W11: -0.1730165 | X11: -0.10817255 | Y11: -0.1089952 | Z11: 0.11812416 | AA11: -0.023843555 | AB11: 0.24410143 | AC11: 0.019228899 | AD11: 0.058063648 | AE11: 0.071415977 | AF11: 0.031358725 | AG11: -0.015106767 | AH11: 0.25510665 | AI11: -0.28437747 | AJ11: -0.13041697 | AK11: -0.25807935 | AL11: 0.045806676 | AM11: 0.058461236 | AN11: -0.10753776 | AO11: 0.074973201 | AP11: 0.046063223 | AQ11: 0.025962805 | AR11: 0.016739842 | AS11: 0.12980994 | AT11: -0.20401157 | AU11: 0.00141806 | AV11: -0.18712194 | AW11: -0.045679908
A12: sensitivityscore_After_layer1.0.conv3_0.6 | B12: -0.12305748 | C12: -0.10949843 | D12: -0.17279294 | E12: -0.27119611 | F12: -0.072189212 | G12: -0.23555475 | H12: 0.027152705 | I12: 0.16433528 | J12: -0.087360738 | K12: 0.60218276 | L12: 1 | M12: 0.6087273 | N12: 0.086868757 | O12: -0.015625386 | P12: 0.19990927 | Q12: -0.10908539 | R12: 0.00081019621 | S12: 0.028372897 | T12: 0.1839542 | U12: 0.013778415 | V12: -0.16923081 | W12: 0.03431679 | X12: -0.060731078 | Y12: -0.080445137 | Z12: -0.15512742 | AA12: -0.17153029 | AB12: -0.098994463 | AC12: -0.16437064 | AD12: -0.21174507 | AE12: 0.020244943 | AF12: 0.10313862 | AG12: -0.021398203 | AH12: 0.2219061 | AI12: -0.33205314 | AJ12: -0.23961544 | AK12: -0.37464583 | AL12: -0.25588553 | AM12: 0.072733079 | AN12: -0.11331403 | AO12: 0.04138221 | AP12: -0.43859628 | AQ12: 0.035614272 | AR12: 0.12315727 | AS12: 0.029122352 | AT12: -0.41950359 | AU12: -0.36443518 | AV12: -0.4000128 | AW12: -0.43290324
A13: sensitivityscore_After_layer1.0.conv3_0.7 | B13: -0.055182469 | C13: -0.086590346 | D13: -0.1057397 | E13: -0.17879534 | F13: -0.29561438 | G13: -0.2159069 | H13: -0.13788904 | I13: 0.055431501 | J13: 0.024781068 | K13: 0.35077528 | L13: 0.6087273 | M13: 1 | N13: -0.06246991 | O13: 0.34021237 | P13: 0.29633413 | Q13: -0.12377035 | R13: -0.27633509 | S13: 0.064090857 | T13: 0.028595599 | U13: -0.034729799 | V13: -0.13998481 | W13: 0.24096938 | X13: 0.14046409 | Y13: -0.004752353 | Z13: -0.37859307 | AA13: -0.077461309 | AB13: -0.076207154 | AC13: -0.16005332 | AD13: -0.33228032 | AE13: 0.086231298 | AF13: 0.098382393 | AG13: 0.031521701 | AH13: 0.12363757 | AI13: -0.038745329 | AJ13: -0.064672931 | AK13: -0.11310781 | AL13: -0.11016252 | AM13: 0.1503772 | AN13: 0.018345173 | AO13: 0.14877875 | AP13: -0.32647897 | AQ13: -0.13159931 | AR13: -0.0088539317 | AS13: -0.085846145 | AT13: -0.056760873 | AU13: -0.094967549 | AV13: -0.10578138 | AW13: -0.13892387
... A49: sensitivityscore_After_layer4.2.conv3_0.7 | B49: 0.17203088 | C49: -0.19033898 | D49: -0.12569105 | E49: -0.051612073 | F49: -0.23097044 | G49: 0.36559153 | H49: 0.35336019 | I49: 0.24725091 | J49: -0.1084817 | K49: -0.045679908 | L49: -0.43290324 | M49: -0.13892387 | N49: 0.17402906 | O49: 0.20250213 | P49: 0.0027125174 | Q49: 0.12791623 | R49: -0.086892058 | S49: 0.23444326 | T49: 0.090208645 | U49: 0.090419553 | V49: 0.12066828 | W49: -0.18096033 | X49: -0.11945232 | Y49: -0.15413302 | Z49: 0.16912775 | AA49: 0.24483161 | AB49: 0.22018409 | AC49: 0.1472857 | AD49: 0.2266836 | AE49: 0.10656789 | AF49: -0.018128266 | AG49: 0.26585067 | AH49: -0.068436755 | AI49: 0.29205087 | AJ49: 0.28650271 | AK49: 0.23877412 | AL49: 0.30684216 | AM49: 0.017572712 | AN49: 0.15172904 | AO49: 0.16315492 | AP49: 0.49652429 | AQ49: -0.17464135 | AR49: -0.24237307 | AS49: -0.14208547 | AT49: 0.30128884 | AU49: 0.84194186 | AV49: 0.71967099 | AW49: 1

Sheet Class_5
B1: layer1.0.conv1 | C1: sensitivityscore_After_layer1.0.conv1_0.5 | D1: sensitivityscore_After_layer1.0.conv1_0.6 | E1: sensitivityscore_After_layer1.0.conv1_0.7 | F1: layer1.0.conv2 | G1: sensitivityscore_After_layer1.0.conv2_0.5 | H1: sensitivityscore_After_layer1.0.conv2_0.6 | I1: sensitivityscore_After_layer1.0.conv2_0.7 | J1: layer1.0.conv3 | K1: sensitivityscore_After_layer1.0.conv3_0.5 | L1: sensitivityscore_After_layer1.0.conv3_0.6 | M1: sensitivityscore_After_layer1.0.conv3_0.7 | N1: layer4.0.conv1 | O1: sensitivityscore_After_layer4.0.conv1_0.5 | P1: sensitivityscore_After_layer4.0.conv1_0.6 | Q1: sensitivityscore_After_layer4.0.conv1_0.7 | R1: layer4.0.conv2 | S1: sensitivityscore_After_layer4.0.conv2_0.5 | T1: sensitivityscore_After_layer4.0.conv2_0.6 | U1: sensitivityscore_After_layer4.0.conv2_0.7 | V1: layer4.0.conv3 | W1: sensitivityscore_After_layer4.0.conv3_0.5 | X1: sensitivityscore_After_layer4.0.conv3_0.6 | Y1: sensitivityscore_After_layer4.0.conv3_0.7 | Z1: layer4.1.conv1 | AA1: sensitivityscore_After_layer4.1.conv1_0.5 | AB1: sensitivityscore_After_layer4.1.conv1_0.6 | AC1: sensitivityscore_After_layer4.1.conv1_0.7 | AD1: layer4.1.conv2 | AE1: sensitivityscore_After_layer4.1.conv2_0.5 | AF1: sensitivityscore_After_layer4.1.conv2_0.6 | AG1: sensitivityscore_After_layer4.1.conv2_0.7 | AH1: layer4.1.conv3 | AI1: sensitivityscore_After_layer4.1.conv3_0.5 | AJ1: sensitivityscore_After_layer4.1.conv3_0.6 | AK1: sensitivityscore_After_layer4.1.conv3_0.7 | AL1: layer4.2.conv1 | AM1: sensitivityscore_After_layer4.2.conv1_0.5 | AN1: sensitivityscore_After_layer4.2.conv1_0.6 | AO1: sensitivityscore_After_layer4.2.conv1_0.7 | AP1: layer4.2.conv2 | AQ1: sensitivityscore_After_layer4.2.conv2_0.5 | AR1: sensitivityscore_After_layer4.2.conv2_0.6 | AS1: sensitivityscore_After_layer4.2.conv2_0.7 | AT1: layer4.2.conv3 | AU1: sensitivityscore_After_layer4.2.conv3_0.5 | AV1: sensitivityscore_After_layer4.2.conv3_0.6 | AW1: sensitivityscore_After_layer4.2.conv3_0.7
A2: layer1.0.conv1 | B2: 1 | C2: -0.05822903 | D2: 0.089912467 | E2: 0.16697869 | F2: 0.52565535 | G2: 0.068356929 | H2: -0.26430132 | I2: -0.053523397 | J2: 0.26722384 | K2: -0.21030187 | L2: 0.0086237783 | M2: -0.13381905 | N2: 0.19684505 | O2: -0.27771655 | P2: -0.064455146 | Q2: 0.38461182 | R2: 0.17842815 | S2: -0.034125111 | T2: 0.093002674 | U2: 0.19388742 | V2: 0.035755047 | W2: 0.18864322 | X2: 0.29559473 | Y2: 0.16955203 | Z2: 0.38889927 | AA2: -0.066851637 | AB2: 0.033979684 | AC2: 0.11909726 | AD2: 0.19754936 | AE2: 0.53084197 | AF2: 0.1463105 | AG2: 0.38604782 | AH2: 0.19742829 | AI2: 0.12851098 | AJ2: 0.21772805 | AK2: 0.24323427 | AL2: 0.079091805 | AM2: -0.28424086 | AN2: -0.10170483 | AO2: -0.33558602 | AP2: 0.083782534 | AQ2: -0.053138658 | AR2: -0.20240908 | AS2: -0.13281528 | AT2: -0.16371415 | AU2: 0.071569223 | AV2: -0.16429919 | AW2: -0.014617674
A3: sensitivityscore_After_layer1.0.conv1_0.5 | B3: -0.05822903 | C3: 1 | D3: 0.1547632 | E3: 0.20999915 | F3: 0.083940603 | G3: 0.053123689 | H3: 0.050904857 | I3: 0.0070710494 | J3: 0.25948836 | K3: 0.36543924 | L3: 0.59681722 | M3: 0.56311473 | N3: -0.22024549 | O3: 0.17567658 | P3: 0.059037643 | Q3: 0.11974287 | R3: -0.2261003 | S3: 0.26227331 | T3: 0.18867628 | U3: 0.30870464 | V3: -0.08282272 | W3: -0.053749408 | X3: -0.053899524 | Y3: -0.049123542 | Z3: -0.030035048 | AA3: 0.071125435 | AB3: -0.040810962 | AC3: -0.041269707 | AD3: 0.25058585 | AE3: -0.17853054 | AF3: -0.18545062 | AG3: -0.26030493 | AH3: -0.22933733 | AI3: 0.081320488 | AJ3: -0.097066214 | AK3: -0.0438224 | AL3: -0.18330326 | AM3: 0.094014945 | AN3: 0.14353088 | AO3: 0.32615608 | AP3: 0.086895636 | AQ3: -0.35522258 | AR3: -0.25627734 | AS3: -0.20281792 | AT3: -0.12270948 | AU3: -0.0081367425 | AV3: 0.22575446 | AW3: 0.065096868
A4: sensitivityscore_After_layer1.0.conv1_0.6 | B4: 0.089912467 | C4: 0.1547632 | D4: 1 | E4: 0.71889575 | F4: -0.061516095 | G4: -0.07247917 | H4: 0.075616008 | I4: 0.27277713 | J4: 0.13335541 | K4: -0.082709724 | L4: 0.37899428 | M4: 0.3026674 | N4: -0.017148322 | O4: 0.20410611 | P4: 0.025427361 | Q4: -0.016310199 | R4: -0.31954601 | S4: 0.072942373 | T4: 0.10794315 | U4: 0.036084788 | V4: -0.3372019 | W4: -0.30985146 | X4: -0.15767218 | Y4: -0.095157815 | Z4: -0.13079371 | AA4: -0.1486368 | AB4: -0.13729818 | AC4: 0.056012981 | AD4: -0.28929193 | AE4: 0.034840939 | AF4: 0.22918601 | AG4: 0.23199146 | AH4: 0.026144106 | AI4: 0.092702721 | AJ4: 0.084759777 | AK4: -0.065355053 | AL4: -0.18872701 | AM4: 0.038529002 | AN4: -0.061083628 | AO4: 0.21967916 | AP4: 0.0022593319 | AQ4: -0.30441259 | AR4: -0.24202796 | AS4: -0.34659191 | AT4: 0.16276215 | AU4: 0.12676514 | AV4: -0.082107447 | AW4: -0.02181998
A5: sensitivityscore_After_layer1.0.conv1_0.7 | B5: 0.16697869 | C5: 0.20999915 | D5: 0.71889575 | E5: 1 | F5: -0.0083772736 | G5: -0.096512537 | H5: 0.028615399 | I5: 0.1481296 | J5: -0.030955585 | K5: -0.2249126 | L5: 0.33822281 | M5: 0.073299289 | N5: 0.064215746 | O5: 0.15923473 | P5: -0.15088674 | Q5: 0.0069120697 | R5: -0.19810753 | S5: 0.17824297 | T5: 0.23536278 | U5: 0.14372168 | V5: -0.22451825 | W5: -0.39499798 | X5: -0.25800359 | Y5: -0.30902387 | Z5: -0.032429497 | AA5: -0.15265074 | AB5: -0.26577887 | AC5: -0.25848115 | AD5: -0.18370899 | AE5: 0.26408792 | AF5: -0.010887208 | AG5: 0.19366119 | AH5: -0.032232509 | AI5: 0.025041798 | AJ5: -0.12773859 | AK5: -0.32872424 | AL5: -0.25979643 | AM5: 0.026344113 | AN5: 0.095195376 | AO5: 0.19868304 | AP5: -0.11923275 | AQ5: -0.29008316 | AR5: -0.3397072 | AS5: -0.37014029 | AT5: -0.030711804 | AU5: -0.0016791666 | AV5: -0.076896414 | AW5: 0.019855917
A6: layer1.0.conv2 | B6: 0.52565535 | C6: 0.083940603 | D6: -0.061516095 | E6: -0.0083772736 | F6: 1 | G6: 0.16694249 | H6: -0.040262387 | I6: -0.099278604 | J6: 0.45511264 | K6: -0.20804787 | L6: 0.011732275 | M6: 0.14001693 | N6: 0.3438942 | O6: 0.10317568 | P6: 0.064642391 | Q6: 0.33194592 | R6: 0.27034596 | S6: 0.039696978 | T6: -0.088389078 | U6: 0.27720808 | V6: 0.18843505 | W6: 0.24345417 | X6: 0.47077297 | Y6: 0.1379065 | Z6: 0.3688253 | AA6: -0.097295987 | AB6: -0.1370431 | AC6: 0.14449557 | AD6: 0.38371755 | AE6: 0.35506915 | AF6: 0.11674398 | AG6: 0.16875982 | AH6: 0.082121167 | AI6: 0.41597068 | AJ6: 0.3682929 | AK6: 0.3680939 | AL6: 0.15421914 | AM6: -0.1689917 | AN6: 0.053453874 | AO6: -0.20537107 | AP6: 0.29847604 | AQ6: 0.16457522 | AR6: 0.20663683 | AS6: 0.23692586 | AT6: -0.073249992 | AU6: 0.094699871 | AV6: 0.026672985 | AW6: 0.26369004
A7: sensitivityscore_After_layer1.0.conv2_0.5 | B7: 0.068356929 | C7: 0.053123689 | D7: -0.07247917 | E7: -0.096512537 | F7: 0.16694249 | G7: 1 | H7: 0.59491739 | I7: 0.38916808 | J7: 0.22511558 | K7: -0.088354599 | L7: 0.0041100221 | M7: -0.025688959 | N7: -0.12750455 | O7: -0.024765951 | P7: -0.24499288 | Q7: -0.062730751 | R7: -0.24397717 | S7: 0.086437045 | T7: -0.061815743 | U7: 0.040945555 | V7: -0.47332099 | W7: -0.015577628 | X7: -0.0059866505 | Y7: 0.12388197 | Z7: 0.01186331 | AA7: -0.14046205 | AB7: 0.13735856 | AC7: 0.32473365 | AD7: 0.10328314 | AE7: -0.046486577 | AF7: -0.097317047 | AG7: -0.29304282 | AH7: 0.14943517 | AI7: -0.11633212 | AJ7: -0.015633152 | AK7: -0.094760848 | AL7: 0.064675215 | AM7: 0.054482903 | AN7: -0.059288904 | AO7: -0.021314702 | AP7: 0.34352098 | AQ7: -0.095798606 | AR7: -0.066327528 | AS7: -0.077841801 | AT7: 0.33757086 | AU7: 0.26812098 | AV7: 0.15225038 | AW7: 0.34258948
A8: sensitivityscore_After_layer1.0.conv2_0.6 | B8: -0.26430132 | C8: 0.050904857 | D8: 0.075616008 | E8: 0.028615399 | F8: -0.040262387 | G8: 0.59491739 | H8: 1 | I8: 0.68781362 | J8: 0.054253563 | K8: -0.067385946 | L8: 0.24850968 | M8: 0.19802487 | N8: -0.37129501 | O8: 0.066414197 | P8: -0.056780378 | Q8: 0.038192515 | R8: -0.56402233 | S8: 0.28227973 | T8: 0.11779766 | U8: 0.056567521 | V8: -0.47644244 | W8: -0.24539474 | X8: -0.12175691 | Y8: -0.079304849 | Z8: -0.17820355 | AA8: -0.077702511 | AB8: -0.013201901 | AC8: 0.40607846 | AD8: -0.096308915 | AE8: -0.080615621 | AF8: 0.025785501 | AG8: -0.29045073 | AH8: 0.23250126 | AI8: 0.00029007656 | AJ8: -0.10204419 | AK8: -0.220063 | AL8: 0.040800808 | AM8: 0.24516261 | AN8: 0.10232255 | AO8: 0.22034996 | AP8: 0.056261302 | AQ8: 0.059104109 | AR8: 0.19730736 | AS8: 0.061133172 | AT8: 0.23928224 | AU8: 0.089046714 | AV8: -0.032431934 | AW8: 0.24797619
A9: sensitivityscore_After_layer1.0.conv2_0.7 | B9: -0.053523397 | C9: 0.0070710494 | D9: 0.27277713 | E9: 0.1481296 | F9: -0.099278604 | G9: 0.38916808 | H9: 0.68781362 | I9: 1 | J9: -0.012191396 | K9: -0.26357957 | L9: 0.22160136 | M9: 0.23599916 | N9: -0.10935504 | O9: -0.062105185 | P9: -0.13707751 | Q9: -0.018064607 | R9: -0.60414747 | S9: 0.19062281 | T9: 0.047682621 | U9: -0.0040998151 | V9: -0.52008238 | W9: -0.30815109 | X9: -0.16971561 | Y9: -0.14677425 | Z9: -0.33757807 | AA9: -0.29964107 | AB9: -0.26338416 | AC9: 0.17872351 | AD9: -0.36355369 | AE9: -0.11433165 | AF9: -0.079609875 | AG9: -0.18122431 | AH9: 0.037405634 | AI9: -0.22576524 | AJ9: -0.17969756 | AK9: -0.27909598 | AL9: -0.2166443 | AM9: 0.26376091 | AN9: 0.097798544 | AO9: 0.067654742 | AP9: -0.087235594 | AQ9: -0.13807985 | AR9: -0.1311302 | AS9: -0.18066192 | AT9: 0.1391321 | AU9: 0.064139935 | AV9: 0.0029359865 | AW9: 0.14742789
A10: layer1.0.conv3 | B10: 0.26722384 | C10: 0.25948836 | D10: 0.13335541 | E10: -0.030955585 | F10: 0.45511264 | G10: 0.22511558 | H10: 0.054253563 | I10: -0.012191396 | J10: 1 | K10: 0.22223293 | L10: 0.24029998 | M10: 0.22946491 | N10: 0.12241752 | O10: 0.068564149 | P10: 0.085815739 | Q10: 0.22443139 | R10: -0.011724715 | S10: 0.076544048 | T10: -0.060140915 | U10: 0.24574284 | V10: -0.12280599 | W10: -0.086153713 | X10: 0.095386233 | Y10: -0.078139927 | Z10: 0.12296302 | AA10: -0.026622405 | AB10: -0.21588939 | AC10: 0.028736754 | AD10: 0.17891914 | AE10: 0.20443069 | AF10: -0.075522658 | AG10: -0.1577828 | AH10: 0.19093317 | AI10: 0.081156897 | AJ10: 0.066970924 | AK10: 0.13829767 | AL10: 0.01804645 | AM10: -0.059259775 | AN10: -0.009613605 | AO10: 0.095777966 | AP10: 0.2796086 | AQ10: 0.063876662 | AR10: 0.18100688 | AS10: 0.1208589 | AT10: -0.055735016 | AU10: 0.19052977 | AV10: 0.080739219 | AW10: 0.18208527
A11: sensitivityscore_After_layer1.0.conv3_0.5 | B11: -0.21030187 | C11: 0.36543924 | D11: -0.082709724 | E11: -0.2249126 | F11: -0.20804787 | G11: -0.088354599 | H11: -0.067385946 | I11: -0.26357957 | J11: 0.22223293 | K11: 1 | L11: 0.36587851 | M11: 0.048012782 | N11: -0.32109154 | O11: 0.12069065 | P11: 0.27278637 | Q11: 0.056810374 | R11: -0.14272275 | S11: -0.13015022 | T11: 0.044594331 | U11: -0.02635575 | V11: 0.014176194 | W11: -0.15191316 | X11: -0.11415926 | Y11: -0.11591129 | Z11: 0.073473967 | AA11: 0.066891815 | AB11: 0.12880842 | AC11: 0.10048914 | AD11: 0.21684888 | AE11: -0.20351936 | AF11: 0.024594419 | AG11: -0.19036773 | AH11: 0.11841996 | AI11: 0.067383659 | AJ11: 0.054079872 | AK11: 0.20417945 | AL11: 0.38609494 | AM11: -0.089973405 | AN11: -0.064198539 | AO11: 0.073154864 | AP11: 0.10405272 | AQ11: -0.078981274 | AR11: 0.058119869 | AS11: 0.027172611 | AT11: -0.19161319 | AU11: 0.069575959 | AV11: 0.20282277 | AW11: 0.1310675
A12: sensitivityscore_After_layer1.0.conv3_0.6 | B12: 0.0086237783 | C12: 0.59681722 | D12: 0.37899428 | E12: 0.33822281 | F12: 0.011732275 | G12: 0.0041100221 | H12: 0.24850968 | I12: 0.22160136 | J12: 0.24029998 | K12: 0.36587851 | L12: 1 | M12: 0.6522046 | N12: -0.20273196 | O12: 0.17518543 | P12: 0.07488723 | Q12: 0.016901915 | R12: -0.39807856 | S12: 0.094191808 | T12: -0.023648983 | U12: 0.15012053 | V12: -0.28739757 | W12: -0.33754878 | X12: -0.22090716 | Y12: -0.18486181 | Z12: -0.14956659 | AA12: -0.13532694 | AB12: -0.18039953 | AC12: 0.079332689 | AD12: 0.065645049 | AE12: -0.12757621 | AF12: -0.029661842 | AG12: -0.16882084 | AH12: 0.020348484 | AI12: 0.077078185 | AJ12: -0.13777326 | AK12: -0.10527937 | AL12: -0.037274118 | AM12: -0.0021972819 | AN12: 0.13980736 | AO12: 0.32751794 | AP12: -0.036566556 | AQ12: -0.30861199 | AR12: -0.1333607 | AS12: -0.17263409 | AT12: -0.13661323 | AU12: 0.12037148 | AV12: 0.061225761 | AW12: 0.099446837
A13: sensitivityscore_After_layer1.0.conv3_0.7 | B13: -0.13381905 | C13: 0.56311473 | D13: 0.3026674 | E13: 0.073299289 | F13: 0.14001693 | G13: -0.025688959 | H13: 0.19802487 | I13: 0.23599916 | J13: 0.22946491 | K13: 0.048012782 | L13: 0.6522046 | M13: 1 | N13: -0.048138474 | O13: 0.29801243 | P13: 0.15542701 | Q13: 0.025247541 | R13: -0.18428594 | S13: 0.2647128 | T13: -0.059307379 | U13: 0.14759451 | V13: -0.080632787 | W13: 0.0085566592 | X13: -0.034152984 | Y13: 0.068867249 | Z13: -0.067886037 | AA13: -0.15210138 | AB13: -0.18701013 | AC13: 0.062308363 | AD13: 0.16485856 | AE13: -0.30329752 | AF13: -0.18356245 | AG13: -0.17350215 | AH13: -0.090566673 | AI13: 0.27516038 | AJ13: 0.11668028 | AK13: 0.099321957 | AL13: -0.081198301 | AM13: 0.0071447215 | AN13: 0.081671352 | AO13: 0.3378507 | AP13: 0.045797693 | AQ13: -0.081485908 | AR13: 0.073003935 | AS13: 0.12097664 | AT13: -0.087470346 | AU13: 0.078796277 | AV13: 0.054418061 | AW13: 0.030432609
... A49: sensitivityscore_After_layer4.2.conv3_0.7 | B49: -0.014617674 | C49: 0.065096868 | D49: -0.02181998 | E49: 0.019855917 | F49: 0.26369004 | G49: 0.34258948 | H49: 0.24797619 | I49: 0.14742789 | J49: 0.18208527 | K49: 0.1310675 | L49: 0.099446837 | M49: 0.030432609 | N49: -0.12539417 | O49: 0.21228595 | P49: 0.26387777 | Q49: 0.064504307 | R49: -0.29050461 | S49: 0.29283401 | T49: 0.18340006 | U49: 0.30178654 | V49: -0.12928007 | W49: 0.045692106 | X49: 0.07441694 | Y49: 0.069203897 | Z49: 0.1950804 | AA49: -0.30878413 | AB49: 0.13369487 | AC49: 0.26684841 | AD49: 0.45370853 | AE49: 0.0027012476 | AF49: 0.11010527 | AG49: -0.31669059 | AH49: 0.38670414 | AI49: 0.23898829 | AJ49: 0.25257855 | AK49: 0.28473367 | AL49: 0.14228052 | AM49: 0.03257424 | AN49: 0.3031595 | AO49: 0.13444065 | AP49: 0.22686748 | AQ49: 0.14369505 | AR49: 0.15879409 | AS49: 0.25865627 | AT49: 0.15903076 | AU49: 0.63490645 | AV49: 0.66794231 | AW49: 1

Sheet Class_6
B1: layer1.0.conv1 | C1: sensitivityscore_After_layer1.0.conv1_0.5 | D1: sensitivityscore_After_layer1.0.conv1_0.6 | E1: sensitivityscore_After_layer1.0.conv1_0.7 | F1: layer1.0.conv2 | G1: sensitivityscore_After_layer1.0.conv2_0.5 | H1: sensitivityscore_After_layer1.0.conv2_0.6 | I1: sensitivityscore_After_layer1.0.conv2_0.7 | J1: layer1.0.conv3 | K1: sensitivityscore_After_layer1.0.conv3_0.5 | L1: sensitivityscore_After_layer1.0.conv3_0.6 | M1: sensitivityscore_After_layer1.0.conv3_0.7 | N1: layer4.0.conv1 | O1: sensitivityscore_After_layer4.0.conv1_0.5 | P1: sensitivityscore_After_layer4.0.conv1_0.6 | Q1: sensitivityscore_After_layer4.0.conv1_0.7 | R1: layer4.0.conv2 | S1: sensitivityscore_After_layer4.0.conv2_0.5 | T1: sensitivityscore_After_layer4.0.conv2_0.6 | U1: sensitivityscore_After_layer4.0.conv2_0.7 | V1: layer4.0.conv3 | W1: sensitivityscore_After_layer4.0.conv3_0.5 | X1: sensitivityscore_After_layer4.0.conv3_0.6 | Y1: sensitivityscore_After_layer4.0.conv3_0.7 | Z1: layer4.1.conv1 | AA1: sensitivityscore_After_layer4.1.conv1_0.5 | AB1: sensitivityscore_After_layer4.1.conv1_0.6 | AC1: sensitivityscore_After_layer4.1.conv1_0.7 | AD1: layer4.1.conv2 | AE1: sensitivityscore_After_layer4.1.conv2_0.5 | AF1: sensitivityscore_After_layer4.1.conv2_0.6 | AG1: sensitivityscore_After_layer4.1.conv2_0.7 | AH1: layer4.1.conv3 | AI1: sensitivityscore_After_layer4.1.conv3_0.5 | AJ1: sensitivityscore_After_layer4.1.conv3_0.6 | AK1: sensitivityscore_After_layer4.1.conv3_0.7 | AL1: layer4.2.conv1 | AM1: sensitivityscore_After_layer4.2.conv1_0.5 | AN1: sensitivityscore_After_layer4.2.conv1_0.6 | AO1: sensitivityscore_After_layer4.2.conv1_0.7 | AP1: layer4.2.conv2 | AQ1: sensitivityscore_After_layer4.2.conv2_0.5 | AR1: sensitivityscore_After_layer4.2.conv2_0.6 | AS1: sensitivityscore_After_layer4.2.conv2_0.7 | AT1: layer4.2.conv3 | AU1: sensitivityscore_After_layer4.2.conv3_0.5 | AV1: sensitivityscore_After_layer4.2.conv3_0.6 | AW1: sensitivityscore_After_layer4.2.conv3_0.7
A2: layer1.0.conv1 | B2: 1 | C2: -0.0082419448 | D2: -0.079103975 | E2: 0.12436925 | F2: 0.32053249 | G2: -0.0078262431 | H2: -0.12805769 | I2: -0.24971912 | J2: 0.38486161 | K2: 0.23898819 | L2: 0.25149469 | M2: -0.0027613156 | N2: 0.029023555 | O2: -0.10724312 | P2: -0.079554721 | Q2: -0.037286398 | R2: 0.35222238 | S2: 0.12636293 | T2: 0.10910981 | U2: -0.012218893 | V2: 0.17667631 | W2: 0.14864953 | X2: -0.025666596 | Y2: 0.1390715 | Z2: 0.038752859 | AA2: -0.064753523 | AB2: 0.034143958 | AC2: -0.1818385 | AD2: 0.018138488 | AE2: -0.016243207 | AF2: -0.13974651 | AG2: -0.065128277 | AH2: 0.058988603 | AI2: 0.17849262 | AJ2: 0.22817082 | AK2: 0.31021334 | AL2: 0.11883422 | AM2: -0.042982492 | AN2: 0.20086982 | AO2: 0.075813545 | AP2: 0.018668422 | AQ2: -0.078446319 | AR2: -0.084230383 | AS2: -0.11063396 | AT2: 0.20739288 | AU2: 0.0051594355 | AV2: 0.10024228 | AW2: 0.19074217
A3: sensitivityscore_After_layer1.0.conv1_0.5 | B3: -0.0082419448 | C3: 1 | D3: 0.3838205 | E3: 0.15256732 | F3: -0.021974805 | G3: 0.048468168 | H3: -0.077518087 | I3: 0.07731329 | J3: 0.29284976 | K3: -0.2304672 | L3: -0.12311249 | M3: 0.030930619 | N3: -0.1738309 | O3: -0.25151661 | P3: 0.02508624 | Q3: 0.27060707 | R3: -0.09591707 | S3: -0.11500489 | T3: -0.023100252 | U3: 0.0062250897 | V3: 0.09495315 | W3: 0.28002031 | X3: 0.30608729 | Y3: 0.28488169 | Z3: 0.20774939 | AA3: 0.10804831 | AB3: 0.0034560747 | AC3: -0.028280367 | AD3: 0.14639329 | AE3: 0.25709513 | AF3: 0.14503036 | AG3: 0.13046043 | AH3: 0.0012757079 | AI3: 0.24001098 | AJ3: 0.34298232 | AK3: 0.32072467 | AL3: 0.08780034 | AM3: -0.16853313 | AN3: -0.08788856 | AO3: -0.20486841 | AP3: 0.13563882 | AQ3: 0.052981566 | AR3: 0.10707794 | AS3: -0.10217046 | AT3: -0.10344462 | AU3: -0.0084528703 | AV3: -0.0012624831 | AW3: -0.11446647
A4: sensitivityscore_After_layer1.0.conv1_0.6 | B4: -0.079103975 | C4: 0.3838205 | D4: 1 | E4: 0.55994309 | F4: -0.036823458 | G4: -0.016156537 | H4: -0.0949187 | I4: 0.10567484 | J4: 0.13609699 | K4: -0.21212875 | L4: -0.14701784 | M4: 0.023536324 | N4: -0.1663669 | O4: -0.096667677 | P4: 0.12613669 | Q4: 0.060173421 | R4: -0.076368319 | S4: -0.19908136 | T4: -0.13121253 | U4: -0.11496739 | V4: 0.043133491 | W4: 0.20858802 | X4: 0.2709652 | Y4: 0.19940967 | Z4: 0.13640871 | AA4: 0.13942307 | AB4: 0.11180939 | AC4: 0.059171214 | AD4: 0.043256555 | AE4: 0.12947256 | AF4: 0.12751467 | AG4: 0.13964737 | AH4: -0.11417891 | AI4: 0.077945857 | AJ4: 0.11633346 | AK4: 0.12220644 | AL4: -0.0095976129 | AM4: -0.11579702 | AN4: -0.14906863 | AO4: -0.14842009 | AP4: -0.051980944 | AQ4: -0.0065265361 | AR4: -0.12712041 | AS4: -0.15059559 | AT4: -0.029183772 | AU4: -0.17579416 | AV4: -0.12969151 | AW4: -0.22614017
A5: sensitivityscore_After_layer1.0.conv1_0.7 | B5: 0.12436925 | C5: 0.15256732 | D5: 0.55994309 | E5: 1 | F5: 0.13830041 | G5: -0.11549938 | H5: -0.039690427 | I5: 0.11938826 | J5: 0.23125034 | K5: -0.15300967 | L5: 0.049556706 | M5: 0.13158697 | N5: -0.044002504 | O5: -0.03935649 | P5: 0.03700711 | Q5: -0.12379384 | R5: 0.092657022 | S5: -0.10892545 | T5: -0.12008747 | U5: 0.10513416 | V5: 0.022198818 | W5: 0.13701693 | X5: 0.17968617 | Y5: 0.21069844 | Z5: 0.1858439 | AA5: 0.26500321 | AB5: -0.033864691 | AC5: 0.14130996 | AD5: 0.40900224 | AE5: -0.050899501 | AF5: -0.039704943 | AG5: -0.099756253 | AH5: -0.024494443 | AI5: -0.068882978 | AJ5: -0.059931239 | AK5: -0.014880801 | AL5: -0.25892396 | AM5: 0.026570707 | AN5: -0.011816442 | AO5: -0.088857759 | AP5: -0.16961582 | AQ5: 0.041578916 | AR5: 0.11996002 | AS5: 0.084982441 | AT5: 0.20547613 | AU5: -0.022018866 | AV5: 0.1308057 | AW5: -0.014274709
A6: layer1.0.conv2 | B6: 0.32053249 | C6: -0.021974805 | D6: -0.036823458 | E6: 0.13830041 | F6: 1 | G6: 0.0080214862 | H6: 0.14624448 | I6: -0.12631111 | J6: 0.49321892 | K6: 0.11038903 | L6: 0.069643168 | M6: 0.034042186 | N6: 0.18886661 | O6: 0.10615705 | P6: -0.018265349 | Q6: -0.019648642 | R6: 0.093855957 | S6: 0.12185767 | T6: -0.026191535 | U6: -0.068251529 | V6: 0.15695746 | W6: -0.081870349 | X6: -0.19631915 | Y6: -0.17271588 | Z6: 0.11153976 | AA6: -0.28842589 | AB6: -0.30113244 | AC6: -0.49505619 | AD6: 0.068953654 | AE6: -0.07309225 | AF6: -0.23463849 | AG6: -0.25169495 | AH6: -0.038823467 | AI6: -0.069597995 | AJ6: -0.11049403 | AK6: -0.18822166 | AL6: 0.30111974 | AM6: -0.20296416 | AN6: -0.14553069 | AO6: -0.047314651 | AP6: 0.31528327 | AQ6: -0.08416167 | AR6: -0.033304456 | AS6: -0.081219672 | AT6: 0.16863226 | AU6: -0.060217989 | AV6: -0.13146865 | AW6: 0.093309029
A7: sensitivityscore_After_layer1.0.conv2_0.5 | B7: -0.0078262431 | C7: 0.048468168 | D7: -0.016156537 | E7: -0.11549938 | F7: 0.0080214862 | G7: 1 | H7: 0.62117995 | I7: 0.15891521 | J7: 0.046262245 | K7: 0.16369256 | L7: 0.14570437 | M7: 0.17463736 | N7: -0.017553177 | O7: -0.22773855 | P7: -0.025397441 | Q7: -0.14721475 | R7: 0.16125693 | S7: 0.012787436 | T7: 0.002434045 | U7: 0.10962927 | V7: 0.32337866 | W7: 0.021973304 | X7: 0.031132175 | Y7: 0.08100839 | Z7: 0.2822476 | AA7: 0.12041686 | AB7: 0.36085828 | AC7: 0.20151006 | AD7: 0.20055854 | AE7: 0.28400716 | AF7: 0.13272254 | AG7: 0.2118227 | AH7: -0.1166517 | AI7: 0.11940447 | AJ7: 0.10408285 | AK7: 0.13571236 | AL7: -0.029628301 | AM7: 0.30865727 | AN7: 0.23992713 | AO7: 0.31312099 | AP7: -0.052904804 | AQ7: -0.030173764 | AR7: 0.037548436 | AS7: 0.0901206 | AT7: 0.037525008 | AU7: 0.23725275 | AV7: 0.13476991 | AW7: 0.072705985
A8: sensitivityscore_After_layer1.0.conv2_0.6 | B8: -0.12805769 | C8: -0.077518087 | D8: -0.0949187 | E8: -0.039690427 | F8: 0.14624448 | G8: 0.62117995 | H8: 1 | I8: 0.38730757 | J8: 0.010403553 | K8: 0.15390296 | L8: 0.15888587 | M8: 0.20778865 | N8: -0.23903948 | O8: -0.32352147 | P8: -0.32225264 | Q8: -0.21404496 | R8: -0.055462638 | S8: 0.010557008 | T8: -0.085880142 | U8: 0.18468637 | V8: 0.1562419 | W8: 0.028083122 | X8: 0.012766541 | Y8: -0.064845124 | Z8: 0.13301369 | AA8: 0.15334137 | AB8: 0.044878649 | AC8: 0.054075428 | AD8: 0.049960748 | AE8: 0.055783955 | AF8: -0.13862501 | AG8: -0.085315258 | AH8: -0.08319841 | AI8: -0.10728692 | AJ8: -0.10671853 | AK8: -0.010439342 | AL8: 0.014436712 | AM8: 0.15729553 | AN8: 0.10245494 | AO8: 0.21650851 | AP8: 0.20049793 | AQ8: 0.037252769 | AR8: 0.23619168 | AS8: 0.29713146 | AT8: -0.058899288 | AU8: 0.061500379 | AV8: -0.11252598 | AW8: 0.075762542
A9: sensitivityscore_After_layer1.0.conv2_0.7 | B9: -0.24971912 | C9: 0.07731329 | D9: 0.10567484 | E9: 0.11938826 | F9: -0.12631111 | G9: 0.15891521 | H9: 0.38730757 | I9: 1 | J9: -0.07998593 | K9: -0.037531183 | L9: 0.20551324 | M9: 0.30535512 | N9: -0.10613421 | O9: -0.28819421 | P9: -0.24850464 | Q9: -0.022055814 | R9: 0.010801197 | S9: 0.010070943 | T9: -0.057869304 | U9: -0.034380647 | V9: 0.049105429 | W9: 0.2570466 | X9: 0.20437362 | Y9: 0.2445981 | Z9: 0.078164573 | AA9: 0.0812923 | AB9: 0.094967643 | AC9: 0.12736589 | AD9: 0.094403836 | AE9: 0.12024456 | AF9: 0.010952856 | AG9: 0.079897248 | AH9: -0.034929806 | AI9: 0.02035833 | AJ9: 0.0062352845 | AK9: 0.010879711 | AL9: -0.12806869 | AM9: 0.092480068 | AN9: 0.10770367 | AO9: 0.15531312 | AP9: -0.074080044 | AQ9: -0.058138272 | AR9: 0.15117938 | AS9: 0.0729269 | AT9: -0.16810117 | AU9: 0.18905075 | AV9: 0.084886842 | AW9: 0.098050266
A10: layer1.0.conv3 | B10: 0.38486161 | C10: 0.29284976 | D10: 0.13609699 | E10: 0.23125034 | F10: 0.49321892 | G10: 0.046262245 | H10: 0.010403553 | I10: -0.07998593 | J10: 1 | K10: 0.097654353 | L10: 0.20056503 | M10: 0.16997993 | N10: 0.0014934186 | O10: -0.046857928 | P10: 0.18761547 | Q10: 0.070326807 | R10: -0.050571951 | S10: -0.12875592 | T10: -0.10417133 | U10: -0.049226799 | V10: 0.13960065 | W10: 0.29262222 | X10: 0.17018347 | Y10: 0.26340451 | Z10: 0.12444075 | AA10: -0.088241977 | AB10: -0.14700901 | AC10: -0.29050046 | AD10: 0.18045391 | AE10: 0.10472475 | AF10: -0.062412539 | AG10: -0.11334682 | AH10: 0.039130782 | AI10: -0.05759974 | AJ10: 0.071413444 | AK10: 0.061053985 | AL10: 0.25566206 | AM10: -0.19418416 | AN10: -0.075842185 | AO10: -0.063710485 | AP10: 0.27713296 | AQ10: -0.04908451 | AR10: -0.093548868 | AS10: -0.10775873 | AT10: -0.095892899 | AU10: -0.13403255 | AV10: -0.18765811 | AW10: -0.01504912
A11: sensitivityscore_After_layer1.0.conv3_0.5 | B11: 0.23898819 | C11: -0.2304672 | D11: -0.21212875 | E11: -0.15300967 | F11: 0.11038903 | G11: 0.16369256 | H11: 0.15390296 | I11: -0.037531183 | J11: 0.097654353 | K11: 1 | L11: 0.64021508 | M11: 0.37282743 | N11: -0.0072208866 | O11: 0.14041174 | P11: -0.05993029 | Q11: 0.20901967 | R11: -0.0027102602 | S11: 0.22824908 | T11: 0.18388164 | U11: -0.036770786 | V11: 0.0015449593 | W11: -0.031883036 | X11: -0.18431841 | Y11: -0.12919125 | Z11: -0.059927478 | AA11: -0.10706709 | AB11: 0.013497047 | AC11: -0.047709656 | AD11: -0.1459572 | AE11: 0.0634632 | AF11: 0.0027452907 | AG11: -0.0067611717 | AH11: 0.036568346 | AI11: -0.1424388 | AJ11: -0.14999206 | AK11: -0.017330158 | AL11: 0.026482823 | AM11: 0.028423004 | AN11: 0.10009739 | AO11: 0.16600865 | AP11: -0.22649009 | AQ11: 0.047717622 | AR11: -0.055905951 | AS11: -0.039134906 | AT11: -0.049865631 | AU11: 0.17207677 | AV11: 0.21484019 | AW11: 0.21746328
A12: sensitivityscore_After_layer1.0.conv3_0.6 | B12: 0.25149469 | C12: -0.12311249 | D12: -0.14701784 | E12: 0.049556706 | F12: 0.069643168 | G12: 0.14570437 | H12: 0.15888587 | I12: 0.20551324 | J12: 0.20056503 | K12: 0.64021508 | L12: 1 | M12: 0.70497722 | N12: 0.014723919 | O12: -0.0049718948 | P12: -0.1141145 | Q12: 0.077146483 | R12: 0.15682877 | S12: -0.037432013 | T12: 0.064256599 | U12: 0.089108201 | V12: 0.19974229 | W12: 0.011378799 | X12: -0.10584368 | Y12: 0.0042746185 | Z12: -0.10303296 | AA12: 0.043682654 | AB12: -0.0054329685 | AC12: 0.019399104 | AD12: 0.042941746 | AE12: 0.06239885 | AF12: -0.09315519 | AG12: -0.10230547 | AH12: 0.069822454 | AI12: -0.11496885 | AJ12: -0.024178819 | AK12: 0.15176299 | AL12: -0.075332337 | AM12: 0.063499762 | AN12: 0.1143811 | AO12: 0.0033580382 | AP12: -0.25741273 | AQ12: -0.037906033 | AR12: -0.090162843 | AS12: -0.11673091 | AT12: 0.14797647 | AU12: 0.079110256 | AV12: 0.16072608 | AW12: 0.15139685
A13: sensitivityscore_After_layer1.0.conv3_0.7 | B13: -0.0027613156 | C13: 0.030930619 | D13: 0.023536324 | E13: 0.13158697 | F13: 0.034042186 | G13: 0.17463736 | H13: 0.20778865 | I13: 0.30535512 | J13: 0.16997993 | K13: 0.37282743 | L13: 0.70497722 | M13: 1 | N13: -0.16158383 | O13: -0.094734177 | P13: -0.12184211 | Q13: -0.057598242 | R13: 0.0017412385 | S13: -0.17740141 | T13: -0.21206663 | U13: 0.00091433765 | V13: 0.16654247 | W13: 0.10886666 | X13: 0.00066082526 | Y13: 0.010694549 | Z13: 0.028896897 | AA13: 0.10841293 | AB13: 0.043454509 | AC13: 0.05197349 | AD13: 0.022292116 | AE13: -0.14607508 | AF13: -0.3135156 | AG13: -0.32366553 | AH13: 0.03938709 | AI13: -0.18404174 | AJ13: -0.12169044 | AK13: -0.045961761 | AL13: -0.080300129 | AM13: -0.031880236 | AN13: -0.086454459 | AO13: -0.11019228 | AP13: -0.18997559 | AQ13: -0.20066015 | AR13: -0.16533688 | AS13: -0.26634265 | AT13: -0.084692973 | AU13: -0.17319721 | AV13: -0.097276248 | AW13: -0.097007818
... A49: sensitivityscore_After_layer4.2.conv3_0.7 | B49: 0.19074217 | C49: -0.11446647 | D49: -0.22614017 | E49: -0.014274709 | F49: 0.093309029 | G49: 0.072705985 | H49: 0.075762542 | I49: 0.098050266 | J49: -0.01504912 | K49: 0.21746328 | L49: 0.15139685 | M49: -0.097007818 | N49: -0.14933921 | O49: 0.20454235 | P49: -0.14784325 | Q49: -0.013119129 | R49: 0.23164433 | S49: 0.2833405 | T49: 0.29660022 | U49: 0.031618898 | V49: -0.018449301 | W49: 0.15926131 | X49: 0.095766367 | Y49: 0.098631436 | Z49: 0.0062870315 | AA49: -0.052176267 | AB49: 0.15418395 | AC49: 0.23507028 | AD49: 0.21593614 | AE49: -0.013803847 | AF49: 0.14225737 | AG49: 0.19309894 | AH49: 0.19202904 | AI49: 0.34413892 | AJ49: 0.25149774 | AK49: 0.16427769 | AL49: -0.24936639 | AM49: 0.17224593 | AN49: 0.32691204 | AO49: 0.20388443 | AP49: -0.13738053 | AQ49: 0.17175421 | AR49: 0.35097824 | AS49: 0.064915874 | AT49: -0.051469734 | AU49: 0.58505225 | AV49: 0.54757707 | AW49: 1

Sheet Class_7
B1: layer1.0.conv1 | C1: sensitivityscore_After_layer1.0.conv1_0.5 | D1: sensitivityscore_After_layer1.0.conv1_0.6 | E1: sensitivityscore_After_layer1.0.conv1_0.7 | F1: layer1.0.conv2 | G1: sensitivityscore_After_layer1.0.conv2_0.5 | H1: sensitivityscore_After_layer1.0.conv2_0.6 | I1: sensitivityscore_After_layer1.0.conv2_0.7 | J1: layer1.0.conv3 | K1: sensitivityscore_After_layer1.0.conv3_0.5 | L1: sensitivityscore_After_layer1.0.conv3_0.6 | M1: sensitivityscore_After_layer1.0.conv3_0.7 | N1: layer4.0.conv1 | O1: sensitivityscore_After_layer4.0.conv1_0.5 | P1: sensitivityscore_After_layer4.0.conv1_0.6 | Q1: sensitivityscore_After_layer4.0.conv1_0.7 | R1: layer4.0.conv2 | S1: sensitivityscore_After_layer4.0.conv2_0.5 | T1: sensitivityscore_After_layer4.0.conv2_0.6 | U1: sensitivityscore_After_layer4.0.conv2_0.7 | V1: layer4.0.conv3 | W1: sensitivityscore_After_layer4.0.conv3_0.5 | X1: sensitivityscore_After_layer4.0.conv3_0.6 | Y1: sensitivityscore_After_layer4.0.conv3_0.7 | Z1: layer4.1.conv1 | AA1: sensitivityscore_After_layer4.1.conv1_0.5 | AB1: sensitivityscore_After_layer4.1.conv1_0.6 | AC1: sensitivityscore_After_layer4.1.conv1_0.7 | AD1: layer4.1.conv2 | AE1: sensitivityscore_After_layer4.1.conv2_0.5 | AF1: sensitivityscore_After_layer4.1.conv2_0.6 | AG1: sensitivityscore_After_layer4.1.conv2_0.7 | AH1: layer4.1.conv3 | AI1: sensitivityscore_After_layer4.1.conv3_0.5 | AJ1: sensitivityscore_After_layer4.1.conv3_0.6 | AK1: sensitivityscore_After_layer4.1.conv3_0.7 | AL1: layer4.2.conv1 | AM1: sensitivityscore_After_layer4.2.conv1_0.5 | AN1: sensitivityscore_After_layer4.2.conv1_0.6 | AO1: sensitivityscore_After_layer4.2.conv1_0.7 | AP1: layer4.2.conv2 | AQ1: sensitivityscore_After_layer4.2.conv2_0.5 | AR1: sensitivityscore_After_layer4.2.conv2_0.6 | AS1: sensitivityscore_After_layer4.2.conv2_0.7 | AT1: layer4.2.conv3 | AU1: sensitivityscore_After_layer4.2.conv3_0.5 | AV1: sensitivityscore_After_layer4.2.conv3_0.6 | AW1: sensitivityscore_After_layer4.2.conv3_0.7
A2: layer1.0.conv1 | B2: 1 | C2: -0.12809436 | D2: 0.037371811 | E2: -0.25700055 | F2: 0.73518711 | G2: 0.19362565 | H2: 0.088931109 | I2: 0.066141575 | J2: 0.66008647 | K2: -0.015640241 | L2: -0.033138628 | M2: -0.049440178 | N2: -0.19220676 | O2: 0.050530573 | P2: 0.08583928 | Q2: 0.15788128 | R2: 0.098322833 | S2: 0.1544221 | T2: 0.11282712 | U2: 0.083846278 | V2: 0.25930585 | W2: 0.051714838 | X2: 0.094801382 | Y2: -0.075399825 | Z2: 0.002749481 | AA2: 0.018215046 | AB2: 0.2204972 | AC2: 0.084057929 | AD2: 0.23107178 | AE2: 0.043157593 | AF2: -0.039294846 | AG2: 0.14241685 | AH2: -0.041334605 | AI2: -0.17249678 | AJ2: -0.1218985 | AK2: -0.19459022 | AL2: 0.18704005 | AM2: 0.04504226 | AN2: 0.078769591 | AO2: 0.025524614 | AP2: 0.17153393 | AQ2: 0.047918951 | AR2: -0.088197737 | AS2: -0.076899783 | AT2: 0.071418131 | AU2: -0.028499343 | AV2: 0.015671583 | AW2: -0.032481752
A3: sensitivityscore_After_layer1.0.conv1_0.5 | B3: -0.12809436 | C3: 1 | D3: 0.21338272 | E3: 0.086115698 | F3: -0.11818515 | G3: -0.076065718 | H3: -0.26882408 | I3: -0.1069079 | J3: -0.045824577 | K3: -0.15100176 | L3: -0.0082062382 | M3: 0.07436498 | N3: 0.16483697 | O3: 0.029837956 | P3: -0.01475485 | Q3: 0.029219674 | R3: 0.032336565 | S3: 0.15802637 | T3: 0.23242993 | U3: 0.33947719 | V3: -0.035504783 | W3: 0.044096785 | X3: 0.037213715 | Y3: -0.00091129623 | Z3: -0.011247165 | AA3: -0.073391601 | AB3: -0.24329903 | AC3: -0.16275276 | AD3: -0.10620432 | AE3: -0.1928748 | AF3: -0.16200193 | AG3: -0.2323737 | AH3: 0.16461275 | AI3: -0.19950932 | AJ3: -0.23234864 | AK3: -0.045165594 | AL3: 0.1885785 | AM3: -0.012561541 | AN3: -0.035067473 | AO3: -0.060210894 | AP3: 0.20763467 | AQ3: -0.092423991 | AR3: -0.15518008 | AS3: -0.086532216 | AT3: 0.21189965 | AU3: -0.29704523 | AV3: -0.23937413 | AW3: -0.21051196
A4: sensitivityscore_After_layer1.0.conv1_0.6 | B4: 0.037371811 | C4: 0.21338272 | D4: 1 | E4: 0.4496146 | F4: 0.20174426 | G4: 0.052151948 | H4: -0.021641153 | I4: 0.18331845 | J4: 0.033817402 | K4: -0.25259798 | L4: -0.11870299 | M4: 0.11258481 | N4: -0.19255238 | O4: -0.14063072 | P4: -0.18068264 | Q4: -0.12917294 | R4: 0.0035596902 | S4: 0.25541407 | T4: 0.12208778 | U4: 0.37524039 | V4: 0.15759047 | W4: -0.086112331 | X4: -0.041711439 | Y4: -0.048898238 | Z4: -0.010388965 | AA4: -0.16812907 | AB4: -0.1390007 | AC4: 0.17208613 | AD4: -0.038731854 | AE4: -0.15186455 | AF4: -0.026267593 | AG4: -0.03198136 | AH4: 0.20917065 | AI4: -0.049857314 | AJ4: 0.27721399 | AK4: -0.0060221183 | AL4: -0.067994367 | AM4: -0.067640718 | AN4: 0.045981386 | AO4: -0.0028673697 | AP4: 0.1806762 | AQ4: -0.25460487 | AR4: -0.2172257 | AS4: -0.1674849 | AT4: 0.32456234 | AU4: -0.20322379 | AV4: -0.23492819 | AW4: -0.098922689
A5: sensitivityscore_After_layer1.0.conv1_0.7 | B5: -0.25700055 | C5: 0.086115698 | D5: 0.4496146 | E5: 1 | F5: -0.14456956 | G5: -0.036638909 | H5: 0.035620706 | I5: 0.21962923 | J5: -0.40925296 | K5: -0.033985451 | L5: 0.1820402 | M5: 0.16475215 | N5: -0.19126799 | O5: 0.20451192 | P5: 0.22806479 | Q5: 0.032219719 | R5: -0.061404183 | S5: -0.21658696 | T5: -0.06934484 | U5: -0.13330967 | V5: -0.019455863 | W5: 0.22985845 | X5: 0.20358307 | Y5: 0.16277692 | Z5: 0.017511967 | AA5: 0.14010781 | AB5: 0.13982237 | AC5: 0.15508861 | AD5: -0.11521076 | AE5: -0.057993544 | AF5: 0.12361233 | AG5: -0.0043648239 | AH5: 0.0035185525 | AI5: -0.18733684 | AJ5: 0.091364322 | AK5: -0.14666684 | AL5: -0.3063792 | AM5: -0.030630802 | AN5: 0.058014037 | AO5: -0.087171067 | AP5: 0.084878944 | AQ5: 0.14943598 | AR5: 0.17736776 | AS5: 0.176154 | AT5: 0.1525053 | AU5: 0.21418938 | AV5: 0.10024129 | AW5: -0.15631859
A6: layer1.0.conv2 | B6: 0.73518711 | C6: -0.11818515 | D6: 0.20174426 | E6: -0.14456956 | F6: 1 | G6: 0.044037023 | H6: 0.20614376 | I6: 0.1707713 | J6: 0.75492055 | K6: -0.086870194 | L6: -0.21259731 | M6: -0.030150892 | N6: -0.10391956 | O6: 0.16253389 | P6: 0.079485685 | Q6: 0.10511398 | R6: -0.064634846 | S6: 0.28060752 | T6: 0.050391845 | U6: 0.20951311 | V6: 0.27083212 | W6: 0.092437145 | X6: 0.042644181 | Y6: -0.051676854 | Z6: 0.10003455 | AA6: -0.16099769 | AB6: 0.21597079 | AC6: -0.07619074 | AD6: 0.33924487 | AE6: 0.018010637 | AF6: -0.067204882 | AG6: -0.037183211 | AH6: 0.0066113508 | AI6: -0.09532714 | AJ6: 0.032673275 | AK6: -0.14903255 | AL6: 0.1521211 | AM6: 0.14961981 | AN6: 0.1504296 | AO6: 0.21388901 | AP6: 0.12723954 | AQ6: -0.066523647 | AR6: -0.25872488 | AS6: -0.30946427 | AT6: 0.23057037 | AU6: -0.27778393 | AV6: -0.16194305 | AW6: -0.1567276
A7: sensitivityscore_After_layer1.0.conv2_0.5 | B7: 0.19362565 | C7: -0.076065718 | D7: 0.052151948 | E7: -0.036638909 | F7: 0.044037023 | G7: 1 | H7: 0.61965215 | I7: 0.40150345 | J7: -0.016817298 | K7: 0.026707898 | L7: -0.041926464 | M7: 0.087275137 | N7: -0.046143327 | O7: 0.062324102 | P7: 0.038584541 | Q7: -0.095908944 | R7: 0.18580917 | S7: 0.15070043 | T7: 0.22595309 | U7: 0.026409522 | V7: 0.018278354 | W7: -0.0065631305 | X7: -0.20924484 | Y7: -0.28888117 | Z7: 0.20502307 | AA7: 0.063581612 | AB7: 0.14580126 | AC7: 0.10751113 | AD7: -0.038110973 | AE7: 0.018808646 | AF7: 0.14673045 | AG7: 0.1855272 | AH7: 0.056922661 | AI7: -0.16089442 | AJ7: -0.055043097 | AK7: -0.091823183 | AL7: -0.026031225 | AM7: 0.16157199 | AN7: 0.2815519 | AO7: 0.17171993 | AP7: -0.10311023 | AQ7: 0.1455068 | AR7: 0.23849526 | AS7: 0.14975582 | AT7: -0.26218646 | AU7: -0.12458163 | AV7: -0.077005495 | AW7: 0.27260528
A8: sensitivityscore_After_layer1.0.conv2_0.6 | B8: 0.088931109 | C8: -0.26882408 | D8: -0.021641153 | E8: 0.035620706 | F8: 0.20614376 | G8: 0.61965215 | H8: 1 | I8: 0.64458484 | J8: 0.12706222 | K8: 0.1070973 | L8: 0.075214568 | M8: 0.29180504 | N8: 0.094457602 | O8: 0.095650171 | P8: 0.14264778 | Q8: -0.19926399 | R8: -0.047130745 | S8: 0.11049646 | T8: 0.048362508 | U8: 0.048839558 | V8: 0.19471919 | W8: 0.25530794 | X8: 0.031485554 | Y8: -0.029275459 | Z8: 0.34521958 | AA8: -0.038774373 | AB8: 0.47035557 | AC8: 0.28218944 | AD8: 0.17877632 | AE8: 0.1612698 | AF8: 0.17185045 | AG8: 0.1120499 | AH8: -0.12268042 | AI8: -0.23011204 | AJ8: 0.042904834 | AK8: -0.20430402 | AL8: -0.29686432 | AM8: 0.20437167 | AN8: 0.25977136 | AO8: 0.19941995 | AP8: -0.30501855 | AQ8: 0.17241117 | AR8: 0.19453454 | AS8: 0.091060196 | AT8: -0.24861867 | AU8: -0.095528588 | AV8: -0.0068621519 | AW8: 0.18331432
A9: sensitivityscore_After_layer1.0.conv2_0.7 | B9: 0.066141575 | C9: -0.1069079 | D9: 0.18331845 | E9: 0.21962923 | F9: 0.1707713 | G9: 0.40150345 | H9: 0.64458484 | I9: 1 | J9: 0.085745425 | K9: 0.23634047 | L9: 0.32314883 | M9: 0.45141183 | N9: 0.013278959 | O9: -0.065705554 | P9: -0.024265731 | Q9: -0.15343934 | R9: -0.10198804 | S9: 0.15361169 | T9: 0.25948557 | U9: 0.095541146 | V9: 0.1165313 | W9: -0.11735396 | X9: -0.068663313 | Y9: -0.14538712 | Z9: 0.075586278 | AA9: -0.10494081 | AB9: 0.27883547 | AC9: 0.14874247 | AD9: 0.0095552503 | AE9: 0.023612428 | AF9: 0.16182311 | AG9: -0.021038133 | AH9: -0.086157671 | AI9: -0.22898532 | AJ9: 0.060217389 | AK9: -0.21753042 | AL9: -0.46386805 | AM9: -0.05377863 | AN9: 0.017036076 | AO9: -0.095464171 | AP9: -0.3672642 | AQ9: -0.003601062 | AR9: 0.087039542 | AS9: -0.010093984 | AT9: -0.42830679 | AU9: 0.11040815 | AV9: 0.12428792 | AW9: 0.19256401
A10: layer1.0.conv3 | B10: 0.66008647 | C10: -0.045824577 | D10: 0.033817402 | E10: -0.40925296 | F10: 0.75492055 | G10: -0.016817298 | H10: 0.12706222 | I10: 0.085745425 | J10: 1 | K10: -0.13701233 | L10: -0.12068828 | M10: -0.0075811935 | N10: 0.091230416 | O10: 0.0026261543 | P10: -0.088169274 | Q10: 0.023037645 | R10: -0.074160692 | S10: 0.26726423 | T10: 0.039352234 | U10: 0.18133314 | V10: 0.12504805 | W10: 0.058645056 | X10: -0.040348205 | Y10: -0.096006902 | Z10: 0.093595597 | AA10: -0.13878223 | AB10: 0.14539597 | AC10: 0.0099177225 | AD10: 0.313433 | AE10: 0.19730725 | AF10: 0.063673689 | AG10: 0.070697837 | AH10: -0.084674247 | AI10: 0.12451186 | AJ10: 0.076293052 | AK10: 0.0014145663 | AL10: 0.133068 | AM10: 0.11587083 | AN10: 0.15557785 | AO10: 0.064836008 | AP10: -0.028072247 | AQ10: 0.030352594 | AR10: -0.17059277 | AS10: -0.20797701 | AT10: 0.1709532 | AU10: -0.15628064 | AV10: -0.049570164 | AW10: -0.07017247
A11: sensitivityscore_After_layer1.0.conv3_0.5 | B11: -0.015640241 | C11: -0.15100176 | D11: -0.25259798 | E11: -0.033985451 | F11: -0.086870194 | G11: 0.026707898 | H11: 0.1070973 | I11: 0.23634047 | J11: -0.13701233 | K11: 1 | L11: 0.67027617 | M11: 0.47624623 | N11: -0.27401393 | O11: -0.071548756 | P11: 0.058790265 | Q11: -0.11756053 | R11: 0.091035678 | S11: -0.17883835 | T11: -0.15061539 | U11: -0.29115831 | V11: 0.053612322 | W11: -0.25218412 | X11: -0.27056984 | Y11: -0.25574177 | Z11: 0.067372397 | AA11: -0.18062248 | AB11: -0.029507578 | AC11: -0.12404953 | AD11: -0.34104117 | AE11: 0.21274243 | AF11: 0.42122397 | AG11: 0.11815902 | AH11: 0.29835828 | AI11: -0.096867128 | AJ11: 0.091503331 | AK11: -0.030100808 | AL11: -0.045286124 | AM11: 0.024330567 | AN11: 0.025171248 | AO11: -0.053906415 | AP11: 0.16535728 | AQ11: 0.21212608 | AR11: 0.20684247 | AS11: 0.2161539 | AT11: -0.2869993 | AU11: 0.49137694 | AV11: 0.53659406 | AW11: 0.37790154
A12: sensitivityscore_After_layer1.0.conv3_0.6 | B12: -0.033138628 | C12: -0.0082062382 | D12: -0.11870299 | E12: 0.1820402 | F12: -0.21259731 | G12: -0.041926464 | H12: 0.075214568 | I12: 0.32314883 | J12: -0.12068828 | K12: 0.67027617 | L12: 1 | M12: 0.73948161 | N12: -0.2819501 | O12: -0.0089298715 | P12: 0.22980499 | Q12: 0.072213592 | R12: -0.008159258 | S12: -0.27392788 | T12: -0.09970128 | U12: -0.17400383 | V12: -0.007399873 | W12: -0.14951803 | X12: -0.15986749 | Y12: -0.18126095 | Z12: 0.049585863 | AA12: -0.079068136 | AB12: -0.0035344338 | AC12: 0.02182036 | AD12: -0.33271114 | AE12: 0.035052709 | AF12: 0.24875523 | AG12: 0.092686997 | AH12: 0.23523593 | AI12: -0.17381041 | AJ12: -0.0030415044 | AK12: -0.16894711 | AL12: -0.08975038 | AM12: -0.24657734 | AN12: -0.23187931 | AO12: -0.4697329 | AP12: -0.097921939 | AQ12: 0.37746674 | AR12: 0.36983323 | AS12: 0.34247924 | AT12: -0.38520467 | AU12: 0.55381788 | AV12: 0.3528564 | AW12: 0.34370938
A13: sensitivityscore_After_layer1.0.conv3_0.7 | B13: -0.049440178 | C13: 0.07436498 | D13: 0.11258481 | E13: 0.16475215 | F13: -0.030150892 | G13: 0.087275137 | H13: 0.29180504 | I13: 0.45141183 | J13: -0.0075811935 | K13: 0.47624623 | L13: 0.73948161 | M13: 1 | N13: -0.17833766 | O13: -0.095468184 | P13: 0.22868322 | Q13: -0.17001402 | R13: 0.0088631927 | S13: -0.14069203 | T13: -0.023128199 | U13: -0.029086845 | V13: -0.02729713 | W13: -0.079651844 | X13: -0.19216801 | Y13: -0.19245276 | Z13: 0.12473468 | AA13: -0.27030759 | AB13: 0.030568983 | AC13: -0.023110315 | AD13: -0.40549142 | AE13: -0.14756449 | AF13: 0.046045238 | AG13: 0.01735989 | AH13: 0.38083439 | AI13: -0.10703458 | AJ13: 0.076548896 | AK13: -0.21977933 | AL13: -0.10576457 | AM13: -0.18494464 | AN13: -0.16592731 | AO13: -0.36569858 | AP13: -0.20827643 | AQ13: 0.20971298 | AR13: 0.23834254 | AS13: 0.24571426 | AT13: -0.40166543 | AU13: 0.23948298 | AV13: 0.061211944 | AW13: 0.21535074
... A49: sensitivityscore_After_layer4.2.conv3_0.7 | B49: -0.032481752 | C49: -0.21051196 | D49: -0.098922689 | E49: -0.15631859 | F49: -0.1567276 | G49: 0.27260528 | H49: 0.18331432 | I49: 0.19256401 | J49: -0.07017247 | K49: 0.37790154 | L49: 0.34370938 | M49: 0.21535074 | N49: -0.13841322 | O49: -0.24368128 | P49: -0.046740048 | Q49: -0.11606227 | R49: 0.17213366 | S49: -0.018430253 | T49: -0.14161664 | U49: -0.13429277 | V49: 0.15442893 | W49: -0.31666056 | X49: -0.38180058 | Y49: -0.17706212 | Z49: 0.1860206 | AA49: -0.27454946 | AB49: -0.062019646 | AC49: -0.036902644 | AD49: -0.14969132 | AE49: -0.015317074 | AF49: 0.092618748 | AG49: 0.04167652 | AH49: 0.15422453 | AI49: -0.19270129 | AJ49: -0.17120627 | AK49: -0.2442332 | AL49: -0.051996337 | AM49: -0.20862826 | AN49: -0.15757477 | AO49: -0.19425053 | AP49: -0.069965148 | AQ49: 0.010185765 | AR49: 0.13326103 | AS49: 0.038856388 | AT49: -0.17592698 | AU49: 0.23895891 | AV49: 0.5120582 | AW49: 1

Sheet Class_8
B1: layer1.0.conv1 | C1: sensitivityscore_After_layer1.0.conv1_0.5 | D1: sensitivityscore_After_layer1.0.conv1_0.6 | E1: sensitivityscore_After_layer1.0.conv1_0.7 | F1: layer1.0.conv2 | G1: sensitivityscore_After_layer1.0.conv2_0.5 | H1: sensitivityscore_After_layer1.0.conv2_0.6 | I1: sensitivityscore_After_layer1.0.conv2_0.7 | J1: layer1.0.conv3 | K1: sensitivityscore_After_layer1.0.conv3_0.5 | L1: sensitivityscore_After_layer1.0.conv3_0.6 | M1: sensitivityscore_After_layer1.0.conv3_0.7 | N1: layer4.0.conv1 | O1: sensitivityscore_After_layer4.0.conv1_0.5 | P1: sensitivityscore_After_layer4.0.conv1_0.6 | Q1: sensitivityscore_After_layer4.0.conv1_0.7 | R1: layer4.0.conv2 | S1: sensitivityscore_After_layer4.0.conv2_0.5 | T1: sensitivityscore_After_layer4.0.conv2_0.6 | U1: sensitivityscore_After_layer4.0.conv2_0.7 | V1: layer4.0.conv3 | W1: sensitivityscore_After_layer4.0.conv3_0.5 | X1: sensitivityscore_After_layer4.0.conv3_0.6 | Y1: sensitivityscore_After_layer4.0.conv3_0.7 | Z1: layer4.1.conv1 | AA1: sensitivityscore_After_layer4.1.conv1_0.5 | AB1: sensitivityscore_After_layer4.1.conv1_0.6 | AC1: sensitivityscore_After_layer4.1.conv1_0.7 | AD1: layer4.1.conv2 | AE1: sensitivityscore_After_layer4.1.conv2_0.5 | AF1: sensitivityscore_After_layer4.1.conv2_0.6 | AG1: sensitivityscore_After_layer4.1.conv2_0.7 | AH1: layer4.1.conv3 | AI1: sensitivityscore_After_layer4.1.conv3_0.5 | AJ1: sensitivityscore_After_layer4.1.conv3_0.6 | AK1: sensitivityscore_After_layer4.1.conv3_0.7 | AL1: layer4.2.conv1 | AM1: sensitivityscore_After_layer4.2.conv1_0.5 | AN1: sensitivityscore_After_layer4.2.conv1_0.6 | AO1: sensitivityscore_After_layer4.2.conv1_0.7 | AP1: layer4.2.conv2 | AQ1: sensitivityscore_After_layer4.2.conv2_0.5 | AR1: sensitivityscore_After_layer4.2.conv2_0.6 | AS1: sensitivityscore_After_layer4.2.conv2_0.7 | AT1: layer4.2.conv3 | AU1: sensitivityscore_After_layer4.2.conv3_0.5 | AV1: sensitivityscore_After_layer4.2.conv3_0.6 | AW1: sensitivityscore_After_layer4.2.conv3_0.7
A2: layer1.0.conv1 | B2: 1 | C2: -0.11491245 | D2: -0.18229918 | E2: -0.034183138 | F2: 0.39029781 | G2: 0.17954788 | H2: 0.014152005 | I2: -0.20798857 | J2: 0.43899056 | K2: 0.26558166 | L2: 0.13798791 | M2: 0.070113576 | N2: 0.17750218 | O2: -0.13769817 | P2: -0.29693156 | Q2: -0.031066668 | R2: 0.21849419 | S2: -0.021515248 | T2: 0.0048660096 | U2: 0.045433156 | V2: 0.17396117 | W2: 0.035977428 | X2: 0.035622382 | Y2: 0.046186929 | Z2: -0.03406609 | AA2: -0.0049738603 | AB2: 0.071582181 | AC2: 0.13848756 | AD2: 0.12701917 | AE2: -0.057981968 | AF2: -0.17566739 | AG2: 0.042100974 | AH2: 0.086403808 | AI2: -0.1600216 | AJ2: -0.16607324 | AK2: -0.10070172 | AL2: -0.0012827209 | AM2: -0.047180734 | AN2: -0.10509191 | AO2: 0.050743743 | AP2: -0.019800772 | AQ2: -0.23022626 | AR2: -0.17959749 | AS2: -0.23593385 | AT2: 0.08842836 | AU2: -0.21089962 | AV2: -0.2687865 | AW2: -0.33671558
A3: sensitivityscore_After_layer1.0.conv1_0.5 | B3: -0.11491245 | C3: 1 | D3: 0.44372395 | E3: -0.090285359 | F3: 0.045135635 | G3: -0.0093291206 | H3: -0.023724221 | I3: 0.02718185 | J3: -0.16460536 | K3: -0.015904428 | L3: 0.159368 | M3: 0.10117889 | N3: 0.0199835 | O3: 0.36093723 | P3: 0.02640216 | Q3: -0.18068128 | R3: 0.033304861 | S3: 0.27053691 | T3: 0.20601585 | U3: 0.18207574 | V3: -0.02613026 | W3: 0.1784391 | X3: 0.30704447 | Y3: 0.10091305 | Z3: 0.084737626 | AA3: -0.053128638 | AB3: -0.018347898 | AC3: -0.28036316 | AD3: 0.053047807 | AE3: 0.18419563 | AF3: -0.12539046 | AG3: 0.11769661 | AH3: -0.073021165 | AI3: 0.22084538 | AJ3: 0.18605248 | AK3: 0.17051463 | AL3: -0.2070806 | AM3: 0.3296124 | AN3: 0.31010709 | AO3: 0.3192841 | AP3: -0.12373145 | AQ3: 0.1830531 | AR3: 0.19140884 | AS3: 0.060101342 | AT3: -0.055166459 | AU3: -0.030805067 | AV3: 0.05568512 | AW3: 0.13460928
A4: sensitivityscore_After_layer1.0.conv1_0.6 | B4: -0.18229918 | C4: 0.44372395 | D4: 1 | E4: 0.39156789 | F4: -0.1107341 | G4: -0.010805811 | H4: 0.16387951 | I4: -0.020232441 | J4: -0.099042219 | K4: -0.069461012 | L4: 0.11108067 | M4: 0.21133723 | N4: 0.13201149 | O4: 0.13327606 | P4: -0.085866443 | Q4: 0.049558916 | R4: 0.17056085 | S4: -0.12876214 | T4: -0.047904853 | U4: -0.042519065 | V4: 0.21059635 | W4: 0.11400812 | X4: 0.088556964 | Y4: 0.15964863 | Z4: 0.010271612 | AA4: -0.041685597 | AB4: -0.21791479 | AC4: -0.29517001 | AD4: -0.12773699 | AE4: 0.37005724 | AF4: 0.08757623 | AG4: 0.28335754 | AH4: 0.12180183 | AI4: 0.069062375 | AJ4: 0.12739433 | AK4: 0.069998623 | AL4: 0.0034123493 | AM4: 0.2064056 | AN4: 0.25068888 | AO4: 0.13225959 | AP4: 0.080698684 | AQ4: 0.25015539 | AR4: 0.17597953 | AS4: 0.26704961 | AT4: 0.25605649 | AU4: -0.11605674 | AV4: 0.031550972 | AW4: -0.051282161
A5: sensitivityscore_After_layer1.0.conv1_0.7 | B5: -0.034183138 | C5: -0.090285359 | D5: 0.39156789 | E5: 1 | F5: -0.093812438 | G5: -0.022120482 | H5: 0.1945342 | I5: 0.047573734 | J5: -0.058716215 | K5: -0.25638682 | L5: -0.11025824 | M5: -0.14368725 | N5: -0.097304373 | O5: -0.0076059486 | P5: 0.051767852 | Q5: 0.083323606 | R5: 0.092132515 | S5: -0.24782742 | T5: -0.22162095 | U5: -0.15531421 | V5: 0.28259787 | W5: 0.2048135 | X5: -0.016998674 | Y5: 0.19617089 | Z5: -0.068872442 | AA5: 0.064056822 | AB5: -0.19584976 | AC5: -0.201646 | AD5: -0.036406264 | AE5: 0.14689503 | AF5: 0.1176225 | AG5: 0.076502146 | AH5: -0.04144198 | AI5: -0.0091347895 | AJ5: 0.067095802 | AK5: 0.038063139 | AL5: -0.051411988 | AM5: 0.054216682 | AN5: 0.018766634 | AO5: -0.16317241 | AP5: 0.078007623 | AQ5: -0.045131964 | AR5: -0.13407954 | AS5: -0.073573385 | AT5: 0.13289449 | AU5: 0.054060674 | AV5: 0.072919977 | AW5: 0.069760203
A6: layer1.0.conv2 | B6: 0.39029781 | C6: 0.045135635 | D6: -0.1107341 | E6: -0.093812438 | F6: 1 | G6: 0.059738761 | H6: -0.0016609584 | I6: -0.099454172 | J6: 0.58418769 | K6: -0.052053043 | L6: 0.095231322 | M6: 0.11110755 | N6: 0.33466668 | O6: 0.022678162 | P6: -0.17886378 | Q6: -0.29219358 | R6: 0.19030197 | S6: 0.24503197 | T6: 0.088866555 | U6: 0.055029938 | V6: 0.13975795 | W6: -0.12902494 | X6: -0.12967067 | Y6: -0.16628114 | Z6: 0.089500568 | AA6: -0.052150129 | AB6: 0.22032926 | AC6: 0.16266186 | AD6: 0.26767203 | AE6: 0.013671173 | AF6: -0.096488308 | AG6: -0.08008689 | AH6: -0.11186865 | AI6: -0.15461138 | AJ6: -0.19200615 | AK6: -0.1401577 | AL6: 0.015235459 | AM6: 0.066195312 | AN6: -0.036610423 | AO6: 0.056298028 | AP6: 0.077539599 | AQ6: -0.099656363 | AR6: -2.4418567e-05 | AS6: -0.04334044 | AT6: 0.17801186 | AU6: 0.26634661 | AV6: 0.35732225 | AW6: 0.30783276
A7: sensitivityscore_After_layer1.0.conv2_0.5 | B7: 0.17954788 | C7: -0.0093291206 | D7: -0.010805811 | E7: -0.022120482 | F7: 0.059738761 | G7: 1 | H7: 0.3786245 | I7: 0.04804037 | J7: 0.071350915 | K7: 0.016903332 | L7: -0.13300499 | M7: -0.20947906 | N7: 0.072620652 | O7: 0.018320778 | P7: -0.010930971 | Q7: -0.20265414 | R7: 0.12450787 | S7: 0.034589404 | T7: 0.085587389 | U7: 0.14204025 | V7: 0.12664069 | W7: -0.19118898 | X7: -0.17456974 | Y7: -0.26267752 | Z7: -0.11195048 | AA7: -0.18314621 | AB7: 0.035196813 | AC7: -0.055099215 | AD7: 0.24305946 | AE7: 0.05032901 | AF7: -0.08097795 | AG7: 0.074801786 | AH7: -0.17667644 | AI7: -0.34054151 | AJ7: -0.41617429 | AK7: -0.097975028 | AL7: 0.067745128 | AM7: -0.29042756 | AN7: -0.29557404 | AO7: -0.25947035 | AP7: -0.044618819 | AQ7: -0.1752243 | AR7: -0.22103784 | AS7: -0.12528237 | AT7: 0.098885708 | AU7: 0.27371279 | AV7: 0.2256662 | AW7: 0.11750713
A8: sensitivityscore_After_layer1.0.conv2_0.6 | B8: 0.014152005 | C8: -0.023724221 | D8: 0.16387951 | E8: 0.1945342 | F8: -0.0016609584 | G8: 0.3786245 | H8: 1 | I8: 0.43313984 | J8: -0.0081740875 | K8: 0.0028105011 | L8: -0.13529588 | M8: -0.16378921 | N8: 0.16188758 | O8: 0.0054516891 | P8: -0.14172107 | Q8: 0.027726658 | R8: -0.10213957 | S8: -0.095701934 | T8: -0.16895336 | U8: -0.19126778 | V8: -0.038207125 | W8: 0.13839154 | X8: 0.16309055 | Y8: 0.090067962 | Z8: -0.10435779 | AA8: -0.31795754 | AB8: -0.041265807 | AC8: -0.14209944 | AD8: 0.009202233 | AE8: -0.0837334 | AF8: 0.015055158 | AG8: 0.036830126 | AH8: -0.06227604 | AI8: -0.069522001 | AJ8: -0.043712614 | AK8: 0.042819157 | AL8: 0.14737879 | AM8: -0.25649226 | AN8: -0.38275217 | AO8: -0.25721198 | AP8: 0.18938617 | AQ8: -0.21058262 | AR8: -0.14405182 | AS8: -0.19181532 | AT8: 0.019238973 | AU8: 0.14609756 | AV8: 0.18385688 | AW8: 0.19692993
A9: sensitivityscore_After_layer1.0.conv2_0.7 | B9: -0.20798857 | C9: 0.02718185 | D9: -0.020232441 | E9: 0.047573734 | F9: -0.099454172 | G9: 0.04804037 | H9: 0.43313984 | I9: 1 | J9: -0.18200937 | K9: 0.057333214 | L9: 0.17963856 | M9: 0.10728896 | N9: 0.16275338 | O9: -0.1048988 | P9: -0.052758318 | Q9: 0.10084395 | R9: 0.019592589 | S9: 0.0036937163 | T9: 0.032018925 | U9: 0.099041751 | V9: 0.033679804 | W9: 0.36668931 | X9: 0.24045344 | Y9: 0.10468144 | Z9: 0.041572407 | AA9: -0.1615881 | AB9: -0.24647888 | AC9: -0.26618009 | AD9: -0.094656854 | AE9: -0.18169469 | AF9: -0.16612339 | AG9: -0.20254057 | AH9: 0.032431118 | AI9: 0.13212145 | AJ9: 0.01576591 | AK9: 0.10108222 | AL9: 0.095669166 | AM9: 0.065388593 | AN9: -0.024169014 | AO9: -0.046466262 | AP9: -0.10939978 | AQ9: 0.017797566 | AR9: 0.034884752 | AS9: -0.0043574807 | AT9: -0.0094128575 | AU9: 0.19657971 | AV9: 0.269653 | AW9: 0.24754001
A10: layer1.0.conv3 | B10: 0.43899056 | C10: -0.16460536 | D10: -0.099042219 | E10: -0.058716215 | F10: 0.58418769 | G10: 0.071350915 | H10: -0.0081740875 | I10: -0.18200937 | J10: 1 | K10: -0.013379353 | L10: 0.1071717 | M10: 0.067403499 | N10: 0.19674498 | O10: -0.17899728 | P10: -0.34416917 | Q10: -0.21663204 | R10: 0.19171165 | S10: 0.029007451 | T10: -0.13683241 | U10: -0.11292591 | V10: 0.083539476 | W10: -0.11606922 | X10: -0.15645533 | Y10: -0.17650808 | Z10: -0.096730407 | AA10: -0.22246724 | AB10: -0.0045945005 | AC10: -0.10730849 | AD10: 0.24962725 | AE10: 0.066884186 | AF10: -0.055482329 | AG10: -0.07416197 | AH10: 0.16168337 | AI10: -0.25815966 | AJ10: -0.20357251 | AK10: -0.093906751 | AL10: -0.015164459 | AM10: -0.24316967 | AN10: -0.26583104 | AO10: -0.206794 | AP10: 0.1390781 | AQ10: -0.066456572 | AR10: -0.0069550951 | AS10: -0.035478834 | AT10: 0.22999775 | AU10: 0.20634001 | AV10: 0.16136932 | AW10: 0.14854647
A11: sensitivityscore_After_layer1.0.conv3_0.5 | B11: 0.26558166 | C11: -0.015904428 | D11: -0.069461012 | E11: -0.25638682 | F11: -0.052053043 | G11: 0.016903332 | H11: 0.0028105011 | I11: 0.057333214 | J11: -0.013379353 | K11: 1 | L11: 0.57746114 | M11: 0.47993723 | N11: 0.2874697 | O11: -0.044072583 | P11: -0.30214683 | Q11: -0.080872539 | R11: 0.10869025 | S11: 0.21874906 | T11: 0.059562734 | U11: 0.098261172 | V11: 0.11742577 | W11: -0.022353771 | X11: -0.034414056 | Y11: -0.032052168 | Z11: 0.035476535 | AA11: -0.10433241 | AB11: -0.039273525 | AC11: 0.16640418 | AD11: -0.03088723 | AE11: -0.21892595 | AF11: -0.17743977 | AG11: -0.041358602 | AH11: 0.38195081 | AI11: -0.049103344 | AJ11: -0.13755952 | AK11: -0.14634744 | AL11: 0.10216262 | AM11: -0.090685896 | AN11: -0.060431947 | AO11: -0.028311153 | AP11: -0.033035491 | AQ11: 0.035153166 | AR11: 0.065231617 | AS11: 0.041478756 | AT11: -0.090015599 | AU11: -0.26048166 | AV11: -0.34451209 | AW11: -0.37793223
A12: sensitivityscore_After_layer1.0.conv3_0.6 | B12: 0.13798791 | C12: 0.159368 | D12: 0.11108067 | E12: -0.11025824 | F12: 0.095231322 | G12: -0.13300499 | H12: -0.13529588 | I12: 0.17963856 | J12: 0.1071717 | K12: 0.57746114 | L12: 1 | M12: 0.78692169 | N12: 0.16913749 | O12: -0.15325329 | P12: -0.24796887 | Q12: -0.037520637 | R12: 0.12776529 | S12: 0.1987078 | T12: -0.041425211 | U12: -0.12045132 | V12: 0.23476484 | W12: -0.019325518 | X12: -0.013706738 | Y12: -0.14409992 | Z12: 0.078174393 | AA12: -0.094998303 | AB12: -0.0070571372 | AC12: 0.030011929 | AD12: 0.083137442 | AE12: -0.11864378 | AF12: -0.14331211 | AG12: -0.063741147 | AH12: 0.064265185 | AI12: 0.086420135 | AJ12: -0.03299716 | AK12: 0.0246906 | AL12: -0.035855256 | AM12: -0.037382942 | AN12: 0.011447539 | AO12: -0.08017269 | AP12: -0.21947354 | AQ12: 0.10654972 | AR12: 0.091849136 | AS12: 0.099292874 | AT12: -0.11893054 | AU12: -0.17436625 | AV12: -0.12453437 | AW12: -0.15864021
A13: sensitivityscore_After_layer1.0.conv3_0.7 | B13: 0.070113576 | C13: 0.10117889 | D13: 0.21133723 | E13: -0.14368725 | F13: 0.11110755 | G13: -0.20947906 | H13: -0.16378921 | I13: 0.10728896 | J13: 0.067403499 | K13: 0.47993723 | L13: 0.78692169 | M13: 1 | N13: 0.077410918 | O13: -0.17872909 | P13: -0.17254514 | Q13: -0.022352533 | R13: 0.083116304 | S13: 0.15994367 | T13: 0.0998433 | U13: -0.099559213 | V13: 0.2083154 | W13: -0.0060412398 | X13: -0.071007678 | Y13: -0.080822826 | Z13: 0.16802653 | AA13: -0.15709328 | AB13: 0.064883515 | AC13: 0.001519879 | AD13: 0.032479146 | AE13: -0.16043151 | AF13: -0.14847804 | AG13: -0.10663417 | AH13: -0.04200856 | AI13: 0.090986489 | AJ13: -0.045825687 | AK13: 0.041939476 | AL13: 0.10794665 | AM13: 0.10986438 | AN13: 0.13221028 | AO13: 0.04989523 | AP13: 0.0056567122 | AQ13: 0.16425325 | AR13: 0.19046295 | AS13: 0.17124131 | AT13: 0.052840608 | AU13: -0.15120266 | AV13: -0.10477999 | AW13: -0.1384063
... A49: sensitivityscore_After_layer4.2.conv3_0.7 | B49: -0.33671558 | C49: 0.13460928 | D49: -0.051282161 | E49: 0.069760203 | F49: 0.30783276 | G49: 0.11750713 | H49: 0.19692993 | I49: 0.24754001 | J49: 0.14854647 | K49: -0.37793223 | L49: -0.15864021 | M49: -0.1384063 | N49: 0.10811893 | O49: 0.062482216 | P49: -0.13308062 | Q49: -0.37260296 | R49: -0.057214566 | S49: 0.028008105 | T49: -0.16788647 | U49: -0.057319024 | V49: -0.14918223 | W49: -0.052160378 | X49: -0.11954327 | Y49: -0.14197916 | Z49: 0.011055611 | AA49: -0.14891258 | AB49: 0.17732293 | AC49: -0.06047304 | AD49: 0.19665495 | AE49: -0.08778167 | AF49: -0.029140595 | AG49: -0.1737894 | AH49: -0.21818455 | AI49: -0.11001904 | AJ49: -0.0066582561 | AK49: -0.032840001 | AL49: 0.14752522 | AM49: -0.018452255 | AN49: -0.10509803 | AO49: -0.17183172 | AP49: 0.2122567 | AQ49: 0.05369592 | AR49: 0.14705605 | AS49: 0.029006044 | AT49: -0.072845286 | AU49: 0.78320946 | AV49: 0.82799923 | AW49: 1

Sheet Class_9
B1: layer1.0.conv1 | C1: sensitivityscore_After_layer1.0.conv1_0.5 | D1: sensitivityscore_After_layer1.0.conv1_0.6 | E1: sensitivityscore_After_layer1.0.conv1_0.7 | F1: layer1.0.conv2 | G1: sensitivityscore_After_layer1.0.conv2_0.5 | H1: sensitivityscore_After_layer1.0.conv2_0.6 | I1: sensitivityscore_After_layer1.0.conv2_0.7 | J1: layer1.0.conv3 | K1: sensitivityscore_After_layer1.0.conv3_0.5 | L1: sensitivityscore_After_layer1.0.conv3_0.6 | M1: sensitivityscore_After_layer1.0.conv3_0.7 | N1: layer4.0.conv1 | O1: sensitivityscore_After_layer4.0.conv1_0.5 | P1: sensitivityscore_After_layer4.0.conv1_0.6 | Q1: sensitivityscore_After_layer4.0.conv1_0.7 | R1: layer4.0.conv2 | S1: sensitivityscore_After_layer4.0.conv2_0.5 | T1: sensitivityscore_After_layer4.0.conv2_0.6 | U1: sensitivityscore_After_layer4.0.conv2_0.7 | V1: layer4.0.conv3 | W1: sensitivityscore_After_layer4.0.conv3_0.5 | X1: sensitivityscore_After_layer4.0.conv3_0.6 | Y1: sensitivityscore_After_layer4.0.conv3_0.7 | Z1: layer4.1.conv1 | AA1: sensitivityscore_After_layer4.1.conv1_0.5 | AB1: sensitivityscore_After_layer4.1.conv1_0.6 | AC1: sensitivityscore_After_layer4.1.conv1_0.7 | AD1: layer4.1.conv2 | AE1: sensitivityscore_After_layer4.1.conv2_0.5 | AF1: sensitivityscore_After_layer4.1.conv2_0.6 | AG1: sensitivityscore_After_layer4.1.conv2_0.7 | AH1: layer4.1.conv3 | AI1: sensitivityscore_After_layer4.1.conv3_0.5 | AJ1: sensitivityscore_After_layer4.1.conv3_0.6 | AK1: sensitivityscore_After_layer4.1.conv3_0.7 | AL1: layer4.2.conv1 | AM1: sensitivityscore_After_layer4.2.conv1_0.5 | AN1: sensitivityscore_After_layer4.2.conv1_0.6 | AO1: sensitivityscore_After_layer4.2.conv1_0.7 | AP1: layer4.2.conv2 | AQ1: sensitivityscore_After_layer4.2.conv2_0.5 | AR1: sensitivityscore_After_layer4.2.conv2_0.6 | AS1: sensitivityscore_After_layer4.2.conv2_0.7 | AT1: layer4.2.conv3 | AU1: sensitivityscore_After_layer4.2.conv3_0.5 | AV1: sensitivityscore_After_layer4.2.conv3_0.6 | AW1: sensitivityscore_After_layer4.2.conv3_0.7
A2: layer1.0.conv1 | B2: 1 | C2: -0.16780335 | D2: -0.032750024 | E2: -0.03877047 | F2: 0.52692139 | G2: 0.16387618 | H2: 0.031897231 | I2: -0.065731635 | J2: 0.54012027 | K2: 0.037974269 | L2: 0.024348314 | M2: 0.11927658 | N2: 0.21474478 | O2: 0.084287411 | P2: 0.026959694 | Q2: -0.1108783 | R2: 0.21770487 | S2: 0.20898261 | T2: 0.28118035 | U2: 0.34748926 | V2: 0.055160083 | W2: -0.036690739 | X2: 0.037207974 | Y2: 0.097126848 | Z2: 0.10280807 | AA2: 0.088337234 | AB2: -0.1207491 | AC2: -0.20127427 | AD2: 0.11626484 | AE2: -0.062358587 | AF2: 0.037092464 | AG2: -0.22730013 | AH2: 0.054215333 | AI2: 0.16146444 | AJ2: 0.18677294 | AK2: 0.10489869 | AL2: 0.11994718 | AM2: 0.18756058 | AN2: 0.069659744 | AO2: 0.1637238 | AP2: 0.28589648 | AQ2: 0.037315463 | AR2: -0.16400675 | AS2: -0.15609371 | AT2: 0.082133347 | AU2: -0.0098511938 | AV2: -0.090890206 | AW2: -0.07436028
A3: sensitivityscore_After_layer1.0.conv1_0.5 | B3: -0.16780335 | C3: 1 | D3: 0.34125199 | E3: 0.14053793 | F3: -0.078694649 | G3: -0.068552114 | H3: 0.046995162 | I3: -0.056304859 | J3: -0.15526044 | K3: -0.1447021 | L3: -0.048091941 | M3: -0.18146335 | N3: -0.083048285 | O3: 0.31636275 | P3: 0.092279177 | Q3: 0.10423087 | R3: 0.19617732 | S3: -0.12337266 | T3: -0.12319908 | U3: -0.085590319 | V3: 0.048094244 | W3: 0.093710214 | X3: -0.027989108 | Y3: 0.091313127 | Z3: 0.15014582 | AA3: 0.067836452 | AB3: 0.082617395 | AC3: 0.069885041 | AD3: -0.052993057 | AE3: -0.080755639 | AF3: -0.0027746701 | AG3: 0.02570614 | AH3: -0.297521 | AI3: 0.20948629 | AJ3: 0.20448543 | AK3: 0.24137929 | AL3: -0.10809437 | AM3: 0.36112463 | AN3: 0.3204133 | AO3: 0.35893696 | AP3: 0.093006742 | AQ3: 0.1394897 | AR3: 0.074460956 | AS3: 0.078513774 | AT3: -0.2291601 | AU3: -0.13709096 | AV3: -0.13152903 | AW3: -0.2482954
A4: sensitivityscore_After_layer1.0.conv1_0.6 | B4: -0.032750024 | C4: 0.34125199 | D4: 1 | E4: 0.59183697 | F4: 0.0070032247 | G4: 0.11007814 | H4: -0.13095994 | I4: 0.0038849127 | J4: -0.18837847 | K4: -0.025250012 | L4: -0.034472998 | M4: -0.076489256 | N4: -0.34246484 | O4: 0.3043307 | P4: 0.1670265 | Q4: 0.16798658 | R4: -0.074667518 | S4: -0.096302801 | T4: -0.044844584 | U4: 0.12583705 | V4: -0.21113997 | W4: -0.10269802 | X4: -0.11927322 | Y4: 0.011783885 | Z4: -0.15125818 | AA4: 0.012139796 | AB4: 0.010574679 | AC4: 0.065537286 | AD4: -0.27166255 | AE4: -0.046514207 | AF4: -0.067280433 | AG4: -0.007232494 | AH4: -0.15910138 | AI4: -0.15203223 | AJ4: -0.025215098 | AK4: -0.047303781 | AL4: -0.1052792 | AM4: 0.021379591 | AN4: -0.069954203 | AO4: 0.023463497 | AP4: 0.029161052 | AQ4: 0.25667368 | AR4: 0.071818461 | AS4: 0.18874312 | AT4: -0.090224713 | AU4: -0.10617983 | AV4: 0.025233743 | AW4: -0.06295841
A5: sensitivityscore_After_layer1.0.conv1_0.7 | B5: -0.03877047 | C5: 0.14053793 | D5: 0.59183697 | E5: 1 | F5: 0.034707768 | G5: 0.14270309 | H5: 0.023285428 | I5: -0.061293719 | J5: -0.1481976 | K5: 0.041987043 | L5: 0.089711379 | M5: 0.16088846 | N5: -0.45951636 | O5: 0.21131545 | P5: 0.21937725 | Q5: 0.20841158 | R5: -0.18378057 | S5: 0.07156382 | T5: 0.029033307 | U5: 0.1260781 | V5: -0.16483843 | W5: -0.092758861 | X5: -0.053490492 | Y5: -0.0018825329 | Z5: -0.27619174 | AA5: 0.034244585 | AB5: -0.08710247 | AC5: 0.068820801 | AD5: -0.32063682 | AE5: -0.23401881 | AF5: -0.29456237 | AG5: -0.21238161 | AH5: 0.087186776 | AI5: -0.17061524 | AJ5: 0.021832393 | AK5: 0.030901737 | AL5: -0.069478254 | AM5: -0.069226341 | AN5: -0.18003083 | AO5: -0.073821843 | AP5: -0.02584484 | AQ5: 0.19491678 | AR5: 0.066215741 | AS5: 0.054409833 | AT5: 0.057832004 | AU5: -0.15994464 | AV5: -0.027597052 | AW5: -0.18718305
A6: layer1.0.conv2 | B6: 0.52692139 | C6: -0.078694649 | D6: 0.0070032247 | E6: 0.034707768 | F6: 1 | G6: 0.17236379 | H6: 0.12294146 | I6: -0.041634045 | J6: 0.61872198 | K6: 0.1752589 | L6: 0.02765733 | M6: -0.017458319 | N6: 0.01509101 | O6: 0.28511193 | P6: 0.15236958 | Q6: 0.061098108 | R6: -0.050330799 | S6: 0.049751977 | T6: -0.079631044 | U6: 0.05637032 | V6: -0.21305397 | W6: -0.14180778 | X6: -0.084224502 | Y6: -0.01380508 | Z6: 0.041864171 | AA6: -0.029345685 | AB6: 0.0018664394 | AC6: -0.13036366 | AD6: 0.10838602 | AE6: 0.041464466 | AF6: 0.092046472 | AG6: 0.073777746 | AH6: 0.20746743 | AI6: 0.026430735 | AJ6: 0.091495852 | AK6: 0.081698713 | AL6: 0.21320627 | AM6: -0.074008212 | AN6: -0.067675537 | AO6: -0.035881856 | AP6: 0.17435858 | AQ6: -0.013758431 | AR6: -0.057599104 | AS6: -0.11082369 | AT6: 0.2250684 | AU6: -0.15621321 | AV6: -0.11064994 | AW6: -0.20487556
A7: sensitivityscore_After_layer1.0.conv2_0.5 | B7: 0.16387618 | C7: -0.068552114 | D7: 0.11007814 | E7: 0.14270309 | F7: 0.17236379 | G7: 1 | H7: 0.5976458 | I7: 0.1736871 | J7: 0.0087234393 | K7: 0.061878243 | L7: -0.23266347 | M7: -0.083729422 | N7: -0.13458289 | O7: 0.441701 | P7: 0.3396487 | Q7: 0.029248111 | R7: -0.085706599 | S7: -0.17192962 | T7: -0.10290191 | U7: -0.12254008 | V7: -0.10367752 | W7: 0.059399973 | X7: 0.11911497 | Y7: 0.14976877 | Z7: -0.2109423 | AA7: 0.17049042 | AB7: -0.020692839 | AC7: 0.05678977 | AD7: -0.0036769379 | AE7: -0.18261184 | AF7: -0.12606735 | AG7: -0.066891307 | AH7: 0.12767066 | AI7: -0.039306841 | AJ7: -0.018235483 | AK7: -0.060318119 | AL7: 0.037762128 | AM7: 0.11476284 | AN7: -0.0036454891 | AO7: -0.09566993 | AP7: 0.22406703 | AQ7: 0.16163622 | AR7: 0.24644676 | AS7: 0.19262296 | AT7: 0.16164209 | AU7: -0.038096398 | AV7: -0.15597562 | AW7: -0.17330251
A8: sensitivityscore_After_layer1.0.conv2_0.6 | B8: 0.031897231 | C8: 0.046995162 | D8: -0.13095994 | E8: 0.023285428 | F8: 0.12294146 | G8: 0.5976458 | H8: 1 | I8: 0.42407765 | J8: 0.22302136 | K8: 0.10529709 | L8: -0.022649224 | M8: 0.087481711 | N8: -0.095726311 | O8: 0.21444901 | P8: 0.052398098 | Q8: -0.23173709 | R8: -0.060334135 | S8: -0.26075899 | T8: -0.12256513 | U8: -0.21136582 | V8: 0.040057773 | W8: 0.11047193 | X8: 0.11111292 | Y8: 0.092705016 | Z8: -0.27980532 | AA8: 0.15929507 | AB8: -0.14489466 | AC8: -0.11254757 | AD8: -0.15407666 | AE8: -0.29602678 | AF8: -0.23730709 | AG8: -0.22861365 | AH8: 0.19603832 | AI8: -0.015902957 | AJ8: -0.032246959 | AK8: -0.091871392 | AL8: 0.019254716 | AM8: 0.073811491 | AN8: 0.024163263 | AO8: -0.042037182 | AP8: 0.11223213 | AQ8: -0.032267172 | AR8: 0.051410903 | AS8: -0.093914541 | AT8: -0.081645212 | AU8: 0.024946582 | AV8: -0.13272519 | AW8: -0.19365601
A9: sensitivityscore_After_layer1.0.conv2_0.7 | B9: -0.065731635 | C9: -0.056304859 | D9: 0.0038849127 | E9: -0.061293719 | F9: -0.041634045 | G9: 0.1736871 | H9: 0.42407765 | I9: 1 | J9: 0.064679858 | K9: 0.16470432 | L9: 0.058709738 | M9: 0.15114263 | N9: -0.22377009 | O9: -0.095355407 | P9: -0.13632633 | Q9: -0.20172305 | R9: -0.30411806 | S9: 0.078125853 | T9: -0.039361991 | U9: -0.073896172 | V9: -0.080942473 | W9: 0.22991452 | X9: 0.16335999 | Y9: 0.13578 | Z9: -0.09220016 | AA9: 0.13091015 | AB9: 0.1335051 | AC9: -0.07800831 | AD9: -0.089235262 | AE9: -0.28607407 | AF9: -0.24882802 | AG9: -0.22765373 | AH9: 0.0034600601 | AI9: 0.02928594 | AJ9: -0.029240442 | AK9: 0.041613103 | AL9: -0.2474906 | AM9: 0.087492686 | AN9: 0.051097997 | AO9: -0.0014270926 | AP9: 0.17684449 | AQ9: 0.066375659 | AR9: 0.095573358 | AS9: -0.030621207 | AT9: 0.02342227 | AU9: -0.18507949 | AV9: -0.23931492 | AW9: -0.17332231
A10: layer1.0.conv3 | B10: 0.54012027 | C10: -0.15526044 | D10: -0.18837847 | E10: -0.1481976 | F10: 0.61872198 | G10: 0.0087234393 | H10: 0.22302136 | I10: 0.064679858 | J10: 1 | K10: 0.10764633 | L10: 0.13629456 | M10: 0.099908767 | N10: 0.23722596 | O10: 0.032517115 | P10: 0.05664754 | Q10: -0.050616008 | R10: 0.0004573628 | S10: 0.07326046 | T10: 0.15359202 | U10: 0.052247748 | V10: 0.019648466 | W10: -0.042971824 | X10: -0.076940554 | Y10: -0.029143543 | Z10: 0.13665276 | AA10: 0.11943246 | AB10: 0.086000967 | AC10: -0.082452437 | AD10: 0.13806778 | AE10: 0.06945204 | AF10: 0.15934717 | AG10: 0.03358861 | AH10: 0.046735098 | AI10: 0.20821249 | AJ10: 0.14939345 | AK10: 0.1093106 | AL10: 0.066743896 | AM10: 0.088948079 | AN10: 0.13924358 | AO10: 0.18153953 | AP10: 0.20683733 | AQ10: -0.094121425 | AR10: -0.13462129 | AS10: -0.19565641 | AT10: 0.11660615 | AU10: 0.14534718 | AV10: -0.0075346424 | AW10: -0.048852518
A11: sensitivityscore_After_layer1.0.conv3_0.5 | B11: 0.037974269 | C11: -0.1447021 | D11: -0.025250012 | E11: 0.041987043 | F11: 0.1752589 | G11: 0.061878243 | H11: 0.10529709 | I11: 0.16470432 | J11: 0.10764633 | K11: 1 | L11: 0.6215627 | M11: 0.42436552 | N11: -0.17552517 | O11: 0.02227048 | P11: 0.061403019 | Q11: 0.28648292 | R11: -0.19085341 | S11: 0.32071362 | T11: 0.28171999 | U11: 0.16463676 | V11: 0.11971555 | W11: 0.068125828 | X11: 0.11664951 | Y11: 0.16519102 | Z11: 0.021759582 | AA11: 0.25702883 | AB11: 0.29391863 | AC11: 0.23398649 | AD11: 0.090350474 | AE11: -0.012461094 | AF11: -0.026264345 | AG11: 0.056752206 | AH11: 0.34104626 | AI11: 0.13267183 | AJ11: 0.12819427 | AK11: 0.14871445 | AL11: 0.2202212 | AM11: 0.033389731 | AN11: 0.02805242 | AO11: -0.041268263 | AP11: 0.17199513 | AQ11: 0.075891717 | AR11: 0.099868419 | AS11: 0.0118083 | AT11: 0.28734312 | AU11: 0.013462097 | AV11: 0.1119183 | AW11: 0.08869566
A12: sensitivityscore_After_layer1.0.conv3_0.6 | B12: 0.024348314 | C12: -0.048091941 | D12: -0.034472998 | E12: 0.089711379 | F12: 0.02765733 | G12: -0.23266347 | H12: -0.022649224 | I12: 0.058709738 | J12: 0.13629456 | K12: 0.6215627 | L12: 1 | M12: 0.69478399 | N12: -0.10814451 | O12: -0.1227403 | P12: -0.024569243 | Q12: 0.30135695 | R12: -0.0024054358 | S12: 0.412963 | T12: 0.38287825 | U12: 0.28457315 | V12: 0.11710722 | W12: 0.2325423 | X12: 0.17548851 | Y12: 0.19557218 | Z12: 0.032961961 | AA12: 0.18277024 | AB12: 0.34825559 | AC12: 0.13815785 | AD12: 0.023948964 | AE12: 0.031280775 | AF12: 0.062216796 | AG12: 0.04121485 | AH12: 0.0097422181 | AI12: 0.25224003 | AJ12: 0.19074928 | AK12: 0.3021386 | AL12: 0.13220899 | AM12: 0.074910748 | AN12: 0.16830949 | AO12: 0.12294194 | AP12: 0.10961799 | AQ12: 0.075808767 | AR12: 0.087022955 | AS12: -0.037970496 | AT12: 0.1341958 | AU12: 0.1823572 | AV12: 0.14309043 | AW12: 0.12467193
A13: sensitivityscore_After_layer1.0.conv3_0.7 | B13: 0.11927658 | C13: -0.18146335 | D13: -0.076489256 | E13: 0.16088846 | F13: -0.017458319 | G13: -0.083729422 | H13: 0.087481711 | I13: 0.15114263 | J13: 0.099908767 | K13: 0.42436552 | L13: 0.69478399 | M13: 1 | N13: -0.25924007 | O13: -0.15906259 | P13: -0.13863201 | Q13: -0.016361894 | R13: -0.073574494 | S13: 0.22309533 | T13: 0.23684121 | U13: 0.28566647 | V13: 0.11892092 | W13: 0.1152188 | X13: 0.10321809 | Y13: 0.0068756206 | Z13: -0.16242091 | AA13: -0.0017756524 | AB13: -0.073056672 | AC13: -0.13838401 | AD13: -0.12179525 | AE13: -0.2405229 | AF13: -0.17961421 | AG13: -0.22807201 | AH13: 0.063782079 | AI13: -0.046070953 | AJ13: -0.019784179 | AK13: 0.058796687 | AL13: 0.099287972 | AM13: -0.1307103 | AN13: -0.1355432 | AO13: -0.10293314 | AP13: 0.019814837 | AQ13: 0.11195471 | AR13: 0.12621269 | AS13: 0.085103537 | AT13: 0.076490484 | AU13: 0.15752913 | AV13: -0.0068343907 | AW13: 0.19386302
... A49: sensitivityscore_After_layer4.2.conv3_0.7 | B49: -0.07436028 | C49: -0.2482954 | D49: -0.06295841 | E49: -0.18718305 | F49: -0.20487556 | G49: -0.17330251 | H49: -0.19365601 | I49: -0.17332231 | J49: -0.048852518 | K49: 0.08869566 | L49: 0.12467193 | M49: 0.19386302 | N49: 0.21821661 | O49: -0.34437529 | P49: -0.3966449 | Q49: -0.25977008 | R49: 0.19836798 | S49: -0.21054361 | T49: 0.053131447 | U49: -0.010874267 | V49: 0.068402584 | W49: -0.19975756 | X49: -0.27090202 | Y49: -0.27138334 | Z49: 0.0005136717 | AA49: -0.114212 | AB49: -0.21708659 | AC49: -0.12792272 | AD49: 0.27361277 | AE49: 0.13494481 | AF49: 0.090565436 | AG49: 0.043206905 | AH49: 0.13450745 | AI49: 0.016272576 | AJ49: -0.061951803 | AK49: -0.14552799 | AL49: 0.21825629 | AM49: -0.13714075 | AN49: -0.14365656 | AO49: -0.072548922 | AP49: 0.055637573 | AQ49: 0.011797325 | AR49: 0.082639952 | AS49: 0.16874078 | AT49: -0.013971405 | AU49: 0.6514745 | AV49: 0.72001488 | AW49: 1
