Workbook

Sheet SUMMARY
B1: Index | C1: 7 | D1: 19 | E1: 20 | F1: 21 | G1: 22 | H1: 23 | I1: 24 | J1: 25 | K1: 26 | L1: 27 | M1: 28
A2: =Class_0!A2 -> features.7 | B2: 7 | C2: =IF(MIN(Class_0!B2,Class_1!B2,Class_2!B2,Class_3!B2,Class_4!B2,Class_5!B2,Class_6!B2,Class_7!B2,Class_8!B2,Class_9!B2)>0, CHAR(43), CHAR(45)) -> + | D2: =IF(MIN(Class_0!C2,Class_1!C2,Class_2!C2,Class_3!C2,Class_4!C2,Class_5!C2,Class_6!C2,Class_7!C2,Class_8!C2,Class_9!C2)>0, CHAR(43), CHAR(45)) -> + | E2: =IF(MIN(Class_0!D2,Class_1!D2,Class_2!D2,Class_3!D2,Class_4!D2,Class_5!D2,Class_6!D2,Class_7!D2,Class_8!D2,Class_9!D2)>0, CHAR(43), CHAR(45)) -> + | F2: =IF(MIN(Class_0!E2,Class_1!E2,Class_2!E2,Class_3!E2,Class_4!E2,Class_5!E2,Class_6!E2,Class_7!E2,Class_8!E2,Class_9!E2)>0, CHAR(43), CHAR(45)) -> + | G2: =IF(MIN(Class_0!F2,Class_1!F2,Class_2!F2,Class_3!F2,Class_4!F2,Class_5!F2,Class_6!F2,Class_7!F2,Class_8!F2,Class_9!F2)>0, CHAR(43), CHAR(45)) -> + | H2: =IF(MIN(Class_0!G2,Class_1!G2,Class_2!G2,Class_3!G2,Class_4!G2,Class_5!G2,Class_6!G2,Class_7!G2,Class_8!G2,Class_9!G2)>0, CHAR(43), CHAR(45)) -> - | I2: =IF(MIN(Class_0!H2,Class_1!H2,Class_2!H2,Class_3!H2,Class_4!H2,Class_5!H2,Class_6!H2,Class_7!H2,Class_8!H2,Class_9!H2)>0, CHAR(43), CHAR(45)) -> - | J2: =IF(MIN(Class_0!I2,Class_1!I2,Class_2!I2,Class_3!I2,Class_4!I2,Class_5!I2,Class_6!I2,Class_7!I2,Class_8!I2,Class_9!I2)>0, CHAR(43), CHAR(45)) -> - | ... M2: =IF(MIN(Class_0!L2,Class_1!L2,Class_2!L2,Class_3!L2,Class_4!L2,Class_5!L2,Class_6!L2,Class_7!L2,Class_8!L2,Class_9!L2)>0, CHAR(43), CHAR(45)) -> -
A3: =Class_0!A3 -> features.19 | B3: 19 | C3: =IF(MIN(Class_0!B3,Class_1!B3,Class_2!B3,Class_3!B3,Class_4!B3,Class_5!B3,Class_6!B3,Class_7!B3,Class_8!B3,Class_9!B3)>0, CHAR(43), CHAR(45)) -> + | D3: =IF(MIN(Class_0!C3,Class_1!C3,Class_2!C3,Class_3!C3,Class_4!C3,Class_5!C3,Class_6!C3,Class_7!C3,Class_8!C3,Class_9!C3)>0, CHAR(43), CHAR(45)) -> + | E3: =IF(MIN(Class_0!D3,Class_1!D3,Class_2!D3,Class_3!D3,Class_4!D3,Class_5!D3,Class_6!D3,Class_7!D3,Class_8!D3,Class_9!D3)>0, CHAR(43), CHAR(45)) -> + | F3: =IF(MIN(Class_0!E3,Class_1!E3,Class_2!E3,Class_3!E3,Class_4!E3,Class_5!E3,Class_6!E3,Class_7!E3,Class_8!E3,Class_9!E3)>0, CHAR(43), CHAR(45)) -> + | G3: =IF(MIN(Class_0!F3,Class_1!F3,Class_2!F3,Class_3!F3,Class_4!F3,Class_5!F3,Class_6!F3,Class_7!F3,Class_8!F3,Class_9!F3)>0, CHAR(43), CHAR(45)) -> + | H3: =IF(MIN(Class_0!G3,Class_1!G3,Class_2!G3,Class_3!G3,Class_4!G3,Class_5!G3,Class_6!G3,Class_7!G3,Class_8!G3,Class_9!G3)>0, CHAR(43), CHAR(45)) -> + | I3: =IF(MIN(Class_0!H3,Class_1!H3,Class_2!H3,Class_3!H3,Class_4!H3,Class_5!H3,Class_6!H3,Class_7!H3,Class_8!H3,Class_9!H3)>0, CHAR(43), CHAR(45)) -> + | J3: =IF(MIN(Class_0!I3,Class_1!I3,Class_2!I3,Class_3!I3,Class_4!I3,Class_5!I3,Class_6!I3,Class_7!I3,Class_8!I3,Class_9!I3)>0, CHAR(43), CHAR(45)) -> + | ... M3: =IF(MIN(Class_0!L3,Class_1!L3,Class_2!L3,Class_3!L3,Class_4!L3,Class_5!L3,Class_6!L3,Class_7!L3,Class_8!L3,Class_9!L3)>0, CHAR(43), CHAR(45)) -> +
A4: =Class_0!A4 -> features.20 | B4: 20 | C4: =IF(MIN(Class_0!B4,Class_1!B4,Class_2!B4,Class_3!B4,Class_4!B4,Class_5!B4,Class_6!B4,Class_7!B4,Class_8!B4,Class_9!B4)>0, CHAR(43), CHAR(45)) -> + | D4: =IF(MIN(Class_0!C4,Class_1!C4,Class_2!C4,Class_3!C4,Class_4!C4,Class_5!C4,Class_6!C4,Class_7!C4,Class_8!C4,Class_9!C4)>0, CHAR(43), CHAR(45)) -> + | E4: =IF(MIN(Class_0!D4,Class_1!D4,Class_2!D4,Class_3!D4,Class_4!D4,Class_5!D4,Class_6!D4,Class_7!D4,Class_8!D4,Class_9!D4)>0, CHAR(43), CHAR(45)) -> + | F4: =IF(MIN(Class_0!E4,Class_1!E4,Class_2!E4,Class_3!E4,Class_4!E4,Class_5!E4,Class_6!E4,Class_7!E4,Class_8!E4,Class_9!E4)>0, CHAR(43), CHAR(45)) -> + | G4: =IF(MIN(Class_0!F4,Class_1!F4,Class_2!F4,Class_3!F4,Class_4!F4,Class_5!F4,Class_6!F4,Class_7!F4,Class_8!F4,Class_9!F4)>0, CHAR(43), CHAR(45)) -> + | H4: =IF(MIN(Class_0!G4,Class_1!G4,Class_2!G4,Class_3!G4,Class_4!G4,Class_5!G4,Class_6!G4,Class_7!G4,Class_8!G4,Class_9!G4)>0, CHAR(43), CHAR(45)) -> + | I4: =IF(MIN(Class_0!H4,Class_1!H4,Class_2!H4,Class_3!H4,Class_4!H4,Class_5!H4,Class_6!H4,Class_7!H4,Class_8!H4,Class_9!H4)>0, CHAR(43), CHAR(45)) -> + | J4: =IF(MIN(Class_0!I4,Class_1!I4,Class_2!I4,Class_3!I4,Class_4!I4,Class_5!I4,Class_6!I4,Class_7!I4,Class_8!I4,Class_9!I4)>0, CHAR(43), CHAR(45)) -> + | ... M4: =IF(MIN(Class_0!L4,Class_1!L4,Class_2!L4,Class_3!L4,Class_4!L4,Class_5!L4,Class_6!L4,Class_7!L4,Class_8!L4,Class_9!L4)>0, CHAR(43), CHAR(45)) -> -
A5: =Class_0!A5 -> features.21 | B5: 21 | C5: =IF(MIN(Class_0!B5,Class_1!B5,Class_2!B5,Class_3!B5,Class_4!B5,Class_5!B5,Class_6!B5,Class_7!B5,Class_8!B5,Class_9!B5)>0, CHAR(43), CHAR(45)) -> + | D5: =IF(MIN(Class_0!C5,Class_1!C5,Class_2!C5,Class_3!C5,Class_4!C5,Class_5!C5,Class_6!C5,Class_7!C5,Class_8!C5,Class_9!C5)>0, CHAR(43), CHAR(45)) -> + | E5: =IF(MIN(Class_0!D5,Class_1!D5,Class_2!D5,Class_3!D5,Class_4!D5,Class_5!D5,Class_6!D5,Class_7!D5,Class_8!D5,Class_9!D5)>0, CHAR(43), CHAR(45)) -> + | F5: =IF(MIN(Class_0!E5,Class_1!E5,Class_2!E5,Class_3!E5,Class_4!E5,Class_5!E5,Class_6!E5,Class_7!E5,Class_8!E5,Class_9!E5)>0, CHAR(43), CHAR(45)) -> + | G5: =IF(MIN(Class_0!F5,Class_1!F5,Class_2!F5,Class_3!F5,Class_4!F5,Class_5!F5,Class_6!F5,Class_7!F5,Class_8!F5,Class_9!F5)>0, CHAR(43), CHAR(45)) -> + | H5: =IF(MIN(Class_0!G5,Class_1!G5,Class_2!G5,Class_3!G5,Class_4!G5,Class_5!G5,Class_6!G5,Class_7!G5,Class_8!G5,Class_9!G5)>0, CHAR(43), CHAR(45)) -> + | I5: =IF(MIN(Class_0!H5,Class_1!H5,Class_2!H5,Class_3!H5,Class_4!H5,Class_5!H5,Class_6!H5,Class_7!H5,Class_8!H5,Class_9!H5)>0, CHAR(43), CHAR(45)) -> - | J5: =IF(MIN(Class_0!I5,Class_1!I5,Class_2!I5,Class_3!I5,Class_4!I5,Class_5!I5,Class_6!I5,Class_7!I5,Class_8!I5,Class_9!I5)>0, CHAR(43), CHAR(45)) -> - | ... M5: =IF(MIN(Class_0!L5,Class_1!L5,Class_2!L5,Class_3!L5,Class_4!L5,Class_5!L5,Class_6!L5,Class_7!L5,Class_8!L5,Class_9!L5)>0, CHAR(43), CHAR(45)) -> +
A6: =Class_0!A6 -> features.22 | B6: 22 | C6: =IF(MIN(Class_0!B6,Class_1!B6,Class_2!B6,Class_3!B6,Class_4!B6,Class_5!B6,Class_6!B6,Class_7!B6,Class_8!B6,Class_9!B6)>0, CHAR(43), CHAR(45)) -> + | D6: =IF(MIN(Class_0!C6,Class_1!C6,Class_2!C6,Class_3!C6,Class_4!C6,Class_5!C6,Class_6!C6,Class_7!C6,Class_8!C6,Class_9!C6)>0, CHAR(43), CHAR(45)) -> + | E6: =IF(MIN(Class_0!D6,Class_1!D6,Class_2!D6,Class_3!D6,Class_4!D6,Class_5!D6,Class_6!D6,Class_7!D6,Class_8!D6,Class_9!D6)>0, CHAR(43), CHAR(45)) -> + | F6: =IF(MIN(Class_0!E6,Class_1!E6,Class_2!E6,Class_3!E6,Class_4!E6,Class_5!E6,Class_6!E6,Class_7!E6,Class_8!E6,Class_9!E6)>0, CHAR(43), CHAR(45)) -> + | G6: =IF(MIN(Class_0!F6,Class_1!F6,Class_2!F6,Class_3!F6,Class_4!F6,Class_5!F6,Class_6!F6,Class_7!F6,Class_8!F6,Class_9!F6)>0, CHAR(43), CHAR(45)) -> + | H6: =IF(MIN(Class_0!G6,Class_1!G6,Class_2!G6,Class_3!G6,Class_4!G6,Class_5!G6,Class_6!G6,Class_7!G6,Class_8!G6,Class_9!G6)>0, CHAR(43), CHAR(45)) -> + | I6: =IF(MIN(Class_0!H6,Class_1!H6,Class_2!H6,Class_3!H6,Class_4!H6,Class_5!H6,Class_6!H6,Class_7!H6,Class_8!H6,Class_9!H6)>0, CHAR(43), CHAR(45)) -> + | J6: =IF(MIN(Class_0!I6,Class_1!I6,Class_2!I6,Class_3!I6,Class_4!I6,Class_5!I6,Class_6!I6,Class_7!I6,Class_8!I6,Class_9!I6)>0, CHAR(43), CHAR(45)) -> + | ... M6: =IF(MIN(Class_0!L6,Class_1!L6,Class_2!L6,Class_3!L6,Class_4!L6,Class_5!L6,Class_6!L6,Class_7!L6,Class_8!L6,Class_9!L6)>0, CHAR(43), CHAR(45)) -> +
A7: =Class_0!A7 -> features.23 | B7: 23 | C7: =IF(MIN(Class_0!B7,Class_1!B7,Class_2!B7,Class_3!B7,Class_4!B7,Class_5!B7,Class_6!B7,Class_7!B7,Class_8!B7,Class_9!B7)>0, CHAR(43), CHAR(45)) -> - | D7: =IF(MIN(Class_0!C7,Class_1!C7,Class_2!C7,Class_3!C7,Class_4!C7,Class_5!C7,Class_6!C7,Class_7!C7,Class_8!C7,Class_9!C7)>0, CHAR(43), CHAR(45)) -> + | E7: =IF(MIN(Class_0!D7,Class_1!D7,Class_2!D7,Class_3!D7,Class_4!D7,Class_5!D7,Class_6!D7,Class_7!D7,Class_8!D7,Class_9!D7)>0, CHAR(43), CHAR(45)) -> + | F7: =IF(MIN(Class_0!E7,Class_1!E7,Class_2!E7,Class_3!E7,Class_4!E7,Class_5!E7,Class_6!E7,Class_7!E7,Class_8!E7,Class_9!E7)>0, CHAR(43), CHAR(45)) -> + | G7: =IF(MIN(Class_0!F7,Class_1!F7,Class_2!F7,Class_3!F7,Class_4!F7,Class_5!F7,Class_6!F7,Class_7!F7,Class_8!F7,Class_9!F7)>0, CHAR(43), CHAR(45)) -> + | H7: =IF(MIN(Class_0!G7,Class_1!G7,Class_2!G7,Class_3!G7,Class_4!G7,Class_5!G7,Class_6!G7,Class_7!G7,Class_8!G7,Class_9!G7)>0, CHAR(43), CHAR(45)) -> + | I7: =IF(MIN(Class_0!H7,Class_1!H7,Class_2!H7,Class_3!H7,Class_4!H7,Class_5!H7,Class_6!H7,Class_7!H7,Class_8!H7,Class_9!H7)>0, CHAR(43), CHAR(45)) -> - | J7: =IF(MIN(Class_0!I7,Class_1!I7,Class_2!I7,Class_3!I7,Class_4!I7,Class_5!I7,Class_6!I7,Class_7!I7,Class_8!I7,Class_9!I7)>0, CHAR(43), CHAR(45)) -> + | ... M7: =IF(MIN(Class_0!L7,Class_1!L7,Class_2!L7,Class_3!L7,Class_4!L7,Class_5!L7,Class_6!L7,Class_7!L7,Class_8!L7,Class_9!L7)>0, CHAR(43), CHAR(45)) -> +
A8: =Class_0!A8 -> features.24 | B8: 24 | C8: =IF(MIN(Class_0!B8,Class_1!B8,Class_2!B8,Class_3!B8,Class_4!B8,Class_5!B8,Class_6!B8,Class_7!B8,Class_8!B8,Class_9!B8)>0, CHAR(43), CHAR(45)) -> - | D8: =IF(MIN(Class_0!C8,Class_1!C8,Class_2!C8,Class_3!C8,Class_4!C8,Class_5!C8,Class_6!C8,Class_7!C8,Class_8!C8,Class_9!C8)>0, CHAR(43), CHAR(45)) -> + | E8: =IF(MIN(Class_0!D8,Class_1!D8,Class_2!D8,Class_3!D8,Class_4!D8,Class_5!D8,Class_6!D8,Class_7!D8,Class_8!D8,Class_9!D8)>0, CHAR(43), CHAR(45)) -> + | F8: =IF(MIN(Class_0!E8,Class_1!E8,Class_2!E8,Class_3!E8,Class_4!E8,Class_5!E8,Class_6!E8,Class_7!E8,Class_8!E8,Class_9!E8)>0, CHAR(43), CHAR(45)) -> - | G8: =IF(MIN(Class_0!F8,Class_1!F8,Class_2!F8,Class_3!F8,Class_4!F8,Class_5!F8,Class_6!F8,Class_7!F8,Class_8!F8,Class_9!F8)>0, CHAR(43), CHAR(45)) -> + | H8: =IF(MIN(Class_0!G8,Class_1!G8,Class_2!G8,Class_3!G8,Class_4!G8,Class_5!G8,Class_6!G8,Class_7!G8,Class_8!G8,Class_9!G8)>0, CHAR(43), CHAR(45)) -> - | I8: =IF(MIN(Class_0!H8,Class_1!H8,Class_2!H8,Class_3!H8,Class_4!H8,Class_5!H8,Class_6!H8,Class_7!H8,Class_8!H8,Class_9!H8)>0, CHAR(43), CHAR(45)) -> + | J8: =IF(MIN(Class_0!I8,Class_1!I8,Class_2!I8,Class_3!I8,Class_4!I8,Class_5!I8,Class_6!I8,Class_7!I8,Class_8!I8,Class_9!I8)>0, CHAR(43), CHAR(45)) -> + | ... M8: =IF(MIN(Class_0!L8,Class_1!L8,Class_2!L8,Class_3!L8,Class_4!L8,Class_5!L8,Class_6!L8,Class_7!L8,Class_8!L8,Class_9!L8)>0, CHAR(43), CHAR(45)) -> +
A9: =Class_0!A9 -> features.25 | B9: 25 | C9: =IF(MIN(Class_0!B9,Class_1!B9,Class_2!B9,Class_3!B9,Class_4!B9,Class_5!B9,Class_6!B9,Class_7!B9,Class_8!B9,Class_9!B9)>0, CHAR(43), CHAR(45)) -> - | D9: =IF(MIN(Class_0!C9,Class_1!C9,Class_2!C9,Class_3!C9,Class_4!C9,Class_5!C9,Class_6!C9,Class_7!C9,Class_8!C9,Class_9!C9)>0, CHAR(43), CHAR(45)) -> + | E9: =IF(MIN(Class_0!D9,Class_1!D9,Class_2!D9,Class_3!D9,Class_4!D9,Class_5!D9,Class_6!D9,Class_7!D9,Class_8!D9,Class_9!D9)>0, CHAR(43), CHAR(45)) -> + | F9: =IF(MIN(Class_0!E9,Class_1!E9,Class_2!E9,Class_3!E9,Class_4!E9,Class_5!E9,Class_6!E9,Class_7!E9,Class_8!E9,Class_9!E9)>0, CHAR(43), CHAR(45)) -> - | G9: =IF(MIN(Class_0!F9,Class_1!F9,Class_2!F9,Class_3!F9,Class_4!F9,Class_5!F9,Class_6!F9,Class_7!F9,Class_8!F9,Class_9!F9)>0, CHAR(43), CHAR(45)) -> + | H9: =IF(MIN(Class_0!G9,Class_1!G9,Class_2!G9,Class_3!G9,Class_4!G9,Class_5!G9,Class_6!G9,Class_7!G9,Class_8!G9,Class_9!G9)>0, CHAR(43), CHAR(45)) -> + | I9: =IF(MIN(Class_0!H9,Class_1!H9,Class_2!H9,Class_3!H9,Class_4!H9,Class_5!H9,Class_6!H9,Class_7!H9,Class_8!H9,Class_9!H9)>0, CHAR(43), CHAR(45)) -> + | J9: =IF(MIN(Class_0!I9,Class_1!I9,Class_2!I9,Class_3!I9,Class_4!I9,Class_5!I9,Class_6!I9,Class_7!I9,Class_8!I9,Class_9!I9)>0, CHAR(43), CHAR(45)) -> + | ... M9: =IF(MIN(Class_0!L9,Class_1!L9,Class_2!L9,Class_3!L9,Class_4!L9,Class_5!L9,Class_6!L9,Class_7!L9,Class_8!L9,Class_9!L9)>0, CHAR(43), CHAR(45)) -> +
A10: =Class_0!A10 -> features.26 | B10: 26 | C10: =IF(MIN(Class_0!B10,Class_1!B10,Class_2!B10,Class_3!B10,Class_4!B10,Class_5!B10,Class_6!B10,Class_7!B10,Class_8!B10,Class_9!B10)>0, CHAR(43), CHAR(45)) -> - | D10: =IF(MIN(Class_0!C10,Class_1!C10,Class_2!C10,Class_3!C10,Class_4!C10,Class_5!C10,Class_6!C10,Class_7!C10,Class_8!C10,Class_9!C10)>0, CHAR(43), CHAR(45)) -> - | E10: =IF(MIN(Class_0!D10,Class_1!D10,Class_2!D10,Class_3!D10,Class_4!D10,Class_5!D10,Class_6!D10,Class_7!D10,Class_8!D10,Class_9!D10)>0, CHAR(43), CHAR(45)) -> + | F10: =IF(MIN(Class_0!E10,Class_1!E10,Class_2!E10,Class_3!E10,Class_4!E10,Class_5!E10,Class_6!E10,Class_7!E10,Class_8!E10,Class_9!E10)>0, CHAR(43), CHAR(45)) -> - | G10: =IF(MIN(Class_0!F10,Class_1!F10,Class_2!F10,Class_3!F10,Class_4!F10,Class_5!F10,Class_6!F10,Class_7!F10,Class_8!F10,Class_9!F10)>0, CHAR(43), CHAR(45)) -> + | H10: =IF(MIN(Class_0!G10,Class_1!G10,Class_2!G10,Class_3!G10,Class_4!G10,Class_5!G10,Class_6!G10,Class_7!G10,Class_8!G10,Class_9!G10)>0, CHAR(43), CHAR(45)) -> - | I10: =IF(MIN(Class_0!H10,Class_1!H10,Class_2!H10,Class_3!H10,Class_4!H10,Class_5!H10,Class_6!H10,Class_7!H10,Class_8!H10,Class_9!H10)>0, CHAR(43), CHAR(45)) -> + | J10: =IF(MIN(Class_0!I10,Class_1!I10,Class_2!I10,Class_3!I10,Class_4!I10,Class_5!I10,Class_6!I10,Class_7!I10,Class_8!I10,Class_9!I10)>0, CHAR(43), CHAR(45)) -> - | ... M10: =IF(MIN(Class_0!L10,Class_1!L10,Class_2!L10,Class_3!L10,Class_4!L10,Class_5!L10,Class_6!L10,Class_7!L10,Class_8!L10,Class_9!L10)>0, CHAR(43), CHAR(45)) -> +
A11: =Class_0!A11 -> features.27 | B11: 27 | C11: =IF(MIN(Class_0!B11,Class_1!B11,Class_2!B11,Class_3!B11,Class_4!B11,Class_5!B11,Class_6!B11,Class_7!B11,Class_8!B11,Class_9!B11)>0, CHAR(43), CHAR(45)) -> - | D11: =IF(MIN(Class_0!C11,Class_1!C11,Class_2!C11,Class_3!C11,Class_4!C11,Class_5!C11,Class_6!C11,Class_7!C11,Class_8!C11,Class_9!C11)>0, CHAR(43), CHAR(45)) -> + | E11: =IF(MIN(Class_0!D11,Class_1!D11,Class_2!D11,Class_3!D11,Class_4!D11,Class_5!D11,Class_6!D11,Class_7!D11,Class_8!D11,Class_9!D11)>0, CHAR(43), CHAR(45)) -> - | F11: =IF(MIN(Class_0!E11,Class_1!E11,Class_2!E11,Class_3!E11,Class_4!E11,Class_5!E11,Class_6!E11,Class_7!E11,Class_8!E11,Class_9!E11)>0, CHAR(43), CHAR(45)) -> - | G11: =IF(MIN(Class_0!F11,Class_1!F11,Class_2!F11,Class_3!F11,Class_4!F11,Class_5!F11,Class_6!F11,Class_7!F11,Class_8!F11,Class_9!F11)>0, CHAR(43), CHAR(45)) -> - | H11: =IF(MIN(Class_0!G11,Class_1!G11,Class_2!G11,Class_3!G11,Class_4!G11,Class_5!G11,Class_6!G11,Class_7!G11,Class_8!G11,Class_9!G11)>0, CHAR(43), CHAR(45)) -> - | I11: =IF(MIN(Class_0!H11,Class_1!H11,Class_2!H11,Class_3!H11,Class_4!H11,Class_5!H11,Class_6!H11,Class_7!H11,Class_8!H11,Class_9!H11)>0, CHAR(43), CHAR(45)) -> + | J11: =IF(MIN(Class_0!I11,Class_1!I11,Class_2!I11,Class_3!I11,Class_4!I11,Class_5!I11,Class_6!I11,Class_7!I11,Class_8!I11,Class_9!I11)>0, CHAR(43), CHAR(45)) -> + | ... M11: =IF(MIN(Class_0!L11,Class_1!L11,Class_2!L11,Class_3!L11,Class_4!L11,Class_5!L11,Class_6!L11,Class_7!L11,Class_8!L11,Class_9!L11)>0, CHAR(43), CHAR(45)) -> +
A12: =Class_0!A12 -> features.28 | B12: 28 | C12: =IF(MIN(Class_0!B12,Class_1!B12,Class_2!B12,Class_3!B12,Class_4!B12,Class_5!B12,Class_6!B12,Class_7!B12,Class_8!B12,Class_9!B12)>0, CHAR(43), CHAR(45)) -> - | D12: =IF(MIN(Class_0!C12,Class_1!C12,Class_2!C12,Class_3!C12,Class_4!C12,Class_5!C12,Class_6!C12,Class_7!C12,Class_8!C12,Class_9!C12)>0, CHAR(43), CHAR(45)) -> + | E12: =IF(MIN(Class_0!D12,Class_1!D12,Class_2!D12,Class_3!D12,Class_4!D12,Class_5!D12,Class_6!D12,Class_7!D12,Class_8!D12,Class_9!D12)>0, CHAR(43), CHAR(45)) -> - | F12: =IF(MIN(Class_0!E12,Class_1!E12,Class_2!E12,Class_3!E12,Class_4!E12,Class_5!E12,Class_6!E12,Class_7!E12,Class_8!E12,Class_9!E12)>0, CHAR(43), CHAR(45)) -> + | G12: =IF(MIN(Class_0!F12,Class_1!F12,Class_2!F12,Class_3!F12,Class_4!F12,Class_5!F12,Class_6!F12,Class_7!F12,Class_8!F12,Class_9!F12)>0, CHAR(43), CHAR(45)) -> + | H12: =IF(MIN(Class_0!G12,Class_1!G12,Class_2!G12,Class_3!G12,Class_4!G12,Class_5!G12,Class_6!G12,Class_7!G12,Class_8!G12,Class_9!G12)>0, CHAR(43), CHAR(45)) -> + | I12: =IF(MIN(Class_0!H12,Class_1!H12,Class_2!H12,Class_3!H12,Class_4!H12,Class_5!H12,Class_6!H12,Class_7!H12,Class_8!H12,Class_9!H12)>0, CHAR(43), CHAR(45)) -> + | J12: =IF(MIN(Class_0!I12,Class_1!I12,Class_2!I12,Class_3!I12,Class_4!I12,Class_5!I12,Class_6!I12,Class_7!I12,Class_8!I12,Class_9!I12)>0, CHAR(43), CHAR(45)) -> + | ... M12: =IF(MIN(Class_0!L12,Class_1!L12,Class_2!L12,Class_3!L12,Class_4!L12,Class_5!L12,Class_6!L12,Class_7!L12,Class_8!L12,Class_9!L12)>0, CHAR(43), CHAR(45)) -> +

Sheet Master Sheet
A1: Class | B1: =Class_0!B1 -> features.7 | C1: =Class_0!C1 -> features.19 | D1: =Class_0!D1 -> features.20 | E1: =Class_0!E1 -> features.21 | F1: =Class_0!F1 -> features.22 | G1: =Class_0!G1 -> features.23 | H1: =Class_0!H1 -> features.24 | I1: =Class_0!I1 -> features.25 | ... M1: =Class_0!M1 -> 0
A2: 0 | B2: =Class_0!B12 -> 0.23181323 | C2: =Class_0!C12 -> 0.49777726 | D2: =Class_0!D12 -> 0.50795592 | E2: =Class_0!E12 -> 0.2462395 | F2: =Class_0!F12 -> 0.42045895 | G2: =Class_0!G12 -> 0.31256348 | H2: =Class_0!H12 -> 0.53920593 | I2: =Class_0!I12 -> 0.57702727 | ... L2: =Class_0!L12 -> 1
A3: =A2+1 -> 1 | B3: =Class_1!B12 -> 0.29604961 | C3: =Class_1!C12 -> 0.39077783 | D3: =Class_1!D12 -> 0.31756836 | E3: =Class_1!E12 -> 0.31067773 | F3: =Class_1!F12 -> 0.22609541 | G3: =Class_1!G12 -> 0.27617645 | H3: =Class_1!H12 -> 0.17770659 | I3: =Class_1!I12 -> 0.21600124 | ... L3: =Class_1!L12 -> 1
A4: =A3+1 -> 2 | B4: =Class_2!B12 -> 0.53634039 | C4: =Class_2!C12 -> 0.37831244 | D4: =Class_2!D12 -> 0.32426509 | E4: =Class_2!E12 -> 0.23123681 | F4: =Class_2!F12 -> 0.44676921 | G4: =Class_2!G12 -> 0.23867043 | H4: =Class_2!H12 -> 0.4492304 | I4: =Class_2!I12 -> 0.50961615 | ... L4: =Class_2!L12 -> 1
A5: =A4+1 -> 3 | B5: =Class_3!B12 -> -0.42583257 | C5: =Class_3!C12 -> 0.11277413 | D5: =Class_3!D12 -> 0.17293927 | E5: =Class_3!E12 -> 0.060770199 | F5: =Class_3!F12 -> 0.30801028 | G5: =Class_3!G12 -> 0.28453314 | H5: =Class_3!H12 -> 0.43282483 | I5: =Class_3!I12 -> 0.49848261 | ... L5: =Class_3!L12 -> 1
A6: =A5+1 -> 4 | B6: =Class_4!B12 -> 0.070648881 | C6: =Class_4!C12 -> 0.35971923 | D6: =Class_4!D12 -> -0.066074264 | E6: =Class_4!E12 -> 4.5957963e-05 | F6: =Class_4!F12 -> 0.08025819 | G6: =Class_4!G12 -> 0.064794622 | H6: =Class_4!H12 -> 0.42091099 | I6: =Class_4!I12 -> 0.21481525 | ... L6: =Class_4!L12 -> 1
A7: =A6+1 -> 5 | B7: =Class_5!B12 -> 0.29755666 | C7: =Class_5!C12 -> 0.34788443 | D7: =Class_5!D12 -> 0.26018281 | E7: =Class_5!E12 -> 0.20721871 | F7: =Class_5!F12 -> 0.17700688 | G7: =Class_5!G12 -> 0.31211144 | H7: =Class_5!H12 -> 0.50516096 | I7: =Class_5!I12 -> 0.62988268 | ... L7: =Class_5!L12 -> 1
A8: =A7+1 -> 6 | B8: =Class_6!B12 -> -0.06547037 | C8: =Class_6!C12 -> 0.16923846 | D8: =Class_6!D12 -> 0.077202282 | E8: =Class_6!E12 -> 0.10721951 | F8: =Class_6!F12 -> 0.22659176 | G8: =Class_6!G12 -> 0.18347411 | H8: =Class_6!H12 -> 0.30340721 | I8: =Class_6!I12 -> 0.011203612 | ... L8: =Class_6!L12 -> 1
A9: =A8+1 -> 7 | B9: =Class_7!B12 -> 0.27987208 | C9: =Class_7!C12 -> 0.80421183 | D9: =Class_7!D12 -> 0.71725006 | E9: =Class_7!E12 -> 0.56468863 | F9: =Class_7!F12 -> 0.70203747 | G9: =Class_7!G12 -> 0.68676562 | H9: =Class_7!H12 -> 0.77766991 | I9: =Class_7!I12 -> 0.64503925 | ... L9: =Class_7!L12 -> 1
A10: =A9+1 -> 8 | B10: =Class_8!B12 -> 0.13728842 | C10: =Class_8!C12 -> 0.23909295 | D10: =Class_8!D12 -> 0.26647057 | E10: =Class_8!E12 -> 0.42345054 | F10: =Class_8!F12 -> 0.26077982 | G10: =Class_8!G12 -> 0.45822308 | H10: =Class_8!H12 -> 0.57320482 | I10: =Class_8!I12 -> 0.51183121 | ... L10: =Class_8!L12 -> 1
A11: =A10+1 -> 9 | B11: =Class_9!B12 -> 0.11347866 | C11: =Class_9!C12 -> 0.068137553 | D11: =Class_9!D12 -> 0.054824326 | E11: =Class_9!E12 -> 0.32546866 | F11: =Class_9!F12 -> 0.41118519 | G11: =Class_9!G12 -> 0.33157065 | H11: =Class_9!H12 -> 0.48081684 | I11: =Class_9!I12 -> 0.48506799 | ... L11: =Class_9!L12 -> 1

Sheet Class_0
B1: features.7 | C1: features.19 | D1: features.20 | E1: features.21 | F1: features.22 | G1: features.23 | H1: features.24 | I1: features.25 | J1: features.26 | K1: features.27 | L1: features.28
A2: features.7 | B2: 1 | C2: 0.30415941 | D2: 0.30802134 | E2: 0.19947612 | F2: 0.10485449 | G2: -0.023519011 | H2: 0.20376562 | I2: 0.31821698 | J2: 0.064429978 | K2: 0.064184923 | L2: 0.23181323
A3: features.19 | B3: 0.30415941 | C3: 1 | D3: 0.83170862 | E3: 0.43094144 | F3: 0.57565967 | G3: 0.52971005 | H3: 0.61964355 | I3: 0.53817818 | J3: 0.25516604 | K3: 0.41273752 | L3: 0.49777726
A4: features.20 | B4: 0.30802134 | C4: 0.83170862 | D4: 1 | E4: 0.38637368 | F4: 0.58979831 | G4: 0.5423073 | H4: 0.72962129 | I4: 0.63249294 | J4: 0.25668186 | K4: 0.42681286 | L4: 0.50795592
A5: features.21 | B5: 0.19947612 | C5: 0.43094144 | D5: 0.38637368 | E5: 1 | F5: 0.61820149 | G5: 0.65052622 | H5: 0.12300604 | I5: 0.33092951 | J5: 0.33708204 | K5: 0.38007043 | L5: 0.2462395
A6: features.22 | B6: 0.10485449 | C6: 0.57565967 | D6: 0.58979831 | E6: 0.61820149 | F6: 1 | G6: 0.73480591 | H6: 0.39490465 | I6: 0.54321191 | J6: 0.41139267 | K6: 0.52685728 | L6: 0.42045895
A7: features.23 | B7: -0.023519011 | C7: 0.52971005 | D7: 0.5423073 | E7: 0.65052622 | F7: 0.73480591 | G7: 1 | H7: 0.35342777 | I7: 0.43802084 | J7: 0.42144975 | K7: 0.50331824 | L7: 0.31256348
A8: features.24 | B8: 0.20376562 | C8: 0.61964355 | D8: 0.72962129 | E8: 0.12300604 | F8: 0.39490465 | G8: 0.35342777 | H8: 1 | I8: 0.80552645 | J8: 0.069295058 | K8: 0.34332226 | L8: 0.53920593
A9: features.25 | B9: 0.31821698 | C9: 0.53817818 | D9: 0.63249294 | E9: 0.33092951 | F9: 0.54321191 | G9: 0.43802084 | H9: 0.80552645 | I9: 1 | J9: 0.28801244 | K9: 0.49574047 | L9: 0.57702727
A10: features.26 | B10: 0.064429978 | C10: 0.25516604 | D10: 0.25668186 | E10: 0.33708204 | F10: 0.41139267 | G10: 0.42144975 | H10: 0.069295058 | I10: 0.28801244 | J10: 1 | K10: 0.76613531 | L10: 0.53483257
A11: features.27 | B11: 0.064184923 | C11: 0.41273752 | D11: 0.42681286 | E11: 0.38007043 | F11: 0.52685728 | G11: 0.50331824 | H11: 0.34332226 | I11: 0.49574047 | J11: 0.76613531 | K11: 1 | L11: 0.60830564
A12: features.28 | B12: 0.23181323 | C12: 0.49777726 | D12: 0.50795592 | E12: 0.2462395 | F12: 0.42045895 | G12: 0.31256348 | H12: 0.53920593 | I12: 0.57702727 | J12: 0.53483257 | K12: 0.60830564 | L12: 1

Sheet Class_1
B1: features.7 | C1: features.19 | D1: features.20 | E1: features.21 | F1: features.22 | G1: features.23 | H1: features.24 | I1: features.25 | J1: features.26 | K1: features.27 | L1: features.28
A2: features.7 | B2: 1 | C2: 0.2246486 | D2: 0.22361638 | E2: 0.30498495 | F2: 0.15112452 | G2: 0.20828316 | H2: 0.14568845 | I2: 0.12198148 | J2: 0.22692849 | K2: 0.19231602 | L2: 0.29604961
A3: features.19 | B3: 0.2246486 | C3: 1 | D3: 0.74632331 | E3: 0.52085092 | F3: 0.47618493 | G3: 0.51005725 | H3: 0.3424625 | I3: 0.40917494 | J3: 0.65914197 | K3: 0.66123785 | L3: 0.39077783
A4: features.20 | B4: 0.22361638 | C4: 0.74632331 | D4: 1 | E4: 0.54851249 | F4: 0.49994945 | G4: 0.56186962 | H4: 0.53175409 | I4: 0.50423492 | J4: 0.54420375 | K4: 0.52025007 | L4: 0.31756836
A5: features.21 | B5: 0.30498495 | C5: 0.52085092 | D5: 0.54851249 | E5: 1 | F5: 0.7574383 | G5: 0.8005775 | H5: 0.50420222 | I5: 0.42567463 | J5: 0.50304229 | K5: 0.51370535 | L5: 0.31067773
A6: features.22 | B6: 0.15112452 | C6: 0.47618493 | D6: 0.49994945 | E6: 0.7574383 | F6: 1 | G6: 0.7816589 | H6: 0.474609 | I6: 0.51070321 | J6: 0.2874146 | K6: 0.32295378 | L6: 0.22609541
A7: features.23 | B7: 0.20828316 | C7: 0.51005725 | D7: 0.56186962 | E7: 0.8005775 | F7: 0.7816589 | G7: 1 | H7: 0.51360881 | I7: 0.48849467 | J7: 0.57176669 | K7: 0.5477364 | L7: 0.27617645
A8: features.24 | B8: 0.14568845 | C8: 0.3424625 | D8: 0.53175409 | E8: 0.50420222 | F8: 0.474609 | G8: 0.51360881 | H8: 1 | I8: 0.78807551 | J8: 0.22596608 | K8: 0.30186833 | L8: 0.17770659
A9: features.25 | B9: 0.12198148 | C9: 0.40917494 | D9: 0.50423492 | E9: 0.42567463 | F9: 0.51070321 | G9: 0.48849467 | H9: 0.78807551 | I9: 1 | J9: 0.25123527 | K9: 0.3883538 | L9: 0.21600124
A10: features.26 | B10: 0.22692849 | C10: 0.65914197 | D10: 0.54420375 | E10: 0.50304229 | F10: 0.2874146 | G10: 0.57176669 | H10: 0.22596608 | I10: 0.25123527 | J10: 1 | K10: 0.86695737 | L10: 0.3346947
A11: features.27 | B11: 0.19231602 | C11: 0.66123785 | D11: 0.52025007 | E11: 0.51370535 | F11: 0.32295378 | G11: 0.5477364 | H11: 0.30186833 | I11: 0.3883538 | J11: 0.86695737 | K11: 1 | L11: 0.45469976
A12: features.28 | B12: 0.29604961 | C12: 0.39077783 | D12: 0.31756836 | E12: 0.31067773 | F12: 0.22609541 | G12: 0.27617645 | H12: 0.17770659 | I12: 0.21600124 | J12: 0.3346947 | K12: 0.45469976 | L12: 1

Sheet Class_2
B1: features.7 | C1: features.19 | D1: features.20 | E1: features.21 | F1: features.22 | G1: features.23 | H1: features.24 | I1: features.25 | J1: features.26 | K1: features.27 | L1: features.28
A2: features.7 | B2: 1 | C2: 0.29454736 | D2: 0.19624971 | E2: 0.15906305 | F2: 0.19276794 | G2: 0.12377166 | H2: 0.2606146 | I2: 0.32441153 | J2: 0.16826111 | K2: 0.07746537 | L2: 0.53634039
A3: features.19 | B3: 0.29454736 | C3: 1 | D3: 0.75694991 | E3: 0.43738104 | F3: 0.47725545 | G3: 0.4466125 | H3: 0.58087896 | I3: 0.53301824 | J3: 0.21109131 | K3: 0.16244851 | L3: 0.37831244
A4: features.20 | B4: 0.19624971 | C4: 0.75694991 | D4: 1 | E4: 0.33429628 | F4: 0.39520258 | G4: 0.2635788 | H4: 0.4849126 | I4: 0.4751068 | J4: 0.20307852 | K4: 0.25925336 | L4: 0.32426509
A5: features.21 | B5: 0.15906305 | C5: 0.43738104 | D5: 0.33429628 | E5: 1 | F5: 0.58312751 | G5: 0.66079342 | H5: 0.42520474 | I5: 0.47051076 | J5: 0.39395527 | K5: 0.32564082 | L5: 0.23123681
A6: features.22 | B6: 0.19276794 | C6: 0.47725545 | D6: 0.39520258 | E6: 0.58312751 | F6: 1 | G6: 0.52536455 | H6: 0.44864137 | I6: 0.51304868 | J6: 0.66167933 | K6: 0.59512854 | L6: 0.44676921
A7: features.23 | B7: 0.12377166 | C7: 0.4466125 | D7: 0.2635788 | E7: 0.66079342 | F7: 0.52536455 | G7: 1 | H7: 0.37699109 | I7: 0.42934558 | J7: 0.30223438 | K7: 0.22172241 | L7: 0.23867043
A8: features.24 | B8: 0.2606146 | C8: 0.58087896 | D8: 0.4849126 | E8: 0.42520474 | F8: 0.44864137 | G8: 0.37699109 | H8: 1 | I8: 0.7958144 | J8: 0.3375368 | K8: 0.33592057 | L8: 0.4492304
A9: features.25 | B9: 0.32441153 | C9: 0.53301824 | D9: 0.4751068 | E9: 0.47051076 | F9: 0.51304868 | G9: 0.42934558 | H9: 0.7958144 | I9: 1 | J9: 0.38365533 | K9: 0.45100831 | L9: 0.50961615
A10: features.26 | B10: 0.16826111 | C10: 0.21109131 | D10: 0.20307852 | E10: 0.39395527 | F10: 0.66167933 | G10: 0.30223438 | H10: 0.3375368 | I10: 0.38365533 | J10: 1 | K10: 0.8831673 | L10: 0.47670813
A11: features.27 | B11: 0.07746537 | C11: 0.16244851 | D11: 0.25925336 | E11: 0.32564082 | F11: 0.59512854 | G11: 0.22172241 | H11: 0.33592057 | I11: 0.45100831 | J11: 0.8831673 | K11: 1 | L11: 0.50028335
A12: features.28 | B12: 0.53634039 | C12: 0.37831244 | D12: 0.32426509 | E12: 0.23123681 | F12: 0.44676921 | G12: 0.23867043 | H12: 0.4492304 | I12: 0.50961615 | J12: 0.47670813 | K12: 0.50028335 | L12: 1

Sheet Class_3
B1: features.7 | C1: features.19 | D1: features.20 | E1: features.21 | F1: features.22 | G1: features.23 | H1: features.24 | I1: features.25 | J1: features.26 | K1: features.27 | L1: features.28
A2: features.7 | B2: 1 | C2: 0.15522701 | D2: 0.039217613 | E2: 0.13372722 | F2: 0.17140176 | G2: 0.28838044 | H2: -0.16198111 | I2: -0.27683335 | J2: -0.21180596 | K2: -0.31866413 | L2: -0.42583257
A3: features.19 | B3: 0.15522701 | C3: 1 | D3: 0.72537704 | E3: 0.59781111 | F3: 0.59484177 | G3: 0.47205444 | H3: 0.32975148 | I3: 0.22972624 | J3: 0.14466714 | K3: 0.045227546 | L3: 0.11277413
A4: features.20 | B4: 0.039217613 | C4: 0.72537704 | D4: 1 | E4: 0.57378645 | F4: 0.55866221 | G4: 0.45127735 | H4: 0.34290415 | I4: 0.27648372 | J4: 0.1870043 | K4: 0.055569178 | L4: 0.17293927
A5: features.21 | B5: 0.13372722 | C5: 0.59781111 | D5: 0.57378645 | E5: 1 | F5: 0.8326561 | G5: 0.67324014 | H5: 0.28280157 | I5: 0.22744085 | J5: -0.029710049 | K5: -0.20749444 | L5: 0.060770199
A6: features.22 | B6: 0.17140176 | C6: 0.59484177 | D6: 0.55866221 | E6: 0.8326561 | F6: 1 | G6: 0.63008669 | H6: 0.33778311 | I6: 0.28593952 | J6: 0.094493169 | K6: -0.086141314 | L6: 0.30801028
A7: features.23 | B7: 0.28838044 | C7: 0.47205444 | D7: 0.45127735 | E7: 0.67324014 | F7: 0.63008669 | G7: 1 | H7: 0.34800082 | I7: 0.26108021 | J7: -0.060897256 | K7: -0.23604034 | L7: 0.28453314
A8: features.24 | B8: -0.16198111 | C8: 0.32975148 | D8: 0.34290415 | E8: 0.28280157 | F8: 0.33778311 | G8: 0.34800082 | H8: 1 | I8: 0.71861025 | J8: 0.382947 | K8: 0.24652208 | L8: 0.43282483
A9: features.25 | B9: -0.27683335 | C9: 0.22972624 | D9: 0.27648372 | E9: 0.22744085 | F9: 0.28593952 | G9: 0.26108021 | H9: 0.71861025 | I9: 1 | J9: 0.33529836 | K9: 0.30711882 | L9: 0.49848261
A10: features.26 | B10: -0.21180596 | C10: 0.14466714 | D10: 0.1870043 | E10: -0.029710049 | F10: 0.094493169 | G10: -0.060897256 | H10: 0.382947 | I10: 0.33529836 | J10: 1 | K10: 0.75714156 | L10: 0.3749243
A11: features.27 | B11: -0.31866413 | C11: 0.045227546 | D11: 0.055569178 | E11: -0.20749444 | F11: -0.086141314 | G11: -0.23604034 | H11: 0.24652208 | I11: 0.30711882 | J11: 0.75714156 | K11: 1 | L11: 0.45975392
A12: features.28 | B12: -0.42583257 | C12: 0.11277413 | D12: 0.17293927 | E12: 0.060770199 | F12: 0.30801028 | G12: 0.28453314 | H12: 0.43282483 | I12: 0.49848261 | J12: 0.3749243 | K12: 0.45975392 | L12: 1

Sheet Class_4
B1: features.7 | C1: features.19 | D1: features.20 | E1: features.21 | F1: features.22 | G1: features.23 | H1: features.24 | I1: features.25 | J1: features.26 | K1: features.27 | L1: features.28
A2: features.7 | B2: 1 | C2: 0.11227958 | D2: 0.44271524 | E2: 0.13181397 | F2: 0.28243635 | G2: 0.041739043 | H2: 0.12948089 | I2: 0.032018056 | J2: 0.3180272 | K2: 0.10838568 | L2: 0.070648881
A3: features.19 | B3: 0.11227958 | C3: 1 | D3: 0.45040468 | E3: 0.17029047 | F3: 0.16671538 | G3: 0.11794964 | H3: 0.41647112 | I3: 0.53704337 | J3: -0.011359629 | K3: 0.10762865 | L3: 0.35971923
A4: features.20 | B4: 0.44271524 | C4: 0.45040468 | D4: 1 | E4: 0.19950798 | F4: 0.45880128 | G4: 0.20597889 | H4: 0.35915091 | I4: 0.39729126 | J4: 0.052014282 | K4: -0.047590834 | L4: -0.066074264
A5: features.21 | B5: 0.13181397 | C5: 0.17029047 | D5: 0.19950798 | E5: 1 | F5: 0.52554467 | G5: 0.68385074 | H5: -0.18293021 | I5: -0.0067862861 | J5: 0.25074278 | K5: 0.032381082 | L5: 4.5957963e-05
A6: features.22 | B6: 0.28243635 | C6: 0.16671538 | D6: 0.45880128 | E6: 0.52554467 | F6: 1 | G6: 0.32937336 | H6: 0.088347513 | I6: 0.047852893 | J6: 0.043174261 | K6: -0.17172168 | L6: 0.08025819
A7: features.23 | B7: 0.041739043 | C7: 0.11794964 | D7: 0.20597889 | E7: 0.68385074 | F7: 0.32937336 | G7: 1 | H7: -0.12684541 | I7: 0.23518482 | J7: 0.18390925 | K7: 0.013784016 | L7: 0.064794622
A8: features.24 | B8: 0.12948089 | C8: 0.41647112 | D8: 0.35915091 | E8: -0.18293021 | F8: 0.088347513 | G8: -0.12684541 | H8: 1 | I8: 0.52850064 | J8: 0.061484325 | K8: 0.35132255 | L8: 0.42091099
A9: features.25 | B9: 0.032018056 | C9: 0.53704337 | D9: 0.39729126 | E9: -0.0067862861 | F9: 0.047852893 | G9: 0.23518482 | H9: 0.52850064 | I9: 1 | J9: -0.042983411 | K9: 0.2129385 | L9: 0.21481525
A10: features.26 | B10: 0.3180272 | C10: -0.011359629 | D10: 0.052014282 | E10: 0.25074278 | F10: 0.043174261 | G10: 0.18390925 | H10: 0.061484325 | I10: -0.042983411 | J10: 1 | K10: 0.70238076 | L10: 0.36239096
A11: features.27 | B11: 0.10838568 | C11: 0.10762865 | D11: -0.047590834 | E11: 0.032381082 | F11: -0.17172168 | G11: 0.013784016 | H11: 0.35132255 | I11: 0.2129385 | J11: 0.70238076 | K11: 1 | L11: 0.28780972
A12: features.28 | B12: 0.070648881 | C12: 0.35971923 | D12: -0.066074264 | E12: 4.5957963e-05 | F12: 0.08025819 | G12: 0.064794622 | H12: 0.42091099 | I12: 0.21481525 | J12: 0.36239096 | K12: 0.28780972 | L12: 1

Sheet Class_5
B1: features.7 | C1: features.19 | D1: features.20 | E1: features.21 | F1: features.22 | G1: features.23 | H1: features.24 | I1: features.25 | J1: features.26 | K1: features.27 | L1: features.28
A2: features.7 | B2: 1 | C2: 0.35902157 | D2: 0.33386492 | E2: 0.23943157 | F2: 0.22378879 | G2: 0.27347164 | H2: 0.55766416 | I2: 0.4058038 | J2: 0.16021946 | K2: 0.41528187 | L2: 0.29755666
A3: features.19 | B3: 0.35902157 | C3: 1 | D3: 0.64667762 | E3: 0.50722872 | F3: 0.49610103 | G3: 0.22509435 | H3: 0.62653612 | I3: 0.62777551 | J3: 0.36748424 | K3: 0.41499228 | L3: 0.34788443
A4: features.20 | B4: 0.33386492 | C4: 0.64667762 | D4: 1 | E4: 0.60283979 | F4: 0.47541902 | G4: 0.41700243 | H4: 0.49411135 | I4: 0.4384062 | J4: 0.30665677 | K4: 0.38001238 | L4: 0.26018281
A5: features.21 | B5: 0.23943157 | C5: 0.50722872 | D5: 0.60283979 | E5: 1 | F5: 0.50732803 | G5: 0.31896677 | H5: 0.38518808 | I5: 0.5725629 | J5: 0.27986305 | K5: 0.34845973 | L5: 0.20721871
A6: features.22 | B6: 0.22378879 | C6: 0.49610103 | D6: 0.47541902 | E6: 0.50732803 | F6: 1 | G6: 0.34744462 | H6: 0.21717235 | I6: 0.22453771 | J6: 0.052533356 | K6: 0.12394615 | L6: 0.17700688
A7: features.23 | B7: 0.27347164 | C7: 0.22509435 | D7: 0.41700243 | E7: 0.31896677 | F7: 0.34744462 | G7: 1 | H7: 0.32276844 | I7: 0.42996094 | J7: 0.18140024 | K7: 0.30252744 | L7: 0.31211144
A8: features.24 | B8: 0.55766416 | C8: 0.62653612 | D8: 0.49411135 | E8: 0.38518808 | F8: 0.21717235 | G8: 0.32276844 | H8: 1 | I8: 0.73172563 | J8: 0.40479026 | K8: 0.49426274 | L8: 0.50516096
A9: features.25 | B9: 0.4058038 | C9: 0.62777551 | D9: 0.4384062 | E9: 0.5725629 | F9: 0.22453771 | G9: 0.42996094 | H9: 0.73172563 | I9: 1 | J9: 0.52802717 | K9: 0.48717713 | L9: 0.62988268
A10: features.26 | B10: 0.16021946 | C10: 0.36748424 | D10: 0.30665677 | E10: 0.27986305 | F10: 0.052533356 | G10: 0.18140024 | H10: 0.40479026 | I10: 0.52802717 | J10: 1 | K10: 0.74927007 | L10: 0.53390953
A11: features.27 | B11: 0.41528187 | C11: 0.41499228 | D11: 0.38001238 | E11: 0.34845973 | F11: 0.12394615 | G11: 0.30252744 | H11: 0.49426274 | I11: 0.48717713 | J11: 0.74927007 | K11: 1 | L11: 0.60337409
A12: features.28 | B12: 0.29755666 | C12: 0.34788443 | D12: 0.26018281 | E12: 0.20721871 | F12: 0.17700688 | G12: 0.31211144 | H12: 0.50516096 | I12: 0.62988268 | J12: 0.53390953 | K12: 0.60337409 | L12: 1

Sheet Class_6
B1: features.7 | C1: features.19 | D1: features.20 | E1: features.21 | F1: features.22 | G1: features.23 | H1: features.24 | I1: features.25 | J1: features.26 | K1: features.27 | L1: features.28
A2: features.7 | B2: 1 | C2: 0.24428469 | D2: 0.15432363 | E2: 0.26860424 | F2: 0.084283714 | G2: 0.14174017 | H2: 0.25270579 | I2: 0.11306237 | J2: 0.17236022 | K2: 0.19356494 | L2: -0.06547037
A3: features.19 | B3: 0.24428469 | C3: 1 | D3: 0.4482799 | E3: 0.45649609 | F3: 0.3737985 | G3: 0.46548288 | H3: 0.39339766 | I3: 0.29725033 | J3: 0.25621043 | K3: 0.28215021 | L3: 0.16923846
A4: features.20 | B4: 0.15432363 | C4: 0.4482799 | D4: 1 | E4: 0.47683459 | F4: 0.55415086 | G4: 0.70736248 | H4: 0.45080011 | I4: 0.41977407 | J4: 0.46677701 | K4: 0.44652534 | L4: 0.077202282
A5: features.21 | B5: 0.26860424 | C5: 0.45649609 | D5: 0.47683459 | E5: 1 | F5: 0.6213495 | G5: 0.68351829 | H5: 0.43163027 | I5: 0.57014818 | J5: 0.30816044 | K5: 0.33901256 | L5: 0.10721951
A6: features.22 | B6: 0.084283714 | C6: 0.3737985 | D6: 0.55415086 | E6: 0.6213495 | F6: 1 | G6: 0.82531635 | H6: 0.24499277 | I6: 0.46740276 | J6: 0.5757651 | K6: 0.50195666 | L6: 0.22659176
A7: features.23 | B7: 0.14174017 | C7: 0.46548288 | D7: 0.70736248 | E7: 0.68351829 | F7: 0.82531635 | G7: 1 | H7: 0.43263428 | I7: 0.51707231 | J7: 0.44733049 | K7: 0.47143683 | L7: 0.18347411
A8: features.24 | B8: 0.25270579 | C8: 0.39339766 | D8: 0.45080011 | E8: 0.43163027 | F8: 0.24499277 | G8: 0.43263428 | H8: 1 | I8: 0.62338347 | J8: 0.23003229 | K8: 0.40079342 | L8: 0.30340721
A9: features.25 | B9: 0.11306237 | C9: 0.29725033 | D9: 0.41977407 | E9: 0.57014818 | F9: 0.46740276 | G9: 0.51707231 | H9: 0.62338347 | I9: 1 | J9: 0.25773227 | K9: 0.25578386 | L9: 0.011203612
A10: features.26 | B10: 0.17236022 | C10: 0.25621043 | D10: 0.46677701 | E10: 0.30816044 | F10: 0.5757651 | G10: 0.44733049 | H10: 0.23003229 | I10: 0.25773227 | J10: 1 | K10: 0.84050573 | L10: 0.42444438
A11: features.27 | B11: 0.19356494 | C11: 0.28215021 | D11: 0.44652534 | E11: 0.33901256 | F11: 0.50195666 | G11: 0.47143683 | H11: 0.40079342 | I11: 0.25578386 | J11: 0.84050573 | K11: 1 | L11: 0.40201342
A12: features.28 | B12: -0.06547037 | C12: 0.16923846 | D12: 0.077202282 | E12: 0.10721951 | F12: 0.22659176 | G12: 0.18347411 | H12: 0.30340721 | I12: 0.011203612 | J12: 0.42444438 | K12: 0.40201342 | L12: 1

Sheet Class_7
B1: features.7 | C1: features.19 | D1: features.20 | E1: features.21 | F1: features.22 | G1: features.23 | H1: features.24 | I1: features.25 | J1: features.26 | K1: features.27 | L1: features.28
A2: features.7 | B2: 1 | C2: 0.42562846 | D2: 0.45268975 | E2: 0.46038757 | F2: 0.39125051 | G2: 0.36936215 | H2: 0.40270748 | I2: 0.45511843 | J2: 0.23146457 | K2: 0.2495565 | L2: 0.27987208
A3: features.19 | B3: 0.42562846 | C3: 1 | D3: 0.80979888 | E3: 0.70256193 | F3: 0.76499877 | G3: 0.79827682 | H3: 0.75911957 | I3: 0.72917375 | J3: 0.73434815 | K3: 0.69788646 | L3: 0.80421183
A4: features.20 | B4: 0.45268975 | C4: 0.80979888 | D4: 1 | E4: 0.65852294 | F4: 0.63372702 | G4: 0.66727124 | H4: 0.64965886 | I4: 0.58403552 | J4: 0.66262665 | K4: 0.61617184 | L4: 0.71725006
A5: features.21 | B5: 0.46038757 | C5: 0.70256193 | D5: 0.65852294 | E5: 1 | F5: 0.77857761 | G5: 0.8207394 | H5: 0.65998241 | I5: 0.54279391 | J5: 0.53984431 | K5: 0.46303724 | L5: 0.56468863
A6: features.22 | B6: 0.39125051 | C6: 0.76499877 | D6: 0.63372702 | E6: 0.77857761 | F6: 1 | G6: 0.84037175 | H6: 0.68538519 | I6: 0.5660812 | J6: 0.65020943 | K6: 0.64016722 | L6: 0.70203747
A7: features.23 | B7: 0.36936215 | C7: 0.79827682 | D7: 0.66727124 | E7: 0.8207394 | F7: 0.84037175 | G7: 1 | H7: 0.79628365 | I7: 0.69301561 | J7: 0.64415537 | K7: 0.53683591 | L7: 0.68676562
A8: features.24 | B8: 0.40270748 | C8: 0.75911957 | D8: 0.64965886 | E8: 0.65998241 | F8: 0.68538519 | G8: 0.79628365 | H8: 1 | I8: 0.7942357 | J8: 0.70363962 | K8: 0.58279583 | L8: 0.77766991
A9: features.25 | B9: 0.45511843 | C9: 0.72917375 | D9: 0.58403552 | E9: 0.54279391 | F9: 0.5660812 | G9: 0.69301561 | H9: 0.7942357 | I9: 1 | J9: 0.55631492 | K9: 0.5041945 | L9: 0.64503925
A10: features.26 | B10: 0.23146457 | C10: 0.73434815 | D10: 0.66262665 | E10: 0.53984431 | F10: 0.65020943 | G10: 0.64415537 | H10: 0.70363962 | I10: 0.55631492 | J10: 1 | K10: 0.82955425 | L10: 0.80759656
A11: features.27 | B11: 0.2495565 | C11: 0.69788646 | D11: 0.61617184 | E11: 0.46303724 | F11: 0.64016722 | G11: 0.53683591 | H11: 0.58279583 | I11: 0.5041945 | J11: 0.82955425 | K11: 1 | L11: 0.75230505
A12: features.28 | B12: 0.27987208 | C12: 0.80421183 | D12: 0.71725006 | E12: 0.56468863 | F12: 0.70203747 | G12: 0.68676562 | H12: 0.77766991 | I12: 0.64503925 | J12: 0.80759656 | K12: 0.75230505 | L12: 1

Sheet Class_8
B1: features.7 | C1: features.19 | D1: features.20 | E1: features.21 | F1: features.22 | G1: features.23 | H1: features.24 | I1: features.25 | J1: features.26 | K1: features.27 | L1: features.28
A2: features.7 | B2: 1 | C2: 0.34660586 | D2: 0.37545721 | E2: 0.28802798 | F2: 0.25045779 | G2: 0.18602842 | H2: 0.099225094 | I2: 0.20349071 | J2: 0.049243193 | K2: -0.0070113361 | L2: 0.13728842
A3: features.19 | B3: 0.34660586 | C3: 1 | D3: 0.50073999 | E3: 0.52665451 | F3: 0.54186352 | G3: 0.54951629 | H3: 0.41367455 | I3: 0.39014118 | J3: 0.20201811 | K3: 0.32459845 | L3: 0.23909295
A4: features.20 | B4: 0.37545721 | C4: 0.50073999 | D4: 1 | E4: 0.40687139 | F4: 0.5121482 | G4: 0.38012737 | H4: 0.38783384 | I4: 0.37706506 | J4: 0.31104846 | K4: 0.41318458 | L4: 0.26647057
A5: features.21 | B5: 0.28802798 | C5: 0.52665451 | D5: 0.40687139 | E5: 1 | F5: 0.80896626 | G5: 0.75448362 | H5: 0.51648689 | I5: 0.47706386 | J5: 0.4401621 | K5: 0.46594217 | L5: 0.42345054
A6: features.22 | B6: 0.25045779 | C6: 0.54186352 | D6: 0.5121482 | E6: 0.80896626 | F6: 1 | G6: 0.78767456 | H6: 0.45577483 | I6: 0.4463466 | J6: 0.31194676 | K6: 0.38878023 | L6: 0.26077982
A7: features.23 | B7: 0.18602842 | C7: 0.54951629 | D7: 0.38012737 | E7: 0.75448362 | F7: 0.78767456 | G7: 1 | H7: 0.4485256 | I7: 0.40206258 | J7: 0.39554921 | K7: 0.42964701 | L7: 0.45822308
A8: features.24 | B8: 0.099225094 | C8: 0.41367455 | D8: 0.38783384 | E8: 0.51648689 | F8: 0.45577483 | G8: 0.4485256 | H8: 1 | I8: 0.84614903 | J8: 0.48033763 | K8: 0.55719993 | L8: 0.57320482
A9: features.25 | B9: 0.20349071 | C9: 0.39014118 | D9: 0.37706506 | E9: 0.47706386 | F9: 0.4463466 | G9: 0.40206258 | H9: 0.84614903 | I9: 1 | J9: 0.31153747 | K9: 0.40762704 | L9: 0.51183121
A10: features.26 | B10: 0.049243193 | C10: 0.20201811 | D10: 0.31104846 | E10: 0.4401621 | F10: 0.31194676 | G10: 0.39554921 | H10: 0.48033763 | I10: 0.31153747 | J10: 1 | K10: 0.86306805 | L10: 0.78807327
A11: features.27 | B11: -0.0070113361 | C11: 0.32459845 | D11: 0.41318458 | E11: 0.46594217 | F11: 0.38878023 | G11: 0.42964701 | H11: 0.55719993 | I11: 0.40762704 | J11: 0.86306805 | K11: 1 | L11: 0.71365741
A12: features.28 | B12: 0.13728842 | C12: 0.23909295 | D12: 0.26647057 | E12: 0.42345054 | F12: 0.26077982 | G12: 0.45822308 | H12: 0.57320482 | I12: 0.51183121 | J12: 0.78807327 | K12: 0.71365741 | L12: 1

Sheet Class_9
B1: features.7 | C1: features.19 | D1: features.20 | E1: features.21 | F1: features.22 | G1: features.23 | H1: features.24 | I1: features.25 | J1: features.26 | K1: features.27 | L1: features.28
A2: features.7 | B2: 1 | C2: 0.19963388 | D2: 0.26939999 | E2: 0.27986623 | F2: 0.2629844 | G2: 0.27783138 | H2: 0.26968291 | I2: 0.26646748 | J2: 0.24663454 | K2: 0.43141024 | L2: 0.11347866
A3: features.19 | B3: 0.19963388 | C3: 1 | D3: 0.52036327 | E3: 0.2304311 | F3: 0.41820229 | G3: 0.49531672 | H3: 0.0099474319 | I3: 0.31091996 | J3: 0.2942849 | K3: 0.20284525 | L3: 0.068137553
A4: features.20 | B4: 0.26939999 | C4: 0.52036327 | D4: 1 | E4: 0.48552272 | F4: 0.32835167 | G4: 0.32546229 | H4: 0.22483057 | I4: 0.25713621 | J4: 0.42497843 | K4: 0.36036958 | L4: 0.054824326
A5: features.21 | B5: 0.27986623 | C5: 0.2304311 | D5: 0.48552272 | E5: 1 | F5: 0.54847971 | G5: 0.52239699 | H5: 0.45909834 | I5: 0.44358098 | J5: 0.40343822 | K5: 0.49931361 | L5: 0.32546866
A6: features.22 | B6: 0.2629844 | C6: 0.41820229 | D6: 0.32835167 | E6: 0.54847971 | F6: 1 | G6: 0.65392889 | H6: 0.36263092 | I6: 0.43246788 | J6: 0.38433197 | K6: 0.45123465 | L6: 0.41118519
A7: features.23 | B7: 0.27783138 | C7: 0.49531672 | D7: 0.32546229 | E7: 0.52239699 | F7: 0.65392889 | G7: 1 | H7: 0.50353202 | I7: 0.50784731 | J7: 0.28756854 | K7: 0.57311171 | L7: 0.33157065
A8: features.24 | B8: 0.26968291 | C8: 0.0099474319 | D8: 0.22483057 | E8: 0.45909834 | F8: 0.36263092 | G8: 0.50353202 | H8: 1 | I8: 0.61198303 | J8: 0.19535348 | K8: 0.4470291 | L8: 0.48081684
A9: features.25 | B9: 0.26646748 | C9: 0.31091996 | D9: 0.25713621 | E9: 0.44358098 | F9: 0.43246788 | G9: 0.50784731 | H9: 0.61198303 | I9: 1 | J9: 0.31329505 | K9: 0.36988018 | L9: 0.48506799
A10: features.26 | B10: 0.24663454 | C10: 0.2942849 | D10: 0.42497843 | E10: 0.40343822 | F10: 0.38433197 | G10: 0.28756854 | H10: 0.19535348 | I10: 0.31329505 | J10: 1 | K10: 0.56031071 | L10: 0.27225609
A11: features.27 | B11: 0.43141024 | C11: 0.20284525 | D11: 0.36036958 | E11: 0.49931361 | F11: 0.45123465 | G11: 0.57311171 | H11: 0.4470291 | I11: 0.36988018 | J11: 0.56031071 | K11: 1 | L11: 0.52004314
A12: features.28 | B12: 0.11347866 | C12: 0.068137553 | D12: 0.054824326 | E12: 0.32546866 | F12: 0.41118519 | G12: 0.33157065 | H12: 0.48081684 | I12: 0.48506799 | J12: 0.27225609 | K12: 0.52004314 | L12: 1
