Workbook

Sheet Sheet1
A1: Class | B1: =Class_0!B1 -> features.11.block.2.fc1 | C1: =Class_0!C1 -> features.11.block.2.fc2 | D1: =Class_0!D1 -> features.12.block.2.fc1 | E1: =Class_0!E1 -> features.12.block.2.fc2 | F1: =Class_0!F1 -> features.13.block.2.fc1 | G1: =Class_0!G1 -> features.13.block.2.fc2 | H1: =Class_0!H1 -> features.14.block.2.fc1 | I1: =Class_0!I1 -> features.14.block.2.fc2 | ... AG1: =Class_0!AG1 -> 0
A2: 0 | B2: =Class_0!B12 -> -0.15741389 | C2: =Class_0!C12 -> -0.058195094 | D2: =Class_0!D12 -> 0.04695676 | E2: =Class_0!E12 -> 0.11957827 | F2: =Class_0!F12 -> -0.012836522 | G2: =Class_0!G12 -> 0.06603586 | H2: =Class_0!H12 -> 0.093046989 | I2: =Class_0!I12 -> 0.27750212 | ... L2: =Class_0!L12 -> 1
A3: 1 | B3: =Class_0!B12 -> -0.15741389 | C3: =Class_0!C12 -> -0.058195094 | D3: =Class_0!D12 -> 0.04695676 | E3: =Class_0!E12 -> 0.11957827 | F3: =Class_0!F12 -> -0.012836522 | G3: =Class_0!G12 -> 0.06603586 | H3: =Class_0!H12 -> 0.093046989 | I3: =Class_0!I12 -> 0.27750212 | ... L3: =Class_0!L12 -> 1
A4: 2 | B4: =Class_0!B12 -> -0.15741389 | C4: =Class_0!C12 -> -0.058195094 | D4: =Class_0!D12 -> 0.04695676 | E4: =Class_0!E12 -> 0.11957827 | F4: =Class_0!F12 -> -0.012836522 | G4: =Class_0!G12 -> 0.06603586 | H4: =Class_0!H12 -> 0.093046989 | I4: =Class_0!I12 -> 0.27750212 | ... L4: =Class_0!L12 -> 1
A6: Overall corelation | B6: =MIN(B2:B4) -> -0.15741389 | C6: =MIN(C2:C4) -> -0.058195094 | D6: =MIN(D2:D4) -> 0.04695676 | E6: =MIN(E2:E4) -> 0.11957827 | F6: =MIN(F2:F4) -> -0.012836522 | G6: =MIN(G2:G4) -> 0.06603586 | H6: =MIN(H2:H4) -> 0.093046989 | I6: =MIN(I2:I4) -> 0.27750212 | ... K6: =MIN(K2:K4) -> -0.10416307
B7: =IF(AND(B2>0,B3>0,B4>0),TRUE,FALSE) -> FALSE | C7: =IF(AND(C2>0,C3>0,C4>0),TRUE,FALSE) -> FALSE | D7: =IF(AND(D2>0,D3>0,D4>0),TRUE,FALSE) -> TRUE | E7: =IF(AND(E2>0,E3>0,E4>0),TRUE,FALSE) -> TRUE | F7: =IF(AND(F2>0,F3>0,F4>0),TRUE,FALSE) -> FALSE | G7: =IF(AND(G2>0,G3>0,G4>0),TRUE,FALSE) -> TRUE | H7: =IF(AND(H2>0,H3>0,H4>0),TRUE,FALSE) -> TRUE | I7: =IF(AND(I2>0,I3>0,I4>0),TRUE,FALSE) -> TRUE | ... K7: =IF(AND(K2>0,K3>0,K4>0),TRUE,FALSE) -> FALSE
A8: Max Corelation layer | B8: =MAX(B4:BI6) -> 1 | D8: =MAX(D4:BK6) -> 1 | F8: =MAX(F4:BM6) -> 1 | H8: =MAX(H4:BO6) -> 1 | J8: =MAX(J4:BQ6) -> 1
A9: Affects 2 classes | B9: =IF(OR(AND(B2>0,B3>0), AND(B2>0,B4>0), AND(B3>0,B4>0)), TRUE, FALSE) -> FALSE | C9: =IF(OR(AND(C2>0,C3>0), AND(C2>0,C4>0), AND(C3>0,C4>0)), TRUE, FALSE) -> FALSE | D9: =IF(OR(AND(D2>0,D3>0), AND(D2>0,D4>0), AND(D3>0,D4>0)), TRUE, FALSE) -> TRUE | E9: =IF(OR(AND(E2>0,E3>0), AND(E2>0,E4>0), AND(E3>0,E4>0)), TRUE, FALSE) -> TRUE | F9: =IF(OR(AND(F2>0,F3>0), AND(F2>0,F4>0), AND(F3>0,F4>0)), TRUE, FALSE) -> FALSE | G9: =IF(OR(AND(G2>0,G3>0), AND(G2>0,G4>0), AND(G3>0,G4>0)), TRUE, FALSE) -> TRUE | H9: =IF(OR(AND(H2>0,H3>0), AND(H2>0,H4>0), AND(H3>0,H4>0)), TRUE, FALSE) -> TRUE | I9: =IF(OR(AND(I2>0,I3>0), AND(I2>0,I4>0), AND(I3>0,I4>0)), TRUE, FALSE) -> TRUE | ... K9: =IF(OR(AND(K2>0,K3>0), AND(K2>0,K4>0), AND(K3>0,K4>0)), TRUE, FALSE) -> FALSE

Sheet Class_0
B1: features.11.block.2.fc1 | C1: features.11.block.2.fc2 | D1: features.12.block.2.fc1 | E1: features.12.block.2.fc2 | F1: features.13.block.2.fc1 | G1: features.13.block.2.fc2 | H1: features.14.block.2.fc1 | I1: features.14.block.2.fc2 | J1: features.15.block.2.fc1 | K1: features.15.block.2.fc2 | L1: features.16.0
A2: features.11.block.2.fc1 | B2: 1 | C2: 0.60604205 | D2: 0.22230799 | E2: 0.45043509 | F2: -0.021996017 | G2: 0.088344664 | H2: 0.32553412 | I2: 0.31203676 | J2: -0.023924133 | K2: 0.24466564 | L2: -0.15741389
A3: features.11.block.2.fc2 | B3: 0.60604205 | C3: 1 | D3: -0.12372854 | E3: 0.10903353 | F3: -0.16496667 | G3: -0.17116282 | H3: 0.2768799 | I3: 0.20641461 | J3: -0.033188595 | K3: 0.17179484 | L3: -0.058195094
A4: features.12.block.2.fc1 | B4: 0.22230799 | C4: -0.12372854 | D4: 1 | E4: 0.67089029 | F4: 0.083114401 | G4: 0.25057027 | H4: 0.078552734 | I4: 0.19000343 | J4: 0.2644619 | K4: -0.0092674259 | L4: 0.04695676
A5: features.12.block.2.fc2 | B5: 0.45043509 | C5: 0.10903353 | D5: 0.67089029 | E5: 1 | F5: -0.070197484 | G5: 0.019846922 | H5: 0.23748104 | I5: 0.4829065 | J5: 0.30191264 | K5: 0.0027628231 | L5: 0.11957827
A6: features.13.block.2.fc1 | B6: -0.021996017 | C6: -0.16496667 | D6: 0.083114401 | E6: -0.070197484 | F6: 1 | G6: 0.50318235 | H6: -0.11933269 | I6: -0.21425901 | J6: 0.13928765 | K6: -0.1588624 | L6: -0.012836522
A7: features.13.block.2.fc2 | B7: 0.088344664 | C7: -0.17116282 | D7: 0.25057027 | E7: 0.019846922 | F7: 0.50318235 | G7: 1 | H7: 0.24153091 | I7: 0.12731815 | J7: -0.18880954 | K7: -0.11899021 | L7: 0.06603586
A8: features.14.block.2.fc1 | B8: 0.32553412 | C8: 0.2768799 | D8: 0.078552734 | E8: 0.23748104 | F8: -0.11933269 | G8: 0.24153091 | H8: 1 | I8: 0.58747448 | J8: -0.051400886 | K8: -0.10796128 | L8: 0.093046989
A9: features.14.block.2.fc2 | B9: 0.31203676 | C9: 0.20641461 | D9: 0.19000343 | E9: 0.4829065 | F9: -0.21425901 | G9: 0.12731815 | H9: 0.58747448 | I9: 1 | J9: 0.10163921 | K9: -0.12705743 | L9: 0.27750212
A10: features.15.block.2.fc1 | B10: -0.023924133 | C10: -0.033188595 | D10: 0.2644619 | E10: 0.30191264 | F10: 0.13928765 | G10: -0.18880954 | H10: -0.051400886 | I10: 0.10163921 | J10: 1 | K10: 0.27874002 | L10: 0.15058204
A11: features.15.block.2.fc2 | B11: 0.24466564 | C11: 0.17179484 | D11: -0.0092674259 | E11: 0.0027628231 | F11: -0.1588624 | G11: -0.11899021 | H11: -0.10796128 | I11: -0.12705743 | J11: 0.27874002 | K11: 1 | L11: -0.10416307
A12: features.16.0 | B12: -0.15741389 | C12: -0.058195094 | D12: 0.04695676 | E12: 0.11957827 | F12: -0.012836522 | G12: 0.06603586 | H12: 0.093046989 | I12: 0.27750212 | J12: 0.15058204 | K12: -0.10416307 | L12: 1

Sheet Class_1
B1: features.11.block.2.fc1 | C1: features.11.block.2.fc2 | D1: features.12.block.2.fc1 | E1: features.12.block.2.fc2 | F1: features.13.block.2.fc1 | G1: features.13.block.2.fc2 | H1: features.14.block.2.fc1 | I1: features.14.block.2.fc2 | J1: features.15.block.2.fc1 | K1: features.15.block.2.fc2 | L1: features.16.0
A2: features.11.block.2.fc1 | B2: 1 | C2: 0.79236048 | D2: 0.10536739 | E2: 0.25533525 | F2: -0.10733464 | G2: 0.082214129 | H2: 0.18006865 | I2: 0.17715559 | J2: -0.16064327 | K2: 0.062778823 | L2: -0.045256302
A3: features.11.block.2.fc2 | B3: 0.79236048 | C3: 1 | D3: 0.023620465 | E3: 0.12319233 | F3: 0.046054715 | G3: -0.093378994 | H3: 0.14569432 | I3: 0.12326337 | J3: -0.01810931 | K3: 0.069384254 | L3: -0.021590818
A4: features.12.block.2.fc1 | B4: 0.10536739 | C4: 0.023620465 | D4: 1 | E4: 0.75538318 | F4: 0.15865506 | G4: 0.3829388 | H4: -0.012215243 | I4: 0.27670554 | J4: 0.12226401 | K4: 0.26345898 | L4: -0.15729228
A5: features.12.block.2.fc2 | B5: 0.25533525 | C5: 0.12319233 | D5: 0.75538318 | E5: 1 | F5: 0.13387891 | G5: 0.33552003 | H5: -0.025656296 | I5: 0.19690481 | J5: 0.053710553 | K5: 0.19287676 | L5: -0.17184489
A6: features.13.block.2.fc1 | B6: -0.10733464 | C6: 0.046054715 | D6: 0.15865506 | E6: 0.13387891 | F6: 1 | G6: 0.47747233 | H6: -0.13000791 | I6: -0.17427486 | J6: 0.3708641 | K6: 0.13203867 | L6: 0.049576222
A7: features.13.block.2.fc2 | B7: 0.082214129 | C7: -0.093378994 | D7: 0.3829388 | E7: 0.33552003 | F7: 0.47747233 | G7: 1 | H7: -0.013227283 | I7: -0.023622304 | J7: 0.078712662 | K7: -0.013681408 | L7: -0.040578349
A8: features.14.block.2.fc1 | B8: 0.18006865 | C8: 0.14569432 | D8: -0.012215243 | E8: -0.025656296 | F8: -0.13000791 | G8: -0.013227283 | H8: 1 | I8: 0.4954886 | J8: 0.083495335 | K8: -0.0019875784 | L8: -0.19773591
A9: features.14.block.2.fc2 | B9: 0.17715559 | C9: 0.12326337 | D9: 0.27670554 | E9: 0.19690481 | F9: -0.17427486 | G9: -0.023622304 | H9: 0.4954886 | I9: 1 | J9: -0.14820333 | K9: 0.12287138 | L9: 0.002303902
A10: features.15.block.2.fc1 | B10: -0.16064327 | C10: -0.01810931 | D10: 0.12226401 | E10: 0.053710553 | F10: 0.3708641 | G10: 0.078712662 | H10: 0.083495335 | I10: -0.14820333 | J10: 1 | K10: 0.067928451 | L10: -0.047539111
A11: features.15.block.2.fc2 | B11: 0.062778823 | C11: 0.069384254 | D11: 0.26345898 | E11: 0.19287676 | F11: 0.13203867 | G11: -0.013681408 | H11: -0.0019875784 | I11: 0.12287138 | J11: 0.067928451 | K11: 1 | L11: -0.046085636
A12: features.16.0 | B12: -0.045256302 | C12: -0.021590818 | D12: -0.15729228 | E12: -0.17184489 | F12: 0.049576222 | G12: -0.040578349 | H12: -0.19773591 | I12: 0.002303902 | J12: -0.047539111 | K12: -0.046085636 | L12: 1

Sheet Class_2
B1: features.11.block.2.fc1 | C1: features.11.block.2.fc2 | D1: features.12.block.2.fc1 | E1: features.12.block.2.fc2 | F1: features.13.block.2.fc1 | G1: features.13.block.2.fc2 | H1: features.14.block.2.fc1 | I1: features.14.block.2.fc2 | J1: features.15.block.2.fc1 | K1: features.15.block.2.fc2 | L1: features.16.0
A2: features.11.block.2.fc1 | B2: 1 | C2: 0.60994799 | D2: 0.037947427 | E2: 0.048850297 | F2: -0.060176799 | G2: -0.030619468 | H2: -0.064001779 | I2: -0.028938296 | J2: -0.33080016 | K2: 0.09210444 | L2: 0.083992382
A3: features.11.block.2.fc2 | B3: 0.60994799 | C3: 1 | D3: -0.19449798 | E3: -0.068665161 | F3: 0.012356935 | G3: -0.02399118 | H3: -0.24863084 | I3: -0.23923016 | J3: -0.045823421 | K3: -0.039030514 | L3: 0.081936786
A4: features.12.block.2.fc1 | B4: 0.037947427 | C4: -0.19449798 | D4: 1 | E4: 0.73741471 | F4: -0.085339812 | G4: -0.074556552 | H4: 0.076390212 | I4: 0.4203228 | J4: -0.092036398 | K4: -0.01127319 | L4: 0.23547128
A5: features.12.block.2.fc2 | B5: 0.048850297 | C5: -0.068665161 | D5: 0.73741471 | E5: 1 | F5: 0.065856546 | G5: 0.027982242 | H5: 0.14476554 | I5: 0.23775323 | J5: -0.042994395 | K5: 0.01430677 | L5: 0.16183737
A6: features.13.block.2.fc1 | B6: -0.060176799 | C6: 0.012356935 | D6: -0.085339812 | E6: 0.065856546 | F6: 1 | G6: 0.6785192 | H6: -0.25934351 | I6: -0.08649151 | J6: 0.17197456 | K6: 0.23764044 | L6: 0.18792734
A7: features.13.block.2.fc2 | B7: -0.030619468 | C7: -0.02399118 | D7: -0.074556552 | E7: 0.027982242 | F7: 0.6785192 | G7: 1 | H7: 0.0020765803 | I7: 0.052817878 | J7: 0.098721579 | K7: 0.32239222 | L7: 0.15220226
A8: features.14.block.2.fc1 | B8: -0.064001779 | C8: -0.24863084 | D8: 0.076390212 | E8: 0.14476554 | F8: -0.25934351 | G8: 0.0020765803 | H8: 1 | I8: 0.50176994 | J8: 0.017826209 | K8: 0.052453887 | L8: 0.0010606637
A9: features.14.block.2.fc2 | B9: -0.028938296 | C9: -0.23923016 | D9: 0.4203228 | E9: 0.23775323 | F9: -0.08649151 | G9: 0.052817878 | H9: 0.50176994 | I9: 1 | J9: -0.049125701 | K9: 0.17056852 | L9: 0.072418517
A10: features.15.block.2.fc1 | B10: -0.33080016 | C10: -0.045823421 | D10: -0.092036398 | E10: -0.042994395 | F10: 0.17197456 | G10: 0.098721579 | H10: 0.017826209 | I10: -0.049125701 | J10: 1 | K10: 0.2374851 | L10: -0.054664055
A11: features.15.block.2.fc2 | B11: 0.09210444 | C11: -0.039030514 | D11: -0.01127319 | E11: 0.01430677 | F11: 0.23764044 | G11: 0.32239222 | H11: 0.052453887 | I11: 0.17056852 | J11: 0.2374851 | K11: 1 | L11: -0.020077311
A12: features.16.0 | B12: 0.083992382 | C12: 0.081936786 | D12: 0.23547128 | E12: 0.16183737 | F12: 0.18792734 | G12: 0.15220226 | H12: 0.0010606637 | I12: 0.072418517 | J12: -0.054664055 | K12: -0.020077311 | L12: 1
