Workbook

Sheet Sheet1
A1: Class | B1: =Class_0!B1 -> features.5.block.0.0 | C1: =Class_0!C1 -> features.5.block.1.0 | D1: =Class_0!D1 -> features.5.block.2.fc2 | E1: =Class_0!E1 -> features.5.block.3.0 | F1: =Class_0!F1 -> features.6.block.0.0 | G1: =Class_0!G1 -> features.6.block.1.0 | H1: =Class_0!H1 -> features.6.block.2.fc2 | I1: =Class_0!I1 -> features.6.block.3.0 | ... T1: =Class_0!T1 -> 0
A2: 0 | B2: =Class_0!B17 -> -0.28249688 | C2: =Class_0!C17 -> -0.36596532 | D2: =Class_0!D17 -> 0.055683343 | E2: =Class_0!E17 -> -0.099056286 | F2: =Class_0!F17 -> -0.17258375 | G2: =Class_0!G17 -> 0.0097952208 | H2: =Class_0!H17 -> 0.088143629 | I2: =Class_0!I17 -> -0.22308512 | ... Q2: =Class_0!Q17 -> 1
A3: 1 | B3: =Class_1!B17 -> -0.20768884 | C3: =Class_1!C17 -> -0.13975393 | D3: =Class_1!D17 -> -0.11349083 | E3: =Class_1!E17 -> 0.13600688 | F3: =Class_1!F17 -> 0.25485728 | G3: =Class_1!G17 -> 0.33202467 | H3: =Class_1!H17 -> -0.11028915 | I3: =Class_1!I17 -> 0.11445131 | ... Q3: =Class_1!Q17 -> 1
A4: 2 | B4: =Class_2!B17 -> -0.28043274 | C4: =Class_2!C17 -> -0.16122201 | D4: =Class_2!D17 -> 0.031545014 | E4: =Class_2!E17 -> -0.12382156 | F4: =Class_2!F17 -> -0.10015731 | G4: =Class_2!G17 -> -0.061556514 | H4: =Class_2!H17 -> -0.32213975 | I4: =Class_2!I17 -> 0.16504172 | ... Q4: =Class_2!Q17 -> 1

Sheet Sheet2
B1: features.5.block.0.0 | C1: features.5.block.1.0 | D1: features.5.block.2.fc2 | E1: features.5.block.3.0 | F1: features.6.block.0.0 | G1: features.6.block.1.0 | H1: features.6.block.2.fc2 | I1: features.6.block.3.0 | J1: features.7.block.0.0 | K1: features.7.block.1.0 | L1: features.7.block.2.fc2 | M1: features.7.block.3.0
A2: features.5.block.0.0 | B2: =IF(MIN(Class_0!B2,Class_1!B2,Class_2!B2), CHAR(43), CHAR(45)) -> + | C2: =IF(MIN(Class_0!C2,Class_1!C2,Class_2!C2), CHAR(43), CHAR(45)) -> + | D2: =IF(MIN(Class_0!D2,Class_1!D2,Class_2!D2), CHAR(43), CHAR(45)) -> + | E2: =IF(MIN(Class_0!E2,Class_1!E2,Class_2!E2), CHAR(43), CHAR(45)) -> + | F2: =IF(MIN(Class_0!F2,Class_1!F2,Class_2!F2), CHAR(43), CHAR(45)) -> + | G2: =IF(MIN(Class_0!G2,Class_1!G2,Class_2!G2), CHAR(43), CHAR(45)) -> + | H2: =IF(MIN(Class_0!H2,Class_1!H2,Class_2!H2), CHAR(43), CHAR(45)) -> + | I2: =IF(MIN(Class_0!I2,Class_1!I2,Class_2!I2), CHAR(43), CHAR(45)) -> + | ... M2: =IF(MIN(Class_0!M2,Class_1!M2,Class_2!M2), CHAR(43), CHAR(45)) -> +
A3: features.5.block.1.0 | B3: =IF(MIN(Class_0!B3,Class_1!B3,Class_2!B3), CHAR(43), CHAR(45)) -> + | C3: =IF(MIN(Class_0!C3,Class_1!C3,Class_2!C3), CHAR(43), CHAR(45)) -> + | D3: =IF(MIN(Class_0!D3,Class_1!D3,Class_2!D3), CHAR(43), CHAR(45)) -> + | E3: =IF(MIN(Class_0!E3,Class_1!E3,Class_2!E3), CHAR(43), CHAR(45)) -> + | F3: =IF(MIN(Class_0!F3,Class_1!F3,Class_2!F3), CHAR(43), CHAR(45)) -> + | G3: =IF(MIN(Class_0!G3,Class_1!G3,Class_2!G3), CHAR(43), CHAR(45)) -> + | H3: =IF(MIN(Class_0!H3,Class_1!H3,Class_2!H3), CHAR(43), CHAR(45)) -> + | I3: =IF(MIN(Class_0!I3,Class_1!I3,Class_2!I3), CHAR(43), CHAR(45)) -> + | ... M3: =IF(MIN(Class_0!M3,Class_1!M3,Class_2!M3), CHAR(43), CHAR(45)) -> +
A4: features.5.block.2.fc2 | B4: =IF(MIN(Class_0!B4,Class_1!B4,Class_2!B4), CHAR(43), CHAR(45)) -> + | C4: =IF(MIN(Class_0!C4,Class_1!C4,Class_2!C4), CHAR(43), CHAR(45)) -> + | D4: =IF(MIN(Class_0!D4,Class_1!D4,Class_2!D4), CHAR(43), CHAR(45)) -> + | E4: =IF(MIN(Class_0!E4,Class_1!E4,Class_2!E4), CHAR(43), CHAR(45)) -> + | F4: =IF(MIN(Class_0!F4,Class_1!F4,Class_2!F4), CHAR(43), CHAR(45)) -> + | G4: =IF(MIN(Class_0!G4,Class_1!G4,Class_2!G4), CHAR(43), CHAR(45)) -> + | H4: =IF(MIN(Class_0!H4,Class_1!H4,Class_2!H4), CHAR(43), CHAR(45)) -> + | I4: =IF(MIN(Class_0!I4,Class_1!I4,Class_2!I4), CHAR(43), CHAR(45)) -> + | ... M4: =IF(MIN(Class_0!M4,Class_1!M4,Class_2!M4), CHAR(43), CHAR(45)) -> +
A5: features.5.block.3.0 | B5: =IF(MIN(Class_0!B5,Class_1!B5,Class_2!B5), CHAR(43), CHAR(45)) -> + | C5: =IF(MIN(Class_0!C5,Class_1!C5,Class_2!C5), CHAR(43), CHAR(45)) -> + | D5: =IF(MIN(Class_0!D5,Class_1!D5,Class_2!D5), CHAR(43), CHAR(45)) -> + | E5: =IF(MIN(Class_0!E5,Class_1!E5,Class_2!E5), CHAR(43), CHAR(45)) -> + | F5: =IF(MIN(Class_0!F5,Class_1!F5,Class_2!F5), CHAR(43), CHAR(45)) -> + | G5: =IF(MIN(Class_0!G5,Class_1!G5,Class_2!G5), CHAR(43), CHAR(45)) -> + | H5: =IF(MIN(Class_0!H5,Class_1!H5,Class_2!H5), CHAR(43), CHAR(45)) -> + | I5: =IF(MIN(Class_0!I5,Class_1!I5,Class_2!I5), CHAR(43), CHAR(45)) -> + | ... M5: =IF(MIN(Class_0!M5,Class_1!M5,Class_2!M5), CHAR(43), CHAR(45)) -> +
A6: features.6.block.0.0 | B6: =IF(MIN(Class_0!B6,Class_1!B6,Class_2!B6), CHAR(43), CHAR(45)) -> + | C6: =IF(MIN(Class_0!C6,Class_1!C6,Class_2!C6), CHAR(43), CHAR(45)) -> + | D6: =IF(MIN(Class_0!D6,Class_1!D6,Class_2!D6), CHAR(43), CHAR(45)) -> + | E6: =IF(MIN(Class_0!E6,Class_1!E6,Class_2!E6), CHAR(43), CHAR(45)) -> + | F6: =IF(MIN(Class_0!F6,Class_1!F6,Class_2!F6), CHAR(43), CHAR(45)) -> + | G6: =IF(MIN(Class_0!G6,Class_1!G6,Class_2!G6), CHAR(43), CHAR(45)) -> + | H6: =IF(MIN(Class_0!H6,Class_1!H6,Class_2!H6), CHAR(43), CHAR(45)) -> + | I6: =IF(MIN(Class_0!I6,Class_1!I6,Class_2!I6), CHAR(43), CHAR(45)) -> + | ... M6: =IF(MIN(Class_0!M6,Class_1!M6,Class_2!M6), CHAR(43), CHAR(45)) -> +
A7: features.6.block.1.0 | B7: =IF(MIN(Class_0!B7,Class_1!B7,Class_2!B7), CHAR(43), CHAR(45)) -> + | C7: =IF(MIN(Class_0!C7,Class_1!C7,Class_2!C7), CHAR(43), CHAR(45)) -> + | D7: =IF(MIN(Class_0!D7,Class_1!D7,Class_2!D7), CHAR(43), CHAR(45)) -> + | E7: =IF(MIN(Class_0!E7,Class_1!E7,Class_2!E7), CHAR(43), CHAR(45)) -> + | F7: =IF(MIN(Class_0!F7,Class_1!F7,Class_2!F7), CHAR(43), CHAR(45)) -> + | G7: =IF(MIN(Class_0!G7,Class_1!G7,Class_2!G7), CHAR(43), CHAR(45)) -> + | H7: =IF(MIN(Class_0!H7,Class_1!H7,Class_2!H7), CHAR(43), CHAR(45)) -> + | I7: =IF(MIN(Class_0!I7,Class_1!I7,Class_2!I7), CHAR(43), CHAR(45)) -> + | ... M7: =IF(MIN(Class_0!M7,Class_1!M7,Class_2!M7), CHAR(43), CHAR(45)) -> +
A8: features.6.block.2.fc2 | B8: =IF(MIN(Class_0!B8,Class_1!B8,Class_2!B8), CHAR(43), CHAR(45)) -> + | C8: =IF(MIN(Class_0!C8,Class_1!C8,Class_2!C8), CHAR(43), CHAR(45)) -> + | D8: =IF(MIN(Class_0!D8,Class_1!D8,Class_2!D8), CHAR(43), CHAR(45)) -> + | E8: =IF(MIN(Class_0!E8,Class_1!E8,Class_2!E8), CHAR(43), CHAR(45)) -> + | F8: =IF(MIN(Class_0!F8,Class_1!F8,Class_2!F8), CHAR(43), CHAR(45)) -> + | G8: =IF(MIN(Class_0!G8,Class_1!G8,Class_2!G8), CHAR(43), CHAR(45)) -> + | H8: =IF(MIN(Class_0!H8,Class_1!H8,Class_2!H8), CHAR(43), CHAR(45)) -> + | I8: =IF(MIN(Class_0!I8,Class_1!I8,Class_2!I8), CHAR(43), CHAR(45)) -> + | ... M8: =IF(MIN(Class_0!M8,Class_1!M8,Class_2!M8), CHAR(43), CHAR(45)) -> +
A9: features.6.block.3.0 | B9: =IF(MIN(Class_0!B9,Class_1!B9,Class_2!B9), CHAR(43), CHAR(45)) -> + | C9: =IF(MIN(Class_0!C9,Class_1!C9,Class_2!C9), CHAR(43), CHAR(45)) -> + | D9: =IF(MIN(Class_0!D9,Class_1!D9,Class_2!D9), CHAR(43), CHAR(45)) -> + | E9: =IF(MIN(Class_0!E9,Class_1!E9,Class_2!E9), CHAR(43), CHAR(45)) -> + | F9: =IF(MIN(Class_0!F9,Class_1!F9,Class_2!F9), CHAR(43), CHAR(45)) -> + | G9: =IF(MIN(Class_0!G9,Class_1!G9,Class_2!G9), CHAR(43), CHAR(45)) -> + | H9: =IF(MIN(Class_0!H9,Class_1!H9,Class_2!H9), CHAR(43), CHAR(45)) -> + | I9: =IF(MIN(Class_0!I9,Class_1!I9,Class_2!I9), CHAR(43), CHAR(45)) -> + | ... M9: =IF(MIN(Class_0!M9,Class_1!M9,Class_2!M9), CHAR(43), CHAR(45)) -> +
A10: features.7.block.0.0 | B10: =IF(MIN(Class_0!B10,Class_1!B10,Class_2!B10), CHAR(43), CHAR(45)) -> + | C10: =IF(MIN(Class_0!C10,Class_1!C10,Class_2!C10), CHAR(43), CHAR(45)) -> + | D10: =IF(MIN(Class_0!D10,Class_1!D10,Class_2!D10), CHAR(43), CHAR(45)) -> + | E10: =IF(MIN(Class_0!E10,Class_1!E10,Class_2!E10), CHAR(43), CHAR(45)) -> + | F10: =IF(MIN(Class_0!F10,Class_1!F10,Class_2!F10), CHAR(43), CHAR(45)) -> + | G10: =IF(MIN(Class_0!G10,Class_1!G10,Class_2!G10), CHAR(43), CHAR(45)) -> + | H10: =IF(MIN(Class_0!H10,Class_1!H10,Class_2!H10), CHAR(43), CHAR(45)) -> + | I10: =IF(MIN(Class_0!I10,Class_1!I10,Class_2!I10), CHAR(43), CHAR(45)) -> + | ... M10: =IF(MIN(Class_0!M10,Class_1!M10,Class_2!M10), CHAR(43), CHAR(45)) -> +
A11: features.7.block.1.0 | B11: =IF(MIN(Class_0!B11,Class_1!B11,Class_2!B11), CHAR(43), CHAR(45)) -> + | C11: =IF(MIN(Class_0!C11,Class_1!C11,Class_2!C11), CHAR(43), CHAR(45)) -> + | D11: =IF(MIN(Class_0!D11,Class_1!D11,Class_2!D11), CHAR(43), CHAR(45)) -> + | E11: =IF(MIN(Class_0!E11,Class_1!E11,Class_2!E11), CHAR(43), CHAR(45)) -> + | F11: =IF(MIN(Class_0!F11,Class_1!F11,Class_2!F11), CHAR(43), CHAR(45)) -> + | G11: =IF(MIN(Class_0!G11,Class_1!G11,Class_2!G11), CHAR(43), CHAR(45)) -> + | H11: =IF(MIN(Class_0!H11,Class_1!H11,Class_2!H11), CHAR(43), CHAR(45)) -> + | I11: =IF(MIN(Class_0!I11,Class_1!I11,Class_2!I11), CHAR(43), CHAR(45)) -> + | ... M11: =IF(MIN(Class_0!M11,Class_1!M11,Class_2!M11), CHAR(43), CHAR(45)) -> +
A12: features.7.block.2.fc2 | B12: =IF(MIN(Class_0!B12,Class_1!B12,Class_2!B12), CHAR(43), CHAR(45)) -> + | C12: =IF(MIN(Class_0!C12,Class_1!C12,Class_2!C12), CHAR(43), CHAR(45)) -> + | D12: =IF(MIN(Class_0!D12,Class_1!D12,Class_2!D12), CHAR(43), CHAR(45)) -> + | E12: =IF(MIN(Class_0!E12,Class_1!E12,Class_2!E12), CHAR(43), CHAR(45)) -> + | F12: =IF(MIN(Class_0!F12,Class_1!F12,Class_2!F12), CHAR(43), CHAR(45)) -> + | G12: =IF(MIN(Class_0!G12,Class_1!G12,Class_2!G12), CHAR(43), CHAR(45)) -> + | H12: =IF(MIN(Class_0!H12,Class_1!H12,Class_2!H12), CHAR(43), CHAR(45)) -> + | I12: =IF(MIN(Class_0!I12,Class_1!I12,Class_2!I12), CHAR(43), CHAR(45)) -> + | ... M12: =IF(MIN(Class_0!M12,Class_1!M12,Class_2!M12), CHAR(43), CHAR(45)) -> +
A13: features.7.block.3.0 | B13: =IF(MIN(Class_0!B13,Class_1!B13,Class_2!B13), CHAR(43), CHAR(45)) -> + | C13: =IF(MIN(Class_0!C13,Class_1!C13,Class_2!C13), CHAR(43), CHAR(45)) -> + | D13: =IF(MIN(Class_0!D13,Class_1!D13,Class_2!D13), CHAR(43), CHAR(45)) -> + | E13: =IF(MIN(Class_0!E13,Class_1!E13,Class_2!E13), CHAR(43), CHAR(45)) -> + | F13: =IF(MIN(Class_0!F13,Class_1!F13,Class_2!F13), CHAR(43), CHAR(45)) -> + | G13: =IF(MIN(Class_0!G13,Class_1!G13,Class_2!G13), CHAR(43), CHAR(45)) -> + | H13: =IF(MIN(Class_0!H13,Class_1!H13,Class_2!H13), CHAR(43), CHAR(45)) -> + | I13: =IF(MIN(Class_0!I13,Class_1!I13,Class_2!I13), CHAR(43), CHAR(45)) -> + | ... M13: =IF(MIN(Class_0!M13,Class_1!M13,Class_2!M13), CHAR(43), CHAR(45)) -> +

Sheet Class_0
B1: features.5.block.0.0 | C1: features.5.block.1.0 | D1: features.5.block.2.fc2 | E1: features.5.block.3.0 | F1: features.6.block.0.0 | G1: features.6.block.1.0 | H1: features.6.block.2.fc2 | I1: features.6.block.3.0 | J1: features.7.block.0.0 | K1: features.7.block.1.0 | L1: features.7.block.2.fc2 | M1: features.7.block.3.0 | N1: sensitivityscore_After_features.7.block.3.0_0.5 | O1: sensitivityscore_After_features.7.block.3.0_0.6 | P1: sensitivityscore_After_features.7.block.3.0_0.7 | Q1: sensitivityscore_After_features.7.block.3.0_0.8
A2: features.5.block.0.0 | B2: 1 | C2: 0.46690129 | D2: 0.23016885 | E2: 0.046582168 | F2: -0.16309445 | G2: -0.38209225 | H2: -0.32737164 | I2: -0.06251879 | J2: 0.042717978 | K2: -0.16387661 | L2: 0.037203091 | M2: -0.16498302 | N2: 0.17027844 | O2: -0.030202424 | P2: 0.18182202 | Q2: -0.28249688
A3: features.5.block.1.0 | B3: 0.46690129 | C3: 1 | D3: 0.048018963 | E3: 0.39957546 | F3: -0.12249133 | G3: -0.026646471 | H3: -0.0051658206 | I3: 0.056897285 | J3: 0.26218346 | K3: 0.30440642 | L3: 0.22418688 | M3: 0.10545433 | N3: -0.20996403 | O3: -0.20566542 | P3: 0.20152381 | Q3: -0.36596532
A4: features.5.block.2.fc2 | B4: 0.23016885 | C4: 0.048018963 | D4: 1 | E4: -0.081466775 | F4: -0.50097666 | G4: -0.48719562 | H4: -0.21152422 | I4: -0.22089497 | J4: -0.29242434 | K4: -0.46338273 | L4: -0.086020924 | M4: -0.38471729 | N4: 0.29761295 | O4: -0.24106382 | P4: -0.21869721 | Q4: 0.055683343
A5: features.5.block.3.0 | B5: 0.046582168 | C5: 0.39957546 | D5: -0.081466775 | E5: 1 | F5: 0.15538656 | G5: 0.3314716 | H5: 0.3062618 | I5: 0.18922733 | J5: 0.43110664 | K5: 0.32118243 | L5: 0.19682836 | M5: 0.28963649 | N5: -0.19140619 | O5: -0.16644595 | P5: 0.14841111 | Q5: -0.099056286
A6: features.6.block.0.0 | B6: -0.16309445 | C6: -0.12249133 | D6: -0.50097666 | E6: 0.15538656 | F6: 1 | G6: 0.54558661 | H6: 0.38066322 | I6: 0.31930103 | J6: 0.15587253 | K6: 0.23894218 | L6: 0.30137811 | M6: 0.10267209 | N6: -0.42204692 | O6: 0.088262051 | P6: 0.13595828 | Q6: -0.17258375
A7: features.6.block.1.0 | B7: -0.38209225 | C7: -0.026646471 | D7: -0.48719562 | E7: 0.3314716 | F7: 0.54558661 | G7: 1 | H7: 0.54679498 | I7: 0.32481071 | J7: 0.28617303 | K7: 0.49212298 | L7: 0.15898772 | M7: 0.26547176 | N7: -0.42663896 | O7: -0.12246693 | P7: 0.15200163 | Q7: 0.0097952208
A8: features.6.block.2.fc2 | B8: -0.32737164 | C8: -0.0051658206 | D8: -0.21152422 | E8: 0.3062618 | F8: 0.38066322 | G8: 0.54679498 | H8: 1 | I8: 0.15876535 | J8: 0.11678291 | K8: 0.21121744 | L8: -0.097637478 | M8: 0.10176154 | N8: -0.50498074 | O8: -0.079389399 | P8: 0.22042425 | Q8: 0.088143629
A9: features.6.block.3.0 | B9: -0.06251879 | C9: 0.056897285 | D9: -0.22089497 | E9: 0.18922733 | F9: 0.31930103 | G9: 0.32481071 | H9: 0.15876535 | I9: 1 | J9: 0.6292493 | K9: 0.55410916 | L9: 0.43431167 | M9: 0.52829045 | N9: -0.065078767 | O9: 0.22809774 | P9: 0.019365918 | Q9: -0.22308512
A10: features.7.block.0.0 | B10: 0.042717978 | C10: 0.26218346 | D10: -0.29242434 | E10: 0.43110664 | F10: 0.15587253 | G10: 0.28617303 | H10: 0.11678291 | I10: 0.6292493 | J10: 1 | K10: 0.78683245 | L10: 0.29241972 | M10: 0.73915364 | N10: -0.25614696 | O10: -0.016486732 | P10: 0.10395693 | Q10: 0.055168377
A11: features.7.block.1.0 | B11: -0.16387661 | C11: 0.30440642 | D11: -0.46338273 | E11: 0.32118243 | F11: 0.23894218 | G11: 0.49212298 | H11: 0.21121744 | I11: 0.55410916 | J11: 0.78683245 | K11: 1 | L11: 0.43323768 | M11: 0.75227359 | N11: -0.31652622 | O11: 0.023436163 | P11: 0.043870991 | Q11: -0.042809142
A12: features.7.block.2.fc2 | B12: 0.037203091 | C12: 0.22418688 | D12: -0.086020924 | E12: 0.19682836 | F12: 0.30137811 | G12: 0.15898772 | H12: -0.097637478 | I12: 0.43431167 | J12: 0.29241972 | K12: 0.43323768 | L12: 1 | M12: 0.19594866 | N12: 0.017998173 | O12: 0.046741033 | P12: 0.046616482 | Q12: -0.25176839
A13: features.7.block.3.0 | B13: -0.16498302 | C13: 0.10545433 | D13: -0.38471729 | E13: 0.28963649 | F13: 0.10267209 | G13: 0.26547176 | H13: 0.10176154 | I13: 0.52829045 | J13: 0.73915364 | K13: 0.75227359 | L13: 0.19594866 | M13: 1 | N13: -0.19629962 | O13: -0.021423855 | P13: -0.030097652 | Q13: 0.082752677
... A17: sensitivityscore_After_features.7.block.3.0_0.8 | B17: -0.28249688 | C17: -0.36596532 | D17: 0.055683343 | E17: -0.099056286 | F17: -0.17258375 | G17: 0.0097952208 | H17: 0.088143629 | I17: -0.22308512 | J17: 0.055168377 | K17: -0.042809142 | L17: -0.25176839 | M17: 0.082752677 | N17: 0.082353034 | O17: 0.0016134478 | P17: 0.090096155 | Q17: 1

Sheet Class_1
B1: features.5.block.0.0 | C1: features.5.block.1.0 | D1: features.5.block.2.fc2 | E1: features.5.block.3.0 | F1: features.6.block.0.0 | G1: features.6.block.1.0 | H1: features.6.block.2.fc2 | I1: features.6.block.3.0 | J1: features.7.block.0.0 | K1: features.7.block.1.0 | L1: features.7.block.2.fc2 | M1: features.7.block.3.0 | N1: sensitivityscore_After_features.7.block.3.0_0.5 | O1: sensitivityscore_After_features.7.block.3.0_0.6 | P1: sensitivityscore_After_features.7.block.3.0_0.7 | Q1: sensitivityscore_After_features.7.block.3.0_0.8
A2: features.5.block.0.0 | B2: 1 | C2: 0.32462594 | D2: 0.41522434 | E2: 0.13785075 | F2: -0.09226095 | G2: -0.24297893 | H2: 0.13668417 | I2: -0.14575412 | J2: -0.13452908 | K2: -0.21816184 | L2: 0.23001602 | M2: -0.088510045 | N2: -0.20164834 | O2: -0.18915795 | P2: -0.44700749 | Q2: -0.20768884
A3: features.5.block.1.0 | B3: 0.32462594 | C3: 1 | D3: 0.19665891 | E3: 0.46073156 | F3: 0.25163615 | G3: 0.30871794 | H3: 0.3165767 | I3: 0.10297078 | J3: 0.036618741 | K3: 0.12146455 | L3: -0.001423072 | M3: 0.082895681 | N3: 0.21119601 | O3: -0.018396297 | P3: -0.17061632 | Q3: -0.13975393
A4: features.5.block.2.fc2 | B4: 0.41522434 | C4: 0.19665891 | D4: 1 | E4: -0.039374048 | F4: -0.1973219 | G4: -0.37108909 | H4: 0.14990339 | I4: -0.27763991 | J4: -0.20762153 | K4: -0.19141076 | L4: 0.41641436 | M4: -0.20604125 | N4: -0.24303427 | O4: 0.010062712 | P4: -0.33164256 | Q4: -0.11349083
A5: features.5.block.3.0 | B5: 0.13785075 | C5: 0.46073156 | D5: -0.039374048 | E5: 1 | F5: 0.38585556 | G5: 0.54332409 | H5: 0.41291928 | I5: 0.44571175 | J5: 0.41143083 | K5: 0.47667172 | L5: -0.3302166 | M5: 0.46599102 | N5: 0.17141703 | O5: 0.11024653 | P5: -0.056148409 | Q5: 0.13600688
A6: features.6.block.0.0 | B6: -0.09226095 | C6: 0.25163615 | D6: -0.1973219 | E6: 0.38585556 | F6: 1 | G6: 0.64326613 | H6: 0.20399018 | I6: 0.54339885 | J6: 0.39197614 | K6: 0.38768428 | L6: -0.37839601 | M6: 0.33248325 | N6: 0.094213107 | O6: 0.15401963 | P6: 0.18510166 | Q6: 0.25485728
A7: features.6.block.1.0 | B7: -0.24297893 | C7: 0.30871794 | D7: -0.37108909 | E7: 0.54332409 | F7: 0.64326613 | G7: 1 | H7: 0.36783135 | I7: 0.394147 | J7: 0.33759792 | K7: 0.3655127 | L7: -0.42138453 | M7: 0.38845697 | N7: 0.37779411 | O7: 0.14179883 | P7: 0.19454086 | Q7: 0.33202467
A8: features.6.block.2.fc2 | B8: 0.13668417 | C8: 0.3165767 | D8: 0.14990339 | E8: 0.41291928 | F8: 0.20399018 | G8: 0.36783135 | H8: 1 | I8: 0.12203007 | J8: -0.0069979726 | K8: 0.072852488 | L8: -0.1913174 | M8: 0.2506049 | N8: 0.25716933 | O8: 0.22058997 | P8: 0.1748897 | Q8: -0.11028915
A9: features.6.block.3.0 | B9: -0.14575412 | C9: 0.10297078 | D9: -0.27763991 | E9: 0.44571175 | F9: 0.54339885 | G9: 0.394147 | H9: 0.12203007 | I9: 1 | J9: 0.74727457 | K9: 0.68189195 | L9: -0.45017691 | M9: 0.69107995 | N9: 0.041078615 | O9: 0.078492937 | P9: 0.071030881 | Q9: 0.11445131
A10: features.7.block.0.0 | B10: -0.13452908 | C10: 0.036618741 | D10: -0.20762153 | E10: 0.41143083 | F10: 0.39197614 | G10: 0.33759792 | H10: -0.0069979726 | I10: 0.74727457 | J10: 1 | K10: 0.65400735 | L10: -0.3023731 | M10: 0.71713333 | N10: -0.089520792 | O10: 0.030079352 | P10: -0.0005346192 | Q10: 0.18783152
A11: features.7.block.1.0 | B11: -0.21816184 | C11: 0.12146455 | D11: -0.19141076 | E11: 0.47667172 | F11: 0.38768428 | G11: 0.3655127 | H11: 0.072852488 | I11: 0.68189195 | J11: 0.65400735 | K11: 1 | L11: -0.42644248 | M11: 0.79579398 | N11: 0.076659124 | O11: 0.1788452 | P11: 0.11084132 | Q11: 0.0028585287
A12: features.7.block.2.fc2 | B12: 0.23001602 | C12: -0.001423072 | D12: 0.41641436 | E12: -0.3302166 | F12: -0.37839601 | G12: -0.42138453 | H12: -0.1913174 | I12: -0.45017691 | J12: -0.3023731 | K12: -0.42644248 | L12: 1 | M12: -0.30245227 | N12: -0.18382906 | O12: -0.093392955 | P12: -0.17761312 | Q12: -0.15738712
A13: features.7.block.3.0 | B13: -0.088510045 | C13: 0.082895681 | D13: -0.20604125 | E13: 0.46599102 | F13: 0.33248325 | G13: 0.38845697 | H13: 0.2506049 | I13: 0.69107995 | J13: 0.71713333 | K13: 0.79579398 | L13: -0.30245227 | M13: 1 | N13: 0.1012438 | O13: 0.058745392 | P13: 0.045451701 | Q13: 0.066722587
... A17: sensitivityscore_After_features.7.block.3.0_0.8 | B17: -0.20768884 | C17: -0.13975393 | D17: -0.11349083 | E17: 0.13600688 | F17: 0.25485728 | G17: 0.33202467 | H17: -0.11028915 | I17: 0.11445131 | J17: 0.18783152 | K17: 0.0028585287 | L17: -0.15738712 | M17: 0.066722587 | N17: 0.04470348 | O17: -0.091570723 | P17: -0.11174534 | Q17: 1

Sheet Class_2
B1: features.5.block.0.0 | C1: features.5.block.1.0 | D1: features.5.block.2.fc2 | E1: features.5.block.3.0 | F1: features.6.block.0.0 | G1: features.6.block.1.0 | H1: features.6.block.2.fc2 | I1: features.6.block.3.0 | J1: features.7.block.0.0 | K1: features.7.block.1.0 | L1: features.7.block.2.fc2 | M1: features.7.block.3.0 | N1: sensitivityscore_After_features.7.block.3.0_0.5 | O1: sensitivityscore_After_features.7.block.3.0_0.6 | P1: sensitivityscore_After_features.7.block.3.0_0.7 | Q1: sensitivityscore_After_features.7.block.3.0_0.8
A2: features.5.block.0.0 | B2: 1 | C2: 0.36340108 | D2: 0.042093363 | E2: 0.13457242 | F2: -0.0877468 | G2: -0.32201944 | H2: -0.11307507 | I2: -0.24066926 | J2: 0.032349958 | K2: -0.023959362 | L2: 0.052013784 | M2: 0.037573668 | N2: -0.26140577 | O2: -0.12858617 | P2: -0.20305662 | Q2: -0.28043274
A3: features.5.block.1.0 | B3: 0.36340108 | C3: 1 | D3: 0.15144868 | E3: 0.33668076 | F3: 0.23485906 | G3: 0.21857085 | H3: 0.22116301 | I3: 0.07771434 | J3: 0.14916213 | K3: 0.3481179 | L3: 0.27044095 | M3: 0.19810179 | N3: -0.13957913 | O3: -0.10677921 | P3: -0.15771105 | Q3: -0.16122201
A4: features.5.block.2.fc2 | B4: 0.042093363 | C4: 0.15144868 | D4: 1 | E4: -0.091098347 | F4: -0.10978874 | G4: -0.11234254 | H4: -0.012453085 | I4: 0.077350038 | J4: -0.19475683 | K4: -0.28377451 | L4: 0.30915804 | M4: -0.31479224 | N4: 0.14918561 | O4: 0.32277613 | P4: -0.167638 | Q4: 0.031545014
A5: features.5.block.3.0 | B5: 0.13457242 | C5: 0.33668076 | D5: -0.091098347 | E5: 1 | F5: 0.40535941 | G5: 0.42591875 | H5: 0.42362374 | I5: 0.14098627 | J5: 0.37648183 | K5: 0.51435359 | L5: -0.078790452 | M5: 0.45749613 | N5: -0.066923883 | O5: -0.20780233 | P5: -0.078842818 | Q5: -0.12382156
A6: features.6.block.0.0 | B6: -0.0877468 | C6: 0.23485906 | D6: -0.10978874 | E6: 0.40535941 | F6: 1 | G6: 0.6714933 | H6: 0.47437185 | I6: 0.36362203 | J6: 0.28431077 | K6: 0.48481162 | L6: -0.0074488526 | M6: 0.46699596 | N6: 0.16498635 | O6: 0.06469245 | P6: -0.10544222 | Q6: -0.10015731
A7: features.6.block.1.0 | B7: -0.32201944 | C7: 0.21857085 | D7: -0.11234254 | E7: 0.42591875 | F7: 0.6714933 | G7: 1 | H7: 0.49330293 | I7: 0.49773826 | J7: 0.41032563 | K7: 0.56507116 | L7: 0.058862672 | M7: 0.55882686 | N7: 0.0020474958 | O7: -0.010052072 | P7: -0.20619583 | Q7: -0.061556514
A8: features.6.block.2.fc2 | B8: -0.11307507 | C8: 0.22116301 | D8: -0.012453085 | E8: 0.42362374 | F8: 0.47437185 | G8: 0.49330293 | H8: 1 | I8: 0.1951914 | J8: 0.41722786 | K8: 0.3047505 | L8: -0.086740081 | M8: 0.35572426 | N8: -0.24754241 | O8: 0.032925778 | P8: -0.2064555 | Q8: -0.32213975
A9: features.6.block.3.0 | B9: -0.24066926 | C9: 0.07771434 | D9: 0.077350038 | E9: 0.14098627 | F9: 0.36362203 | G9: 0.49773826 | H9: 0.1951914 | I9: 1 | J9: 0.33541098 | K9: 0.32383215 | L9: 0.1844623 | M9: 0.38472948 | N9: 0.19210349 | O9: 0.10629478 | P9: 0.092731192 | Q9: 0.16504172
A10: features.7.block.0.0 | B10: 0.032349958 | C10: 0.14916213 | D10: -0.19475683 | E10: 0.37648183 | F10: 0.28431077 | G10: 0.41032563 | H10: 0.41722786 | I10: 0.33541098 | J10: 1 | K10: 0.59721745 | L10: 0.0043480324 | M10: 0.54162636 | N10: -0.11780923 | O10: -0.052635738 | P10: -0.21926078 | Q10: -0.064586797
A11: features.7.block.1.0 | B11: -0.023959362 | C11: 0.3481179 | D11: -0.28377451 | E11: 0.51435359 | F11: 0.48481162 | G11: 0.56507116 | H11: 0.3047505 | I11: 0.32383215 | J11: 0.59721745 | K11: 1 | L11: 0.10483401 | M11: 0.63599712 | N11: -0.091783788 | O11: 0.11521978 | P11: -0.0196682 | Q11: -0.080414525
A12: features.7.block.2.fc2 | B12: 0.052013784 | C12: 0.27044095 | D12: 0.30915804 | E12: -0.078790452 | F12: -0.0074488526 | G12: 0.058862672 | H12: -0.086740081 | I12: 0.1844623 | J12: 0.0043480324 | K12: 0.10483401 | L12: 1 | M12: 0.05245459 | N12: -0.062268699 | O12: 0.0050366925 | P12: -0.17022232 | Q12: 0.023265414
A13: features.7.block.3.0 | B13: 0.037573668 | C13: 0.19810179 | D13: -0.31479224 | E13: 0.45749613 | F13: 0.46699596 | G13: 0.55882686 | H13: 0.35572426 | I13: 0.38472948 | J13: 0.54162636 | K13: 0.63599712 | L13: 0.05245459 | M13: 1 | N13: -0.17590132 | O13: -0.04143008 | P13: -0.17497766 | Q13: 0.081835558
... A17: sensitivityscore_After_features.7.block.3.0_0.8 | B17: -0.28043274 | C17: -0.16122201 | D17: 0.031545014 | E17: -0.12382156 | F17: -0.10015731 | G17: -0.061556514 | H17: -0.32213975 | I17: 0.16504172 | J17: -0.064586797 | K17: -0.080414525 | L17: 0.023265414 | M17: 0.081835558 | N17: 0.11903369 | O17: -0.022961122 | P17: 0.056766682 | Q17: 1
