Workbook

Sheet Sheet1
A1: Class | B1: =Class_0!B1 -> layer1.0.conv1 | C1: =Class_0!C1 -> layer1.0.conv2 | D1: =Class_0!D1 -> layer1.0.conv3 | E1: =Class_0!E1 -> layer4.0.conv1 | F1: =Class_0!F1 -> layer4.0.conv2 | G1: =Class_0!G1 -> layer4.0.conv3 | H1: =Class_0!H1 -> layer4.1.conv1 | I1: =Class_0!I1 -> layer4.1.conv2 | ... Y1: =Class_0!Y1 -> 0
A2: 0 | B2: =Class_0!B17 -> -0.22750074 | C2: =Class_0!C17 -> -0.23895066 | D2: =Class_0!D17 -> 0.055537539 | E2: =Class_0!E17 -> 0.14654076 | F2: =Class_0!F17 -> 0.017295086 | G2: =Class_0!G17 -> -0.036053116 | H2: =Class_0!H17 -> 0.17224591 | I2: =Class_0!I17 -> 0.46418978 | ... Q2: =Class_0!Q17 -> 1
A3: 1 | B3: =Class_1!B17 -> 0.12725835 | C3: =Class_1!C17 -> 0.04127612 | D3: =Class_1!D17 -> 0.13606784 | E3: =Class_1!E17 -> 0.0796708 | F3: =Class_1!F17 -> 0.26555097 | G3: =Class_1!G17 -> 0.27191321 | H3: =Class_1!H17 -> 0.31939562 | I3: =Class_1!I17 -> 0.2705855 | ... Q3: =Class_1!Q17 -> 1
A4: 2 | B4: =Class_2!B17 -> -0.0896347 | C4: =Class_2!C17 -> -0.011782557 | D4: =Class_2!D17 -> 0.31436192 | E4: =Class_2!E17 -> -0.045580202 | F4: =Class_2!F17 -> 0.076487703 | G4: =Class_2!G17 -> 0.040943807 | H4: =Class_2!H17 -> 0.0011811346 | I4: =Class_2!I17 -> -0.065165564 | ... Q4: =Class_2!Q17 -> 1
A6: Overall corelation | B6: =MIN(B2:B4) -> -0.22750074 | C6: =MIN(C2:C4) -> -0.23895066 | D6: =MIN(D2:D4) -> 0.055537539 | E6: =MIN(E2:E4) -> -0.045580202 | F6: =MIN(F2:F4) -> 0.017295086 | G6: =MIN(G2:G4) -> -0.036053116 | H6: =MIN(H2:H4) -> 0.0011811346 | I6: =MIN(I2:I4) -> -0.065165564 | ... Q6: =MIN(Q2:Q4) -> 1
B7: =IF(AND(B2>0,B3>0,B4>0),TRUE,FALSE) -> FALSE | C7: =IF(AND(C2>0,C3>0,C4>0),TRUE,FALSE) -> FALSE | D7: =IF(AND(D2>0,D3>0,D4>0),TRUE,FALSE) -> TRUE | E7: =IF(AND(E2>0,E3>0,E4>0),TRUE,FALSE) -> FALSE | F7: =IF(AND(F2>0,F3>0,F4>0),TRUE,FALSE) -> TRUE | G7: =IF(AND(G2>0,G3>0,G4>0),TRUE,FALSE) -> FALSE | H7: =IF(AND(H2>0,H3>0,H4>0),TRUE,FALSE) -> TRUE | I7: =IF(AND(I2>0,I3>0,I4>0),TRUE,FALSE) -> FALSE | ... Q7: =IF(AND(Q2>0,Q3>0,Q4>0),TRUE,FALSE) -> TRUE
A8: Max Corelation layer | B8: =MAX(B4:BI6) -> 1 | D8: =MAX(D4:BK6) -> 1 | F8: =MAX(F4:BM6) -> 1 | H8: =MAX(H4:BO6) -> 1 | J8: =MAX(J4:BQ6) -> 1 | L8: =MAX(L4:BS6) -> 1 | N8: =MAX(N4:BU6) -> 1 | P8: =MAX(P4:BW6) -> 1
A9: Affects 2 classes | B9: =IF(OR(AND(B2>0,B3>0), AND(B2>0,B4>0), AND(B3>0,B4>0)), TRUE, FALSE) -> FALSE | C9: =IF(OR(AND(C2>0,C3>0), AND(C2>0,C4>0), AND(C3>0,C4>0)), TRUE, FALSE) -> FALSE | D9: =IF(OR(AND(D2>0,D3>0), AND(D2>0,D4>0), AND(D3>0,D4>0)), TRUE, FALSE) -> TRUE | E9: =IF(OR(AND(E2>0,E3>0), AND(E2>0,E4>0), AND(E3>0,E4>0)), TRUE, FALSE) -> TRUE | F9: =IF(OR(AND(F2>0,F3>0), AND(F2>0,F4>0), AND(F3>0,F4>0)), TRUE, FALSE) -> TRUE | G9: =IF(OR(AND(G2>0,G3>0), AND(G2>0,G4>0), AND(G3>0,G4>0)), TRUE, FALSE) -> TRUE | H9: =IF(OR(AND(H2>0,H3>0), AND(H2>0,H4>0), AND(H3>0,H4>0)), TRUE, FALSE) -> TRUE | I9: =IF(OR(AND(I2>0,I3>0), AND(I2>0,I4>0), AND(I3>0,I4>0)), TRUE, FALSE) -> TRUE | ... Q9: =IF(OR(AND(Q2>0,Q3>0), AND(Q2>0,Q4>0), AND(Q3>0,Q4>0)), TRUE, FALSE) -> TRUE

Sheet Class_0
A1: c | B1: layer1.0.conv1 | C1: layer1.0.conv2 | D1: layer1.0.conv3 | E1: layer4.0.conv1 | F1: layer4.0.conv2 | G1: layer4.0.conv3 | H1: layer4.1.conv1 | I1: layer4.1.conv2 | J1: layer4.1.conv3 | K1: layer4.2.conv1 | L1: layer4.2.conv2 | M1: layer4.2.conv3 | N1: sensitivityscore_After_layer4.2.conv3_0.5 | O1: sensitivityscore_After_layer4.2.conv3_0.6 | P1: sensitivityscore_After_layer4.2.conv3_0.7 | Q1: sensitivityscore_After_layer4.2.conv3_0.8
A2: layer1.0.conv1 | B2: 1 | C2: 0.62898212 | D2: 0.54845062 | E2: 0.07372455 | F2: 0.10451523 | G2: -0.15522696 | H2: -0.0045452139 | I2: -0.09461514 | J2: 0.25309001 | K2: 0.11489924 | L2: 0.31629148 | M2: 0.053550909 | N2: -0.12324367 | O2: -0.16439401 | P2: -0.1381382 | Q2: -0.22750074
A3: layer1.0.conv2 | B3: 0.62898212 | C3: 1 | D3: 0.49871103 | E3: 0.10847131 | F3: 0.10827551 | G3: 0.012166964 | H3: 0.14216334 | I3: -0.05432173 | J3: 0.16740787 | K3: 0.13743204 | L3: 0.25384478 | M3: 0.22510781 | N3: -0.13204414 | O3: 0.0044493821 | P3: -0.048058477 | Q3: -0.23895066
A4: layer1.0.conv3 | B4: 0.54845062 | C4: 0.49871103 | D4: 1 | E4: 0.12354421 | F4: 0.21682032 | G4: -0.037155449 | H4: 0.26722203 | I4: 0.11478254 | J4: 0.11871324 | K4: 0.069242844 | L4: 0.49329201 | M4: 0.081647541 | N4: 0.18114367 | O4: 0.15132672 | P4: 0.37341755 | Q4: 0.055537539
A5: layer4.0.conv1 | B5: 0.07372455 | C5: 0.10847131 | D5: 0.12354421 | E5: 1 | F5: 0.66747845 | G5: 0.26651814 | H5: 0.52017837 | I5: 0.41469314 | J5: 0.31419452 | K5: 0.17584665 | L5: 0.21091284 | M5: 0.37990212 | N5: 0.13076136 | O5: 0.099759142 | P5: 0.2533457 | Q5: 0.14654076
A6: layer4.0.conv2 | B6: 0.10451523 | C6: 0.10827551 | D6: 0.21682032 | E6: 0.66747845 | F6: 1 | G6: 0.45901881 | H6: 0.52768842 | I6: 0.40891927 | J6: 0.28962374 | K6: 0.28506512 | L6: 0.27969843 | M6: 0.34569635 | N6: 0.050960079 | O6: 0.018687837 | P6: 0.1496331 | Q6: 0.017295086
A7: layer4.0.conv3 | B7: -0.15522696 | C7: 0.012166964 | D7: -0.037155449 | E7: 0.26651814 | F7: 0.45901881 | G7: 1 | H7: 0.49748559 | I7: 0.34372246 | J7: 0.21853711 | K7: 0.26742798 | L7: -0.0024676689 | M7: -0.076808517 | N7: -0.098159742 | O7: -0.15488357 | P7: 0.05863857 | Q7: -0.036053116
A8: layer4.1.conv1 | B8: -0.0045452139 | C8: 0.14216334 | D8: 0.26722203 | E8: 0.52017837 | F8: 0.52768842 | G8: 0.49748559 | H8: 1 | I8: 0.54447098 | J8: 0.38076979 | K8: 0.31651579 | L8: 0.42154275 | M8: 0.19315877 | N8: 0.13104536 | O8: 0.054200291 | P8: 0.33635389 | Q8: 0.17224591
A9: layer4.1.conv2 | B9: -0.09461514 | C9: -0.05432173 | D9: 0.11478254 | E9: 0.41469314 | F9: 0.40891927 | G9: 0.34372246 | H9: 0.54447098 | I9: 1 | J9: 0.053459836 | K9: 0.54930176 | L9: 0.45313703 | M9: 0.10243176 | N9: 0.35931486 | O9: 0.26863067 | P9: 0.4653887 | Q9: 0.46418978
A10: layer4.1.conv3 | B10: 0.25309001 | C10: 0.16740787 | D10: 0.11871324 | E10: 0.31419452 | F10: 0.28962374 | G10: 0.21853711 | H10: 0.38076979 | I10: 0.053459836 | J10: 1 | K10: -0.029268276 | L10: 0.16301893 | M10: 0.2913193 | N10: -0.28148706 | O10: -0.27808709 | P10: -0.17061225 | Q10: -0.21481387
A11: layer4.2.conv1 | B11: 0.11489924 | C11: 0.13743204 | D11: 0.069242844 | E11: 0.17584665 | F11: 0.28506512 | G11: 0.26742798 | H11: 0.31651579 | I11: 0.54930176 | J11: -0.029268276 | K11: 1 | L11: 0.60182498 | M11: 0.071652329 | N11: 0.31807727 | O11: 0.14407385 | P11: 0.30620698 | Q11: 0.29346826
A12: layer4.2.conv2 | B12: 0.31629148 | C12: 0.25384478 | D12: 0.49329201 | E12: 0.21091284 | F12: 0.27969843 | G12: -0.0024676689 | H12: 0.42154275 | I12: 0.45313703 | J12: 0.16301893 | K12: 0.60182498 | L12: 1 | M12: 0.1342115 | N12: 0.30894609 | O12: 0.17184209 | P12: 0.39314627 | Q12: 0.15294744
A13: layer4.2.conv3 | B13: 0.053550909 | C13: 0.22510781 | D13: 0.081647541 | E13: 0.37990212 | F13: 0.34569635 | G13: -0.076808517 | H13: 0.19315877 | I13: 0.10243176 | J13: 0.2913193 | K13: 0.071652329 | L13: 0.1342115 | M13: 1 | N13: -0.17004165 | O13: -0.092810389 | P13: 0.027651401 | Q13: -0.15365415
... A17: sensitivityscore_After_layer4.2.conv3_0.8 | B17: -0.22750074 | C17: -0.23895066 | D17: 0.055537539 | E17: 0.14654076 | F17: 0.017295086 | G17: -0.036053116 | H17: 0.17224591 | I17: 0.46418978 | J17: -0.21481387 | K17: 0.29346826 | L17: 0.15294744 | M17: -0.15365415 | N17: 0.65640773 | O17: 0.65228192 | P17: 0.76815873 | Q17: 1

Sheet Sheet2
B1: =Class_0!B1 -> layer1.0.conv1 | C1: =Class_0!C1 -> layer1.0.conv2 | D1: =Class_0!D1 -> layer1.0.conv3 | E1: =Class_0!E1 -> layer4.0.conv1 | F1: =Class_0!F1 -> layer4.0.conv2 | G1: =Class_0!G1 -> layer4.0.conv3 | H1: =Class_0!H1 -> layer4.1.conv1 | I1: =Class_0!I1 -> layer4.1.conv2 | ... M1: =Class_0!M1 -> layer4.2.conv3
A2: =Class_0!A2 -> layer1.0.conv1 | B2: =IF(MIN(Class_0!B2,Class_1!B2,Class_2!B2)>0,CHAR(43),CHAR(45)) -> + | C2: =IF(MIN(Class_0!C2,Class_1!C2,Class_2!C2)>0,CHAR(43),CHAR(45)) -> + | D2: =IF(MIN(Class_0!D2,Class_1!D2,Class_2!D2)>0,CHAR(43),CHAR(45)) -> + | E2: =IF(MIN(Class_0!E2,Class_1!E2,Class_2!E2)>0,CHAR(43),CHAR(45)) -> + | F2: =IF(MIN(Class_0!F2,Class_1!F2,Class_2!F2)>0,CHAR(43),CHAR(45)) -> + | G2: =IF(MIN(Class_0!G2,Class_1!G2,Class_2!G2)>0,CHAR(43),CHAR(45)) -> - | H2: =IF(MIN(Class_0!H2,Class_1!H2,Class_2!H2)>0,CHAR(43),CHAR(45)) -> - | I2: =IF(MIN(Class_0!I2,Class_1!I2,Class_2!I2)>0,CHAR(43),CHAR(45)) -> - | ... M2: =IF(MIN(Class_0!M2,Class_1!M2,Class_2!M2)>0,CHAR(43),CHAR(45)) -> -
A3: =Class_0!A3 -> layer1.0.conv2 | B3: =IF(MIN(Class_0!B3,Class_1!B3,Class_2!B3)>0,CHAR(43),CHAR(45)) -> + | C3: =IF(MIN(Class_0!C3,Class_1!C3,Class_2!C3)>0,CHAR(43),CHAR(45)) -> + | D3: =IF(MIN(Class_0!D3,Class_1!D3,Class_2!D3)>0,CHAR(43),CHAR(45)) -> + | E3: =IF(MIN(Class_0!E3,Class_1!E3,Class_2!E3)>0,CHAR(43),CHAR(45)) -> - | F3: =IF(MIN(Class_0!F3,Class_1!F3,Class_2!F3)>0,CHAR(43),CHAR(45)) -> - | G3: =IF(MIN(Class_0!G3,Class_1!G3,Class_2!G3)>0,CHAR(43),CHAR(45)) -> - | H3: =IF(MIN(Class_0!H3,Class_1!H3,Class_2!H3)>0,CHAR(43),CHAR(45)) -> + | I3: =IF(MIN(Class_0!I3,Class_1!I3,Class_2!I3)>0,CHAR(43),CHAR(45)) -> - | ... M3: =IF(MIN(Class_0!M3,Class_1!M3,Class_2!M3)>0,CHAR(43),CHAR(45)) -> -
A4: =Class_0!A4 -> layer1.0.conv3 | B4: =IF(MIN(Class_0!B4,Class_1!B4,Class_2!B4)>0,CHAR(43),CHAR(45)) -> + | C4: =IF(MIN(Class_0!C4,Class_1!C4,Class_2!C4)>0,CHAR(43),CHAR(45)) -> + | D4: =IF(MIN(Class_0!D4,Class_1!D4,Class_2!D4)>0,CHAR(43),CHAR(45)) -> + | E4: =IF(MIN(Class_0!E4,Class_1!E4,Class_2!E4)>0,CHAR(43),CHAR(45)) -> - | F4: =IF(MIN(Class_0!F4,Class_1!F4,Class_2!F4)>0,CHAR(43),CHAR(45)) -> - | G4: =IF(MIN(Class_0!G4,Class_1!G4,Class_2!G4)>0,CHAR(43),CHAR(45)) -> - | H4: =IF(MIN(Class_0!H4,Class_1!H4,Class_2!H4)>0,CHAR(43),CHAR(45)) -> - | I4: =IF(MIN(Class_0!I4,Class_1!I4,Class_2!I4)>0,CHAR(43),CHAR(45)) -> - | ... M4: =IF(MIN(Class_0!M4,Class_1!M4,Class_2!M4)>0,CHAR(43),CHAR(45)) -> -
A5: =Class_0!A5 -> layer4.0.conv1 | B5: =IF(MIN(Class_0!B5,Class_1!B5,Class_2!B5)>0,CHAR(43),CHAR(45)) -> + | C5: =IF(MIN(Class_0!C5,Class_1!C5,Class_2!C5)>0,CHAR(43),CHAR(45)) -> - | D5: =IF(MIN(Class_0!D5,Class_1!D5,Class_2!D5)>0,CHAR(43),CHAR(45)) -> - | E5: =IF(MIN(Class_0!E5,Class_1!E5,Class_2!E5)>0,CHAR(43),CHAR(45)) -> + | F5: =IF(MIN(Class_0!F5,Class_1!F5,Class_2!F5)>0,CHAR(43),CHAR(45)) -> + | G5: =IF(MIN(Class_0!G5,Class_1!G5,Class_2!G5)>0,CHAR(43),CHAR(45)) -> + | H5: =IF(MIN(Class_0!H5,Class_1!H5,Class_2!H5)>0,CHAR(43),CHAR(45)) -> + | I5: =IF(MIN(Class_0!I5,Class_1!I5,Class_2!I5)>0,CHAR(43),CHAR(45)) -> + | ... M5: =IF(MIN(Class_0!M5,Class_1!M5,Class_2!M5)>0,CHAR(43),CHAR(45)) -> +
A6: =Class_0!A6 -> layer4.0.conv2 | B6: =IF(MIN(Class_0!B6,Class_1!B6,Class_2!B6)>0,CHAR(43),CHAR(45)) -> + | C6: =IF(MIN(Class_0!C6,Class_1!C6,Class_2!C6)>0,CHAR(43),CHAR(45)) -> - | D6: =IF(MIN(Class_0!D6,Class_1!D6,Class_2!D6)>0,CHAR(43),CHAR(45)) -> - | E6: =IF(MIN(Class_0!E6,Class_1!E6,Class_2!E6)>0,CHAR(43),CHAR(45)) -> + | F6: =IF(MIN(Class_0!F6,Class_1!F6,Class_2!F6)>0,CHAR(43),CHAR(45)) -> + | G6: =IF(MIN(Class_0!G6,Class_1!G6,Class_2!G6)>0,CHAR(43),CHAR(45)) -> + | H6: =IF(MIN(Class_0!H6,Class_1!H6,Class_2!H6)>0,CHAR(43),CHAR(45)) -> + | I6: =IF(MIN(Class_0!I6,Class_1!I6,Class_2!I6)>0,CHAR(43),CHAR(45)) -> + | ... M6: =IF(MIN(Class_0!M6,Class_1!M6,Class_2!M6)>0,CHAR(43),CHAR(45)) -> -
A7: =Class_0!A7 -> layer4.0.conv3 | B7: =IF(MIN(Class_0!B7,Class_1!B7,Class_2!B7)>0,CHAR(43),CHAR(45)) -> - | C7: =IF(MIN(Class_0!C7,Class_1!C7,Class_2!C7)>0,CHAR(43),CHAR(45)) -> - | D7: =IF(MIN(Class_0!D7,Class_1!D7,Class_2!D7)>0,CHAR(43),CHAR(45)) -> - | E7: =IF(MIN(Class_0!E7,Class_1!E7,Class_2!E7)>0,CHAR(43),CHAR(45)) -> + | F7: =IF(MIN(Class_0!F7,Class_1!F7,Class_2!F7)>0,CHAR(43),CHAR(45)) -> + | G7: =IF(MIN(Class_0!G7,Class_1!G7,Class_2!G7)>0,CHAR(43),CHAR(45)) -> + | H7: =IF(MIN(Class_0!H7,Class_1!H7,Class_2!H7)>0,CHAR(43),CHAR(45)) -> + | I7: =IF(MIN(Class_0!I7,Class_1!I7,Class_2!I7)>0,CHAR(43),CHAR(45)) -> + | ... M7: =IF(MIN(Class_0!M7,Class_1!M7,Class_2!M7)>0,CHAR(43),CHAR(45)) -> -
A8: =Class_0!A8 -> layer4.1.conv1 | B8: =IF(MIN(Class_0!B8,Class_1!B8,Class_2!B8)>0,CHAR(43),CHAR(45)) -> - | C8: =IF(MIN(Class_0!C8,Class_1!C8,Class_2!C8)>0,CHAR(43),CHAR(45)) -> + | D8: =IF(MIN(Class_0!D8,Class_1!D8,Class_2!D8)>0,CHAR(43),CHAR(45)) -> - | E8: =IF(MIN(Class_0!E8,Class_1!E8,Class_2!E8)>0,CHAR(43),CHAR(45)) -> + | F8: =IF(MIN(Class_0!F8,Class_1!F8,Class_2!F8)>0,CHAR(43),CHAR(45)) -> + | G8: =IF(MIN(Class_0!G8,Class_1!G8,Class_2!G8)>0,CHAR(43),CHAR(45)) -> + | H8: =IF(MIN(Class_0!H8,Class_1!H8,Class_2!H8)>0,CHAR(43),CHAR(45)) -> + | I8: =IF(MIN(Class_0!I8,Class_1!I8,Class_2!I8)>0,CHAR(43),CHAR(45)) -> + | ... M8: =IF(MIN(Class_0!M8,Class_1!M8,Class_2!M8)>0,CHAR(43),CHAR(45)) -> -
A9: =Class_0!A9 -> layer4.1.conv2 | B9: =IF(MIN(Class_0!B9,Class_1!B9,Class_2!B9)>0,CHAR(43),CHAR(45)) -> - | C9: =IF(MIN(Class_0!C9,Class_1!C9,Class_2!C9)>0,CHAR(43),CHAR(45)) -> - | D9: =IF(MIN(Class_0!D9,Class_1!D9,Class_2!D9)>0,CHAR(43),CHAR(45)) -> - | E9: =IF(MIN(Class_0!E9,Class_1!E9,Class_2!E9)>0,CHAR(43),CHAR(45)) -> + | F9: =IF(MIN(Class_0!F9,Class_1!F9,Class_2!F9)>0,CHAR(43),CHAR(45)) -> + | G9: =IF(MIN(Class_0!G9,Class_1!G9,Class_2!G9)>0,CHAR(43),CHAR(45)) -> + | H9: =IF(MIN(Class_0!H9,Class_1!H9,Class_2!H9)>0,CHAR(43),CHAR(45)) -> + | I9: =IF(MIN(Class_0!I9,Class_1!I9,Class_2!I9)>0,CHAR(43),CHAR(45)) -> + | ... M9: =IF(MIN(Class_0!M9,Class_1!M9,Class_2!M9)>0,CHAR(43),CHAR(45)) -> +
A10: =Class_0!A10 -> layer4.1.conv3 | B10: =IF(MIN(Class_0!B10,Class_1!B10,Class_2!B10)>0,CHAR(43),CHAR(45)) -> - | C10: =IF(MIN(Class_0!C10,Class_1!C10,Class_2!C10)>0,CHAR(43),CHAR(45)) -> - | D10: =IF(MIN(Class_0!D10,Class_1!D10,Class_2!D10)>0,CHAR(43),CHAR(45)) -> - | E10: =IF(MIN(Class_0!E10,Class_1!E10,Class_2!E10)>0,CHAR(43),CHAR(45)) -> - | F10: =IF(MIN(Class_0!F10,Class_1!F10,Class_2!F10)>0,CHAR(43),CHAR(45)) -> + | G10: =IF(MIN(Class_0!G10,Class_1!G10,Class_2!G10)>0,CHAR(43),CHAR(45)) -> - | H10: =IF(MIN(Class_0!H10,Class_1!H10,Class_2!H10)>0,CHAR(43),CHAR(45)) -> + | I10: =IF(MIN(Class_0!I10,Class_1!I10,Class_2!I10)>0,CHAR(43),CHAR(45)) -> + | ... M10: =IF(MIN(Class_0!M10,Class_1!M10,Class_2!M10)>0,CHAR(43),CHAR(45)) -> -
A11: =Class_0!A11 -> layer4.2.conv1 | B11: =IF(MIN(Class_0!B11,Class_1!B11,Class_2!B11)>0,CHAR(43),CHAR(45)) -> - | C11: =IF(MIN(Class_0!C11,Class_1!C11,Class_2!C11)>0,CHAR(43),CHAR(45)) -> - | D11: =IF(MIN(Class_0!D11,Class_1!D11,Class_2!D11)>0,CHAR(43),CHAR(45)) -> - | E11: =IF(MIN(Class_0!E11,Class_1!E11,Class_2!E11)>0,CHAR(43),CHAR(45)) -> + | F11: =IF(MIN(Class_0!F11,Class_1!F11,Class_2!F11)>0,CHAR(43),CHAR(45)) -> + | G11: =IF(MIN(Class_0!G11,Class_1!G11,Class_2!G11)>0,CHAR(43),CHAR(45)) -> + | H11: =IF(MIN(Class_0!H11,Class_1!H11,Class_2!H11)>0,CHAR(43),CHAR(45)) -> + | I11: =IF(MIN(Class_0!I11,Class_1!I11,Class_2!I11)>0,CHAR(43),CHAR(45)) -> + | ... M11: =IF(MIN(Class_0!M11,Class_1!M11,Class_2!M11)>0,CHAR(43),CHAR(45)) -> -
A12: =Class_0!A12 -> layer4.2.conv2 | B12: =IF(MIN(Class_0!B12,Class_1!B12,Class_2!B12)>0,CHAR(43),CHAR(45)) -> - | C12: =IF(MIN(Class_0!C12,Class_1!C12,Class_2!C12)>0,CHAR(43),CHAR(45)) -> - | D12: =IF(MIN(Class_0!D12,Class_1!D12,Class_2!D12)>0,CHAR(43),CHAR(45)) -> - | E12: =IF(MIN(Class_0!E12,Class_1!E12,Class_2!E12)>0,CHAR(43),CHAR(45)) -> + | F12: =IF(MIN(Class_0!F12,Class_1!F12,Class_2!F12)>0,CHAR(43),CHAR(45)) -> + | G12: =IF(MIN(Class_0!G12,Class_1!G12,Class_2!G12)>0,CHAR(43),CHAR(45)) -> - | H12: =IF(MIN(Class_0!H12,Class_1!H12,Class_2!H12)>0,CHAR(43),CHAR(45)) -> + | I12: =IF(MIN(Class_0!I12,Class_1!I12,Class_2!I12)>0,CHAR(43),CHAR(45)) -> + | ... M12: =IF(MIN(Class_0!M12,Class_1!M12,Class_2!M12)>0,CHAR(43),CHAR(45)) -> +
A13: =Class_0!A13 -> layer4.2.conv3 | B13: =IF(MIN(Class_0!B13,Class_1!B13,Class_2!B13)>0,CHAR(43),CHAR(45)) -> - | C13: =IF(MIN(Class_0!C13,Class_1!C13,Class_2!C13)>0,CHAR(43),CHAR(45)) -> - | D13: =IF(MIN(Class_0!D13,Class_1!D13,Class_2!D13)>0,CHAR(43),CHAR(45)) -> - | E13: =IF(MIN(Class_0!E13,Class_1!E13,Class_2!E13)>0,CHAR(43),CHAR(45)) -> + | F13: =IF(MIN(Class_0!F13,Class_1!F13,Class_2!F13)>0,CHAR(43),CHAR(45)) -> - | G13: =IF(MIN(Class_0!G13,Class_1!G13,Class_2!G13)>0,CHAR(43),CHAR(45)) -> - | H13: =IF(MIN(Class_0!H13,Class_1!H13,Class_2!H13)>0,CHAR(43),CHAR(45)) -> - | I13: =IF(MIN(Class_0!I13,Class_1!I13,Class_2!I13)>0,CHAR(43),CHAR(45)) -> + | ... M13: =IF(MIN(Class_0!M13,Class_1!M13,Class_2!M13)>0,CHAR(43),CHAR(45)) -> +

Sheet Class_1
B1: layer1.0.conv1 | C1: layer1.0.conv2 | D1: layer1.0.conv3 | E1: layer4.0.conv1 | F1: layer4.0.conv2 | G1: layer4.0.conv3 | H1: layer4.1.conv1 | I1: layer4.1.conv2 | J1: layer4.1.conv3 | K1: layer4.2.conv1 | L1: layer4.2.conv2 | M1: layer4.2.conv3 | N1: sensitivityscore_After_layer4.2.conv3_0.5 | O1: sensitivityscore_After_layer4.2.conv3_0.6 | P1: sensitivityscore_After_layer4.2.conv3_0.7 | Q1: sensitivityscore_After_layer4.2.conv3_0.8
A2: layer1.0.conv1 | B2: 1 | C2: 0.65409983 | D2: 0.60172177 | E2: 0.28435186 | F2: 0.20870704 | G2: 0.15714323 | H2: -0.017553808 | I2: -0.13587211 | J2: 0.053563488 | K2: -0.031418958 | L2: 0.10361605 | M2: -0.047850816 | N2: 0.034777842 | O2: 0.090597504 | P2: 0.034467268 | Q2: 0.12725835
A3: layer1.0.conv2 | B3: 0.65409983 | C3: 1 | D3: 0.69291329 | E3: 0.30328383 | F3: -0.065474243 | G3: -0.11978269 | H3: 0.025463835 | I3: -0.064448674 | J3: 0.037990996 | K3: 0.12557111 | L3: 0.22664412 | M3: -0.13243363 | N3: 0.052628522 | O3: 0.14520938 | P3: 0.10100593 | Q3: 0.04127612
A4: layer1.0.conv3 | B4: 0.60172177 | C4: 0.69291329 | D4: 1 | E4: 0.34154801 | F4: 0.065469161 | G4: 0.033867595 | H4: -0.0036074618 | I4: -0.057133602 | J4: -0.15815665 | K4: 0.18654585 | L4: 0.23353191 | M4: 0.072657918 | N4: 0.073551877 | O4: 0.031956073 | P4: 0.049160635 | Q4: 0.13606784
A5: layer4.0.conv1 | B5: 0.28435186 | C5: 0.30328383 | D5: 0.34154801 | E5: 1 | F5: 0.33739786 | G5: 0.1882464 | H5: 0.31272773 | I5: 0.21536293 | J5: -0.18538027 | K5: 0.31753314 | L5: 0.24430562 | M5: 0.064662866 | N5: -0.0032137557 | O5: 0.15268358 | P5: 0.076312123 | Q5: 0.0796708
A6: layer4.0.conv2 | B6: 0.20870704 | C6: -0.065474243 | D6: 0.065469161 | E6: 0.33739786 | F6: 1 | G6: 0.54258403 | H6: 0.48034836 | I6: 0.18615199 | J6: 0.17195455 | K6: 0.13300336 | L6: 0.018220772 | M6: 0.22319522 | N6: 0.10019098 | O6: 0.23962924 | P6: 0.22430993 | Q6: 0.26555097
A7: layer4.0.conv3 | B7: 0.15714323 | C7: -0.11978269 | D7: 0.033867595 | E7: 0.1882464 | F7: 0.54258403 | G7: 1 | H7: 0.62486742 | I7: 0.32991419 | J7: -0.026463088 | K7: 0.11378552 | L7: 0.024737129 | M7: 0.26531082 | N7: 0.0096934025 | O7: 0.25664973 | P7: 0.1525619 | Q7: 0.27191321
A8: layer4.1.conv1 | B8: -0.017553808 | C8: 0.025463835 | D8: -0.0036074618 | E8: 0.31272773 | F8: 0.48034836 | G8: 0.62486742 | H8: 1 | I8: 0.7002539 | J8: 0.094236901 | K8: 0.31387585 | L8: 0.18690598 | M8: 0.24336261 | N8: 0.081028408 | O8: 0.3593277 | P8: 0.20891609 | Q8: 0.31939562
A9: layer4.1.conv2 | B9: -0.13587211 | C9: -0.064448674 | D9: -0.057133602 | E9: 0.21536293 | F9: 0.18615199 | G9: 0.32991419 | H9: 0.7002539 | I9: 1 | J9: 0.16577194 | K9: 0.10453401 | L9: 0.061898732 | M9: 0.21736681 | N9: 0.22389489 | O9: 0.27929559 | P9: 0.22310103 | Q9: 0.2705855
A10: layer4.1.conv3 | B10: 0.053563488 | C10: 0.037990996 | D10: -0.15815665 | E10: -0.18538027 | F10: 0.17195455 | G10: -0.026463088 | H10: 0.094236901 | I10: 0.16577194 | J10: 1 | K10: -0.041949148 | L10: -0.061980611 | M10: -0.12659093 | N10: 0.19732556 | O10: 0.1756299 | P10: 0.18335497 | Q10: 0.22527333
A11: layer4.2.conv1 | B11: -0.031418958 | C11: 0.12557111 | D11: 0.18654585 | E11: 0.31753314 | F11: 0.13300336 | G11: 0.11378552 | H11: 0.31387585 | I11: 0.10453401 | J11: -0.041949148 | K11: 1 | L11: 0.65373584 | M11: 0.2438013 | N11: -0.051343898 | O11: 0.016528945 | P11: -0.0069251718 | Q11: -0.056891401
A12: layer4.2.conv2 | B12: 0.10361605 | C12: 0.22664412 | D12: 0.23353191 | E12: 0.24430562 | F12: 0.018220772 | G12: 0.024737129 | H12: 0.18690598 | I12: 0.061898732 | J12: -0.061980611 | K12: 0.65373584 | L12: 1 | M12: 0.28367138 | N12: 0.0345752 | O12: -0.11538806 | P12: -0.019934772 | Q12: -0.077725196
A13: layer4.2.conv3 | B13: -0.047850816 | C13: -0.13243363 | D13: 0.072657918 | E13: 0.064662866 | F13: 0.22319522 | G13: 0.26531082 | H13: 0.24336261 | I13: 0.21736681 | J13: -0.12659093 | K13: 0.2438013 | L13: 0.28367138 | M13: 1 | N13: 0.12446745 | O13: -0.094157272 | P13: 0.12208373 | Q13: 0.20569659
... A17: sensitivityscore_After_layer4.2.conv3_0.8 | B17: 0.12725835 | C17: 0.04127612 | D17: 0.13606784 | E17: 0.0796708 | F17: 0.26555097 | G17: 0.27191321 | H17: 0.31939562 | I17: 0.2705855 | J17: 0.22527333 | K17: -0.056891401 | L17: -0.077725196 | M17: 0.20569659 | N17: 0.7006088 | O17: 0.69910307 | P17: 0.76425397 | Q17: 1

Sheet Class_2
B1: layer1.0.conv1 | C1: layer1.0.conv2 | D1: layer1.0.conv3 | E1: layer4.0.conv1 | F1: layer4.0.conv2 | G1: layer4.0.conv3 | H1: layer4.1.conv1 | I1: layer4.1.conv2 | J1: layer4.1.conv3 | K1: layer4.2.conv1 | L1: layer4.2.conv2 | M1: layer4.2.conv3 | N1: sensitivityscore_After_layer4.2.conv3_0.5 | O1: sensitivityscore_After_layer4.2.conv3_0.6 | P1: sensitivityscore_After_layer4.2.conv3_0.7 | Q1: sensitivityscore_After_layer4.2.conv3_0.8
A2: layer1.0.conv1 | B2: 1 | C2: 0.37247931 | D2: 0.34677256 | E2: 0.11608172 | F2: 0.23181846 | G2: 0.049097923 | H2: 0.0315004 | I2: -0.11861134 | J2: -0.14865126 | K2: -0.1431141 | L2: -0.073665896 | M2: -0.088097877 | N2: -0.052659157 | O2: -0.0051322925 | P2: -0.23009009 | Q2: -0.0896347
A3: layer1.0.conv2 | B3: 0.37247931 | C3: 1 | D3: 0.54541895 | E3: -0.12173601 | F3: -0.13083298 | G3: -0.14467516 | H3: 0.021143401 | I3: -0.10386045 | J3: -0.095985051 | K3: -0.071344868 | L3: -0.070029552 | M3: -0.052817635 | N3: -0.049738655 | O3: -0.02140643 | P3: -0.09002202 | Q3: -0.011782557
A4: layer1.0.conv3 | B4: 0.34677256 | C4: 0.54541895 | D4: 1 | E4: -0.27982001 | F4: -0.18048031 | G4: -0.30056331 | H4: -0.20534588 | I4: -0.21280108 | J4: -0.36503813 | K4: -0.32384566 | L4: -0.12352513 | M4: -0.068396739 | N4: 0.19318098 | O4: 0.27678364 | P4: 0.039687761 | Q4: 0.31436192
A5: layer4.0.conv1 | B5: 0.11608172 | C5: -0.12173601 | D5: -0.27982001 | E5: 1 | F5: 0.63426144 | G5: 0.43287311 | H5: 0.21919562 | I5: 0.2515209 | J5: 0.10344987 | K5: 0.14538702 | L5: 0.075821396 | M5: 0.05818588 | N5: 0.070803235 | O5: 0.050347748 | P5: 0.19090523 | Q5: -0.045580202
A6: layer4.0.conv2 | B6: 0.23181846 | C6: -0.13083298 | D6: -0.18048031 | E6: 0.63426144 | F6: 1 | G6: 0.55242634 | H6: 0.39359004 | I6: 0.3311936 | J6: 0.12527364 | K6: 0.23127504 | L6: 0.09882997 | M6: -0.16663383 | N6: -0.090893227 | O6: 0.067475957 | P6: 0.031261216 | Q6: 0.076487703
A7: layer4.0.conv3 | B7: 0.049097923 | C7: -0.14467516 | D7: -0.30056331 | E7: 0.43287311 | F7: 0.55242634 | G7: 1 | H7: 0.34499459 | I7: 0.35304784 | J7: 0.24391922 | K7: 0.29258168 | L7: 0.20394675 | M7: -0.21067017 | N7: -0.1135563 | O7: -0.086388454 | P7: 0.010850483 | Q7: 0.040943807
A8: layer4.1.conv1 | B8: 0.0315004 | C8: 0.021143401 | D8: -0.20534588 | E8: 0.21919562 | F8: 0.39359004 | G8: 0.34499459 | H8: 1 | I8: 0.62023801 | J8: 0.33049549 | K8: 0.59102709 | L8: 0.45477154 | M8: -0.015273816 | N8: -0.086687128 | O8: -0.033348884 | P8: -0.088506935 | Q8: 0.0011811346
A9: layer4.1.conv2 | B9: -0.11861134 | C9: -0.10386045 | D9: -0.21280108 | E9: 0.2515209 | F9: 0.3311936 | G9: 0.35304784 | H9: 0.62023801 | I9: 1 | J9: 0.22348586 | K9: 0.6695725 | L9: 0.40731948 | M9: 0.003130666 | N9: -0.080014795 | O9: 0.046090047 | P9: 0.0037336734 | Q9: -0.065165564
A10: layer4.1.conv3 | B10: -0.14865126 | C10: -0.095985051 | D10: -0.36503813 | E10: 0.10344987 | F10: 0.12527364 | G10: 0.24391922 | H10: 0.33049549 | I10: 0.22348586 | J10: 1 | K10: 0.43639539 | L10: 0.24269165 | M10: 0.18753196 | N10: -0.44891153 | O10: -0.46708584 | P10: -0.1878942 | Q10: -0.4972912
A11: layer4.2.conv1 | B11: -0.1431141 | C11: -0.071344868 | D11: -0.32384566 | E11: 0.14538702 | F11: 0.23127504 | G11: 0.29258168 | H11: 0.59102709 | I11: 0.6695725 | J11: 0.43639539 | K11: 1 | L11: 0.6322759 | M11: -0.011066409 | N11: -0.20126182 | O11: -0.054539617 | P11: -0.25280915 | Q11: -0.090168126
A12: layer4.2.conv2 | B12: -0.073665896 | C12: -0.070029552 | D12: -0.12352513 | E12: 0.075821396 | F12: 0.09882997 | G12: 0.20394675 | H12: 0.45477154 | I12: 0.40731948 | J12: 0.24269165 | K12: 0.6322759 | L12: 1 | M12: 0.3199069 | N12: 0.17057225 | O12: 0.033706397 | P12: 0.043188718 | Q12: 0.0202224
A13: layer4.2.conv3 | B13: -0.088097877 | C13: -0.052817635 | D13: -0.068396739 | E13: 0.05818588 | F13: -0.16663383 | G13: -0.21067017 | H13: -0.015273816 | I13: 0.003130666 | J13: 0.18753196 | K13: -0.011066409 | L13: 0.3199069 | M13: 1 | N13: 0.32087599 | O13: 0.013714279 | P13: 0.32568283 | Q13: -0.023042269
... A17: sensitivityscore_After_layer4.2.conv3_0.8 | B17: -0.0896347 | C17: -0.011782557 | D17: 0.31436192 | E17: -0.045580202 | F17: 0.076487703 | G17: 0.040943807 | H17: 0.0011811346 | I17: -0.065165564 | J17: -0.4972912 | K17: -0.090168126 | L17: 0.0202224 | M17: -0.023042269 | N17: 0.4862154 | O17: 0.67881743 | P17: 0.49161379 | Q17: 1
