Workbook

Sheet Sheet1
A1: Class | B1: =Class_0!B1 -> features.7 | C1: =Class_0!C1 -> features.19 | D1: =Class_0!D1 -> features.20 | E1: =Class_0!E1 -> features.21 | F1: =Class_0!F1 -> features.22 | G1: =Class_0!G1 -> features.23 | H1: =Class_0!H1 -> features.24 | I1: =Class_0!I1 -> features.25 | ... R1: =Class_0!R1 -> 0
A2: 0 | B2: =Class_0!B16 -> -0.030154315 | C2: =Class_0!C16 -> 0.013744014 | D2: =Class_0!D16 -> 0.15545882 | E2: =Class_0!E16 -> 0.39994333 | F2: =Class_0!F16 -> 0.45808888 | G2: =Class_0!G16 -> 0.22247951 | H2: =Class_0!H16 -> 0.31539702 | I2: =Class_0!I16 -> 0.45842892 | ... P2: =Class_0!P16 -> 1
A3: 1 | B3: =Class_1!B16 -> -0.0039815611 | C3: =Class_1!C16 -> 0.088919156 | D3: =Class_1!D16 -> 0.11635761 | E3: =Class_1!E16 -> 0.010584607 | F3: =Class_1!F16 -> 0.081117269 | G3: =Class_1!G16 -> 0.00094457646 | H3: =Class_1!H16 -> 0.023671922 | I3: =Class_1!I16 -> 0.097586145 | ... P3: =Class_1!P16 -> 1
A4: 2 | B4: =Class_2!B16 -> 0.15904643 | C4: =Class_2!C16 -> 0.33707179 | D4: =Class_2!D16 -> 0.20519917 | E4: =Class_2!E16 -> -0.03636584 | F4: =Class_2!F16 -> 0.07519888 | G4: =Class_2!G16 -> -0.20272299 | H4: =Class_2!H16 -> 0.2754079 | I4: =Class_2!I16 -> 0.34747817 | ... P4: =Class_2!P16 -> 1

Sheet Class_0
B1: features.7 | C1: features.19 | D1: features.20 | E1: features.21 | F1: features.22 | G1: features.23 | H1: features.24 | I1: features.25 | J1: features.26 | K1: features.27 | L1: features.28 | M1: sensitivityscore_After_features.28_0.5 | N1: sensitivityscore_After_features.28_0.6 | O1: sensitivityscore_After_features.28_0.7 | P1: sensitivityscore_After_features.28_0.8
A2: features.7 | B2: 1 | C2: -0.011225344 | D2: -0.042281231 | E2: -0.19595194 | F2: -0.12930285 | G2: -0.09258024 | H2: 0.10984575 | I2: 0.075449513 | J2: 0.030425291 | K2: -0.26348326 | L2: -0.053023472 | M2: -0.26287849 | N2: -0.068891762 | O2: -0.10020726 | P2: -0.030154315
A3: features.19 | B3: -0.011225344 | C3: 1 | D3: 0.68688385 | E3: 0.35010584 | F3: 0.25953036 | G3: 0.33906842 | H3: 0.47182576 | I3: 0.36285372 | J3: 0.31442895 | K3: 0.20063536 | L3: 0.15789112 | M3: -0.093761786 | N3: -0.045013005 | O3: 0.0031312346 | P3: 0.013744014
A4: features.20 | B4: -0.042281231 | C4: 0.68688385 | D4: 1 | E4: 0.34871649 | F4: 0.39597523 | G4: 0.35507397 | H4: 0.48737011 | I4: 0.33377501 | J4: 0.37743387 | K4: 0.36844648 | L4: 0.20954603 | M4: -0.053628788 | N4: -0.017299591 | O4: 0.049643956 | P4: 0.15545882
A5: features.21 | B5: -0.19595194 | C5: 0.35010584 | D5: 0.34871649 | E5: 1 | F5: 0.62759351 | G5: 0.57675284 | H5: 0.48869863 | I5: 0.47311772 | J5: 0.43496366 | K5: 0.65933931 | L5: 0.39576676 | M5: -0.10460597 | N5: 0.08958821 | O5: 0.26986526 | P5: 0.39994333
A6: features.22 | B6: -0.12930285 | C6: 0.25953036 | D6: 0.39597523 | E6: 0.62759351 | F6: 1 | G6: 0.63266982 | H6: 0.39743463 | I6: 0.49572127 | J6: 0.30214364 | K6: 0.44462847 | L6: 0.20951768 | M6: 0.10152798 | N6: 0.15159381 | O6: 0.16708646 | P6: 0.45808888
A7: features.23 | B7: -0.09258024 | C7: 0.33906842 | D7: 0.35507397 | E7: 0.57675284 | F7: 0.63266982 | G7: 1 | H7: 0.40257928 | I7: 0.49077435 | J7: 0.29282791 | K7: 0.43352843 | L7: 0.063493694 | M7: -0.068816509 | N7: -0.06988068 | O7: 0.0043332599 | P7: 0.22247951
A8: features.24 | B8: 0.10984575 | C8: 0.47182576 | D8: 0.48737011 | E8: 0.48869863 | F8: 0.39743463 | G8: 0.40257928 | H8: 1 | I8: 0.6859033 | J8: 0.59377789 | K8: 0.50699817 | L8: 0.54601558 | M8: -0.1242601 | N8: 0.16199452 | O8: -0.0091801101 | P8: 0.31539702
A9: features.25 | B9: 0.075449513 | C9: 0.36285372 | D9: 0.33377501 | E9: 0.47311772 | F9: 0.49572127 | G9: 0.49077435 | H9: 0.6859033 | I9: 1 | J9: 0.54315451 | K9: 0.39907116 | L9: 0.48445781 | M9: 0.073574995 | N9: 0.069333555 | O9: 0.16268088 | P9: 0.45842892
A10: features.26 | B10: 0.030425291 | C10: 0.31442895 | D10: 0.37743387 | E10: 0.43496366 | F10: 0.30214364 | G10: 0.29282791 | H10: 0.59377789 | I10: 0.54315451 | J10: 1 | K10: 0.75219181 | L10: 0.73771711 | M10: 0.11106855 | N10: 0.34040997 | O10: 0.33326574 | P10: 0.37371482
A11: features.27 | B11: -0.26348326 | C11: 0.20063536 | D11: 0.36844648 | E11: 0.65933931 | F11: 0.44462847 | G11: 0.43352843 | H11: 0.50699817 | I11: 0.39907116 | J11: 0.75219181 | K11: 1 | L11: 0.64407455 | M11: 0.12389907 | N11: 0.36342123 | O11: 0.36327809 | P11: 0.32267559
A12: features.28 | B12: -0.053023472 | C12: 0.15789112 | D12: 0.20954603 | E12: 0.39576676 | F12: 0.20951768 | G12: 0.063493694 | H12: 0.54601558 | I12: 0.48445781 | J12: 0.73771711 | K12: 0.64407455 | L12: 1 | M12: 0.018261788 | N12: 0.42101768 | O12: 0.25456081 | P12: 0.34454813
A13: sensitivityscore_After_features.28_0.5 | B13: -0.26287849 | C13: -0.093761786 | D13: -0.053628788 | E13: -0.10460597 | F13: 0.10152798 | G13: -0.068816509 | H13: -0.1242601 | I13: 0.073574995 | J13: 0.11106855 | K13: 0.12389907 | L13: 0.018261788 | M13: 1 | N13: 0.46130959 | O13: 0.39263888 | P13: 0.33141122
... A16: sensitivityscore_After_features.28_0.8 | B16: -0.030154315 | C16: 0.013744014 | D16: 0.15545882 | E16: 0.39994333 | F16: 0.45808888 | G16: 0.22247951 | H16: 0.31539702 | I16: 0.45842892 | J16: 0.37371482 | K16: 0.32267559 | L16: 0.34454813 | M16: 0.33141122 | N16: 0.50513919 | O16: 0.53666563 | P16: 1

Sheet Class_1
B1: features.7 | C1: features.19 | D1: features.20 | E1: features.21 | F1: features.22 | G1: features.23 | H1: features.24 | I1: features.25 | J1: features.26 | K1: features.27 | L1: features.28 | M1: sensitivityscore_After_features.28_0.5 | N1: sensitivityscore_After_features.28_0.6 | O1: sensitivityscore_After_features.28_0.7 | P1: sensitivityscore_After_features.28_0.8
A2: features.7 | B2: 1 | C2: 0.12287386 | D2: 0.051859053 | E2: -0.14990078 | F2: -0.065526401 | G2: -0.072904825 | H2: -0.20206456 | I2: -0.15682074 | J2: -0.29591972 | K2: -0.32532024 | L2: -0.3938545 | M2: 0.30948057 | N2: 0.21591487 | O2: 0.14841009 | P2: -0.0039815611
A3: features.19 | B3: 0.12287386 | C3: 1 | D3: 0.74731988 | E3: 0.6479293 | F3: 0.62317838 | G3: 0.58227166 | H3: 0.61280268 | I3: 0.52003661 | J3: 0.25664231 | K3: 0.35022547 | L3: 0.20361439 | M3: 0.1307867 | N3: 0.095263663 | O3: 0.26953106 | P3: 0.088919156
A4: features.20 | B4: 0.051859053 | C4: 0.74731988 | D4: 1 | E4: 0.67907231 | F4: 0.63513235 | G4: 0.69910984 | H4: 0.60286921 | I4: 0.54750652 | J4: 0.34888727 | K4: 0.45817478 | L4: 0.29066475 | M4: 0.079883443 | N4: 0.09041613 | O4: 0.27671528 | P4: 0.11635761
A5: features.21 | B5: -0.14990078 | C5: 0.6479293 | D5: 0.67907231 | E5: 1 | F5: 0.79043793 | G5: 0.82038756 | H5: 0.71449737 | I5: 0.68384042 | J5: 0.4918373 | K5: 0.54096276 | L5: 0.46340032 | M5: -0.051765465 | N5: 0.049017502 | O5: 0.38313914 | P5: 0.010584607
A6: features.22 | B6: -0.065526401 | C6: 0.62317838 | D6: 0.63513235 | E6: 0.79043793 | F6: 1 | G6: 0.82909483 | H6: 0.66401199 | I6: 0.69997217 | J6: 0.46789721 | K6: 0.46073905 | L6: 0.36800558 | M6: 0.1537693 | N6: 0.14109203 | O6: 0.34237875 | P6: 0.081117269
A7: features.23 | B7: -0.072904825 | C7: 0.58227166 | D7: 0.69910984 | E7: 0.82038756 | F7: 0.82909483 | G7: 1 | H7: 0.68505349 | I7: 0.66389717 | J7: 0.5579854 | K7: 0.5473047 | L7: 0.46731623 | M7: 0.0059929289 | N7: 0.044097634 | O7: 0.2462531 | P7: 0.00094457646
A8: features.24 | B8: -0.20206456 | C8: 0.61280268 | D8: 0.60286921 | E8: 0.71449737 | F8: 0.66401199 | G8: 0.68505349 | H8: 1 | I8: 0.83231287 | J8: 0.59846112 | K8: 0.72553479 | L8: 0.60204317 | M8: -0.16620009 | N8: -0.10619339 | O8: 0.22297513 | P8: 0.023671922
A9: features.25 | B9: -0.15682074 | C9: 0.52003661 | D9: 0.54750652 | E9: 0.68384042 | F9: 0.69997217 | G9: 0.66389717 | H9: 0.83231287 | I9: 1 | J9: 0.60688331 | K9: 0.57846989 | L9: 0.59370702 | M9: -0.046642092 | N9: 0.0092865498 | O9: 0.23504901 | P9: 0.097586145
A10: features.26 | B10: -0.29591972 | C10: 0.25664231 | D10: 0.34888727 | E10: 0.4918373 | F10: 0.46789721 | G10: 0.5579854 | H10: 0.59846112 | I10: 0.60688331 | J10: 1 | K10: 0.83350173 | L10: 0.74517094 | M10: -0.11822941 | N10: -0.012823777 | O10: 0.1481278 | P10: 0.27080631
A11: features.27 | B11: -0.32532024 | C11: 0.35022547 | D11: 0.45817478 | E11: 0.54096276 | F11: 0.46073905 | G11: 0.5473047 | H11: 0.72553479 | I11: 0.57846989 | J11: 0.83350173 | K11: 1 | L11: 0.67937593 | M11: -0.14631122 | N11: 0.0037136975 | O11: 0.12041449 | P11: 0.2774015
A12: features.28 | B12: -0.3938545 | C12: 0.20361439 | D12: 0.29066475 | E12: 0.46340032 | F12: 0.36800558 | G12: 0.46731623 | H12: 0.60204317 | I12: 0.59370702 | J12: 0.74517094 | K12: 0.67937593 | L12: 1 | M12: -0.4036798 | N12: -0.079670602 | O12: 0.11011501 | P12: 0.020927201
A13: sensitivityscore_After_features.28_0.5 | B13: 0.30948057 | C13: 0.1307867 | D13: 0.079883443 | E13: -0.051765465 | F13: 0.1537693 | G13: 0.0059929289 | H13: -0.16620009 | I13: -0.046642092 | J13: -0.11822941 | K13: -0.14631122 | L13: -0.4036798 | M13: 1 | N13: 0.59997471 | O13: 0.32993827 | P13: 0.33161401
... A16: sensitivityscore_After_features.28_0.8 | B16: -0.0039815611 | C16: 0.088919156 | D16: 0.11635761 | E16: 0.010584607 | F16: 0.081117269 | G16: 0.00094457646 | H16: 0.023671922 | I16: 0.097586145 | J16: 0.27080631 | K16: 0.2774015 | L16: 0.020927201 | M16: 0.33161401 | N16: 0.51013804 | O16: 0.49927376 | P16: 1

Sheet Class_2
B1: features.7 | C1: features.19 | D1: features.20 | E1: features.21 | F1: features.22 | G1: features.23 | H1: features.24 | I1: features.25 | J1: features.26 | K1: features.27 | L1: features.28 | M1: sensitivityscore_After_features.28_0.5 | N1: sensitivityscore_After_features.28_0.6 | O1: sensitivityscore_After_features.28_0.7 | P1: sensitivityscore_After_features.28_0.8
A2: features.7 | B2: 1 | C2: 0.12008104 | D2: 0.073517813 | E2: 0.18956398 | F2: 0.10536266 | G2: 0.062824177 | H2: 0.10997403 | I2: 0.11471696 | J2: 0.14343224 | K2: 0.19939662 | L2: 0.24215318 | M2: 0.29557237 | N2: 0.011037456 | O2: 0.12687613 | P2: 0.15904643
A3: features.19 | B3: 0.12008104 | C3: 1 | D3: 0.57899081 | E3: 0.3408128 | F3: 0.44409597 | G3: 0.2628452 | H3: 0.16552605 | I3: 0.28829338 | J3: -0.11105476 | K3: 0.0095140114 | L3: -0.097688473 | M3: 0.12585652 | N3: 0.031685404 | O3: 0.090990885 | P3: 0.33707179
A4: features.20 | B4: 0.073517813 | C4: 0.57899081 | D4: 1 | E4: 0.32816285 | F4: 0.40444018 | G4: 0.4584063 | H4: 0.22163253 | I4: 0.32592573 | J4: 0.28536781 | K4: 0.35870899 | L4: 0.13540014 | M4: 0.056234814 | N4: 0.11033834 | O4: -0.0050929399 | P4: 0.20519917
A5: features.21 | B5: 0.18956398 | C5: 0.3408128 | D5: 0.32816285 | E5: 1 | F5: 0.48419008 | G5: 0.61936144 | H5: 0.41000832 | I5: 0.27083023 | J5: 0.10371753 | K5: 0.18547271 | L5: 0.12477938 | M5: 0.038282509 | N5: -0.10447685 | O5: -0.11282121 | P5: -0.03636584
A6: features.22 | B6: 0.10536266 | C6: 0.44409597 | D6: 0.40444018 | E6: 0.48419008 | F6: 1 | G6: 0.44774558 | H6: 0.37542116 | I6: 0.33934541 | J6: 0.25771724 | K6: 0.32133123 | L6: 0.23596839 | M6: 0.17949683 | N6: -0.048966484 | O6: 0.026875591 | P6: 0.07519888
A7: features.23 | B7: 0.062824177 | C7: 0.2628452 | D7: 0.4584063 | E7: 0.61936144 | F7: 0.44774558 | G7: 1 | H7: 0.19186678 | I7: -0.063644105 | J7: 0.16583522 | K7: 0.22173019 | L7: -0.039152087 | M7: -0.19912714 | N7: -0.19699759 | O7: -0.20636908 | P7: -0.20272299
A8: features.24 | B8: 0.10997403 | C8: 0.16552605 | D8: 0.22163253 | E8: 0.41000832 | F8: 0.37542116 | G8: 0.19186678 | H8: 1 | I8: 0.77504336 | J8: 0.43467272 | K8: 0.43019352 | L8: 0.62969787 | M8: 0.22073726 | N8: 0.24471358 | O8: 0.32834677 | P8: 0.2754079
A9: features.25 | B9: 0.11471696 | C9: 0.28829338 | D9: 0.32592573 | E9: 0.27083023 | F9: 0.33934541 | G9: -0.063644105 | H9: 0.77504336 | I9: 1 | J9: 0.37378647 | K9: 0.37898606 | L9: 0.45136154 | M9: 0.33522128 | N9: 0.3564115 | O9: 0.39025955 | P9: 0.34747817
A10: features.26 | B10: 0.14343224 | C10: -0.11105476 | D10: 0.28536781 | E10: 0.10371753 | F10: 0.25771724 | G10: 0.16583522 | H10: 0.43467272 | I10: 0.37378647 | J10: 1 | K10: 0.83712823 | L10: 0.59715108 | M10: 0.1501746 | N10: 0.36515594 | O10: 0.069142926 | P10: 0.050072543
A11: features.27 | B11: 0.19939662 | C11: 0.0095140114 | D11: 0.35870899 | E11: 0.18547271 | F11: 0.32133123 | G11: 0.22173019 | H11: 0.43019352 | I11: 0.37898606 | J11: 0.83712823 | K11: 1 | L11: 0.58832816 | M11: 0.14306515 | N11: 0.34518046 | O11: 0.15030336 | P11: 0.16459982
A12: features.28 | B12: 0.24215318 | C12: -0.097688473 | D12: 0.13540014 | E12: 0.12477938 | F12: 0.23596839 | G12: -0.039152087 | H12: 0.62969787 | I12: 0.45136154 | J12: 0.59715108 | K12: 0.58832816 | L12: 1 | M12: 0.25001467 | N12: 0.36144536 | O12: 0.28520919 | P12: 0.28676257
A13: sensitivityscore_After_features.28_0.5 | B13: 0.29557237 | C13: 0.12585652 | D13: 0.056234814 | E13: 0.038282509 | F13: 0.17949683 | G13: -0.19912714 | H13: 0.22073726 | I13: 0.33522128 | J13: 0.1501746 | K13: 0.14306515 | L13: 0.25001467 | M13: 1 | N13: 0.61865472 | O13: 0.54470506 | P13: 0.44520923
... A16: sensitivityscore_After_features.28_0.8 | B16: 0.15904643 | C16: 0.33707179 | D16: 0.20519917 | E16: -0.03636584 | F16: 0.07519888 | G16: -0.20272299 | H16: 0.2754079 | I16: 0.34747817 | J16: 0.050072543 | K16: 0.16459982 | L16: 0.28676257 | M16: 0.44520923 | N16: 0.48017728 | O16: 0.60628589 | P16: 1
